candidate_id,ministry_code,field_name,sector_name,program_code,fiscal_year,account_type,performance_program_name,priority_tier,priority_reason,account_original_budget,performance_gap,execution_management,budget_performance_mismatch,fiscal_impact,rank_equal,rank_performance_focus,rank_execution_focus,rank_fiscal_impact_adjusted,mean_scenario_rank,scenario_rank_std,best_scenario_rank,worst_scenario_rank,scenario_rank_range,rank_within_ministry_equal,rank_within_ministry_performance_focus,rank_within_ministry_execution_focus,rank_within_ministry_fiscal_impact_adjusted,mean_scenario_rank_within_ministry,scenario_rank_std_within_ministry,best_scenario_rank_within_ministry,worst_scenario_rank_within_ministry,scenario_rank_range_within_ministry,top_5_scenario_count,all_scenario_top_5,top_5_scenario_count_within_ministry,all_scenario_top_5_within_ministry,top_10_scenario_count,all_scenario_top_10,top_10_scenario_count_within_ministry,all_scenario_top_10_within_ministry,exploratory_consensus_order
019:2023:사회복지:고용:1100:FUND,019,사회복지,고용,1100,2023,FUND,직업능력개발,MULTIPLE_SIGNAL_REVIEW,PERFORMANCE_BELOW_TARGET;EXECUTION_MANAGEMENT;ACCOUNTING_ADJUSTMENT_CONTEXT,1894749000000,1.0,0.5,0.0,0.8695652173913043,1.0,4.0,10.0,1.0,4.0,3.6742346141747673,1.0,10.0,9.0,2.0,2.0,5.0,4.0,3.25,1.299038105676658,2.0,5.0,3.0,3,False,4,True,4,True,4,True,1
019:2024:사회복지:고용:1100:FUND,019,사회복지,고용,1100,2024,FUND,직업능력개발,MULTIPLE_SIGNAL_REVIEW,PERFORMANCE_BELOW_TARGET;EXECUTION_MANAGEMENT;ACCOUNTING_ADJUSTMENT_CONTEXT,1628382000000,1.0,0.5,0.0,0.8613138686131386,2.0,5.0,11.0,2.0,5.0,3.6742346141747673,2.0,11.0,9.0,1.0,1.0,4.0,1.0,1.75,1.299038105676658,1.0,4.0,3.0,3,False,4,True,3,False,4,True,2
075:2023:보건:보건의료:4000:RESPONSIBLE_OPERATION_ACCOUNT,075,보건,보건의료,4000,2023,RESPONSIBLE_OPERATION_ACCOUNT,국립춘천병원,MULTIPLE_SIGNAL_REVIEW,PERFORMANCE_BELOW_TARGET;EXECUTION_MANAGEMENT;BUDGET_PERFORMANCE_MISMATCH,5694000000,1.0,1.0,0.21742184755883387,0.08695652173913043,4.0,1.0,1.0,29.0,8.75,11.755317945508747,1.0,29.0,28.0,1.0,1.0,1.0,8.0,2.75,3.031088913245535,1.0,8.0,7.0,3,False,3,False,3,False,4,True,3
019:2023:사회복지:고용:1000:FUND,019,사회복지,고용,1000,2023,FUND,고용창출,MULTIPLE_SIGNAL_REVIEW,PERFORMANCE_BELOW_TARGET;EXECUTION_MANAGEMENT;BUDGET_PERFORMANCE_MISMATCH;ACCOUNTING_ADJUSTMENT_CONTEXT,913800000000,0.25,1.0,0.30732353906762966,0.7971014492753623,3.0,42.0,4.0,4.0,13.25,16.60383991732033,3.0,42.0,39.0,4.0,10.0,1.0,6.0,5.25,3.2691742076555053,1.0,10.0,9.0,3,False,2,False,3,False,4,True,4
019:2023:사회복지:고용:1200:GENERAL_ACCOUNT,019,사회복지,고용,1200,2023,GENERAL_ACCOUNT,고용안전망확충,MULTIPLE_SIGNAL_REVIEW,PERFORMANCE_BELOW_TARGET;EXECUTION_MANAGEMENT;BUDGET_PERFORMANCE_MISMATCH;PROGRAM_STRUCTURE_CONTEXT,2342583000000,0.3333333333333333,1.0,0.0017029634951390552,0.9130434782608695,5.0,44.0,5.0,3.0,14.25,17.195566289017645,3.0,44.0,41.0,3.0,9.0,2.0,2.0,4.0,2.9154759474226504,2.0,9.0,7.0,3,False,3,False,3,False,4,True,5
075:2024:보건:보건의료:4100:RESPONSIBLE_OPERATION_ACCOUNT,075,보건,보건의료,4100,2024,RESPONSIBLE_OPERATION_ACCOUNT,국립공주병원,MULTIPLE_SIGNAL_REVIEW,PERFORMANCE_BELOW_TARGET;EXECUTION_MANAGEMENT;PROGRAM_STRUCTURE_CONTEXT,5855000000,1.0,1.0,0.0,0.08759124087591241,6.0,2.0,2.0,47.0,14.25,18.978606376654742,2.0,47.0,45.0,3.0,3.0,3.0,18.0,6.75,6.49519052838329,3.0,18.0,15.0,2,False,3,False,3,False,3,False,6
075:2023:사회복지:기초생활보장:1100:GENERAL_ACCOUNT,075,사회복지,기초생활보장,1100,2023,GENERAL_ACCOUNT,기초생활보장,MULTIPLE_SIGNAL_REVIEW,PERFORMANCE_BELOW_TARGET;EXECUTION_MANAGEMENT;BUDGET_PERFORMANCE_MISMATCH,16405912000000,1.0,1.2190727342679882e-07,0.013875851583258523,0.9855072463768116,9.0,11.0,35.0,6.0,15.25,11.54068888758379,6.0,35.0,29.0,4.0,8.0,21.0,1.0,8.5,7.632168761236874,1.0,21.0,20.0,0,False,2,False,2,False,3,False,7
102:2022:산업·중소기업및에너지:중소기업및소상공인육성:4100:FUND,102,산업·중소기업및에너지,중소기업및소상공인육성,4100,2022,FUND,소상공인·전통시장지원,MODERATE_OR_CONTEXT_REVIEW,PERFORMANCE_BELOW_TARGET;PROGRAM_STRUCTURE_CONTEXT,47119751000000,1.0,0.0,0.0,1.0,8.0,12.0,36.0,5.0,15.25,12.234684303242156,5.0,36.0,31.0,1.5,1.5,1.5,1.5,1.5,0.0,1.5,1.5,0.0,1,False,4,True,2,False,4,True,8
075:2022:보건:보건의료:4000:RESPONSIBLE_OPERATION_ACCOUNT,075,보건,보건의료,4000,2022,RESPONSIBLE_OPERATION_ACCOUNT,국립춘천병원,MULTIPLE_SIGNAL_REVIEW,PERFORMANCE_BELOW_TARGET;EXECUTION_MANAGEMENT;PROGRAM_STRUCTURE_CONTEXT,5324000000,1.0,1.0,0.0,0.0703125,7.0,3.0,3.0,50.0,15.75,19.84155991851447,3.0,50.0,47.0,2.0,2.0,2.0,17.0,5.75,6.49519052838329,2.0,17.0,15.0,2,False,3,False,3,False,3,False,9
019:2022:사회복지:고용:1200:FUND,019,사회복지,고용,1200,2022,FUND,고용안전망확충,MODERATE_OR_CONTEXT_REVIEW,PERFORMANCE_BELOW_TARGET;PROGRAM_STRUCTURE_CONTEXT,11775073000000,1.0,0.0,0.0,0.96875,10.0,13.0,38.0,7.0,17.0,12.30853362509117,7.0,38.0,31.0,5.0,3.0,11.0,3.0,5.5,3.278719262151,3.0,11.0,8.0,0,False,3,False,2,False,3,False,10
102:2023:산업·중소기업및에너지:중소기업및소상공인육성:4100:FUND,102,산업·중소기업및에너지,중소기업및소상공인육성,4100,2023,FUND,소상공인·전통시장지원,MODERATE_OR_CONTEXT_REVIEW,PERFORMANCE_BELOW_TARGET;PROGRAM_STRUCTURE_CONTEXT,3895274000000,1.0,0.0,0.0,0.9420289855072463,11.0,14.0,40.0,8.0,18.25,12.735285626950029,8.0,40.0,32.0,1.5,1.5,1.5,1.5,1.5,0.0,1.5,1.5,0.0,0,False,4,True,1,False,4,True,11
102:2024:산업·중소기업및에너지:창업및벤처:5100:FUND,102,산업·중소기업및에너지,창업및벤처,5100,2024,FUND,창업환경조성,MODERATE_OR_CONTEXT_REVIEW,PERFORMANCE_BELOW_TARGET,2728640000000,1.0,0.0,0.0,0.927007299270073,12.0,15.0,42.0,9.0,19.5,13.162446581088183,9.0,42.0,33.0,3.0,3.0,3.0,3.0,3.0,0.0,3.0,3.0,0.0,0,False,4,True,1,False,4,True,12
075:2023:사회복지:아동·보육:2500:GENERAL_ACCOUNT,075,사회복지,아동·보육,2500,2023,GENERAL_ACCOUNT,저출산대응및인구정책지원,MULTIPLE_SIGNAL_REVIEW,PERFORMANCE_BELOW_TARGET;EXECUTION_MANAGEMENT;PROGRAM_STRUCTURE_CONTEXT,2625301000000,1.0,0.0010497843866284285,0.0,0.9202898550724637,13.0,16.0,43.0,10.0,20.5,13.162446581088183,10.0,43.0,33.0,5.0,10.0,22.0,2.0,9.75,7.628073151196179,2.0,22.0,20.0,0,False,2,False,1,False,3,False,13
102:2023:산업·중소기업및에너지:중소기업및소상공인육성:2100:GENERAL_ACCOUNT,102,산업·중소기업및에너지,중소기업및소상공인육성,2100,2023,GENERAL_ACCOUNT,중소기업기술개발지원,MULTIPLE_SIGNAL_REVIEW,PERFORMANCE_BELOW_TARGET;BUDGET_PERFORMANCE_MISMATCH,1481056000000,1.0,0.0,0.0038708867186656006,0.855072463768116,16.0,18.0,44.0,12.0,22.5,12.599603168354152,12.0,44.0,32.0,4.0,4.0,5.0,4.0,4.25,0.4330127018922194,4.0,5.0,1.0,0,False,4,True,0,False,4,True,14
162:2023:과학기술:과학기술연구지원:1600:GENERAL_ACCOUNT,162,과학기술,과학기술연구지원,1600,2023,GENERAL_ACCOUNT,과학기술기반조성,MULTIPLE_SIGNAL_REVIEW,PERFORMANCE_BELOW_TARGET;EXECUTION_MANAGEMENT;PROGRAM_STRUCTURE_CONTEXT,63956000000,0.5,1.0,0.0,0.42028985507246375,14.0,41.0,6.0,33.0,23.5,14.080127840328723,6.0,41.0,35.0,1.0,3.0,1.0,3.0,2.0,1.0,1.0,3.0,2.0,0,False,4,True,1,False,4,True,15
019:2024:사회복지:고용:1100:SPECIAL_ACCOUNT,019,사회복지,고용,1100,2024,SPECIAL_ACCOUNT,직업능력개발,MULTIPLE_SIGNAL_REVIEW,PERFORMANCE_BELOW_TARGET;EXECUTION_MANAGEMENT,411057000000,1.0,0.04922188406960592,0.0,0.7518248175182481,20.0,19.0,37.0,19.0,23.75,7.660776723022281,19.0,37.0,18.0,10.0,6.0,13.0,14.0,10.75,3.1124748994971836,6.0,14.0,8.0,0,False,0,False,0,False,2,False,16
102:2022:산업·중소기업및에너지:중소기업및소상공인육성:2100:GENERAL_ACCOUNT,102,산업·중소기업및에너지,중소기업및소상공인육성,2100,2022,GENERAL_ACCOUNT,중소기업기술개발지원,MODERATE_OR_CONTEXT_REVIEW,PERFORMANCE_BELOW_TARGET,1598924000000,1.0,0.0,0.0,0.8359375,17.0,20.0,46.0,13.0,24.0,12.942179105544785,13.0,46.0,33.0,5.0,5.0,6.0,5.0,5.25,0.4330127018922194,5.0,6.0,1.0,0,False,3,False,0,False,4,True,17
019:2024:사회복지:고용:1100:GENERAL_ACCOUNT,019,사회복지,고용,1100,2024,GENERAL_ACCOUNT,직업능력개발,MULTIPLE_SIGNAL_REVIEW,PERFORMANCE_BELOW_TARGET;EXECUTION_MANAGEMENT,932436000000,1.0,0.00986341153709209,0.0,0.8102189781021898,19.0,21.0,45.0,16.0,25.25,11.54068888758379,16.0,45.0,29.0,9.0,5.0,15.0,11.0,10.0,3.6055512754639896,5.0,15.0,10.0,0,False,1,False,0,False,2,False,18
019:2023:사회복지:고용:1100:GENERAL_ACCOUNT,019,사회복지,고용,1100,2023,GENERAL_ACCOUNT,직업능력개발,MODERATE_OR_CONTEXT_REVIEW,PERFORMANCE_BELOW_TARGET,1123902000000,1.0,0.0,0.0,0.8260869565217391,18.0,22.0,48.0,15.0,25.75,13.083864108129525,15.0,48.0,33.0,8.0,4.0,14.0,10.0,9.0,3.6055512754639896,4.0,14.0,10.0,0,False,1,False,0,False,3,False,19
075:2022:보건:보건의료:3000:GENERAL_ACCOUNT,075,보건,보건의료,3000,2022,GENERAL_ACCOUNT,보건산업육성,MULTIPLE_SIGNAL_REVIEW,PERFORMANCE_BELOW_TARGET;EXECUTION_MANAGEMENT,872066500000,0.5,0.5,0.0,0.78125,23.0,45.0,23.0,18.0,27.25,10.449282272003183,18.0,45.0,27.0,7.0,20.0,15.0,4.0,11.5,6.34428877022476,4.0,20.0,16.0,0,False,1,False,0,False,2,False,20
019:2023:사회복지:고용:1000:GENERAL_ACCOUNT,019,사회복지,고용,1000,2023,GENERAL_ACCOUNT,고용창출,MULTIPLE_SIGNAL_REVIEW,PERFORMANCE_BELOW_TARGET;EXECUTION_MANAGEMENT;BUDGET_PERFORMANCE_MISMATCH,1952025000000,0.25,0.5,0.16705882352941176,0.8768115942028986,21.0,53.0,24.0,14.0,28.0,14.882876066137216,14.0,53.0,39.0,7.0,12.0,6.0,7.0,8.0,2.345207879911715,6.0,12.0,6.0,0,False,0,False,0,False,3,False,21
102:2024:산업·중소기업및에너지:창업및벤처:5100:GENERAL_ACCOUNT,102,산업·중소기업및에너지,창업및벤처,5100,2024,GENERAL_ACCOUNT,창업환경조성,MODERATE_OR_CONTEXT_REVIEW,PERFORMANCE_BELOW_TARGET,706371000000,1.0,0.0,0.0,0.7883211678832117,22.0,23.0,51.0,17.0,28.25,13.329947486768281,17.0,51.0,34.0,6.0,7.0,8.0,6.0,6.75,0.82915619758885,6.0,8.0,2.0,0,False,0,False,0,False,4,True,22
019:2022:사회복지:고용:1000:FUND,019,사회복지,고용,1000,2022,FUND,고용창출,STRONG_SINGLE_SIGNAL_REVIEW,EXECUTION_MANAGEMENT,2891133000000,0.0,1.0,0.0,0.9140625,15.0,80.0,8.0,11.0,28.5,29.837057495671388,8.0,80.0,72.0,6.0,13.0,3.0,5.0,6.75,3.766629793329841,3.0,13.0,10.0,0,False,2,False,1,False,3,False,23
075:2024:보건:보건의료:3300:FUND,075,보건,보건의료,3300,2024,FUND,국민건강생활실천,MODERATE_OR_CONTEXT_REVIEW,PERFORMANCE_BELOW_TARGET,362739000000,1.0,0.0,0.0,0.7445255474452555,24.0,25.0,53.0,21.0,30.75,12.93010054098575,21.0,53.0,32.0,6.0,11.0,25.0,3.0,11.25,8.437268515343103,3.0,25.0,22.0,0,False,1,False,0,False,2,False,24
102:2023:산업·중소기업및에너지:중소기업및소상공인육성:2100:SPECIAL_ACCOUNT,102,산업·중소기업및에너지,중소기업및소상공인육성,2100,2023,SPECIAL_ACCOUNT,중소기업기술개발지원,MULTIPLE_SIGNAL_REVIEW,PERFORMANCE_BELOW_TARGET;BUDGET_PERFORMANCE_MISMATCH,271720000000,1.0,0.0,0.05712866185779479,0.6739130434782609,25.0,24.0,52.0,27.0,32.0,11.597413504743203,24.0,52.0,28.0,7.0,6.0,7.0,7.0,6.75,0.43301270189221924,6.0,7.0,1.0,0,False,0,False,0,False,4,True,25
075:2023:보건:보건의료:3300:FUND,075,보건,보건의료,3300,2023,FUND,국민건강생활실천,MODERATE_OR_CONTEXT_REVIEW,PERFORMANCE_BELOW_TARGET,385630000000,1.0,0.0,0.0,0.717391304347826,26.0,27.0,54.0,23.0,32.5,12.5,23.0,54.0,31.0,10.0,12.0,30.0,9.0,15.25,8.584142356694699,9.0,30.0,21.0,0,False,0,False,0,False,2,False,26
162:2024:과학기술:과학기술인력및문화:2200:RESPONSIBLE_OPERATION_ACCOUNT,162,과학기술,과학기술인력및문화,2200,2024,RESPONSIBLE_OPERATION_ACCOUNT,국립중앙과학관운영,MULTIPLE_SIGNAL_REVIEW,PERFORMANCE_BELOW_TARGET;EXECUTION_MANAGEMENT,11925000000,1.0,0.5,0.0,0.1678832116788321,30.0,6.0,18.0,77.0,32.75,26.920020430898635,6.0,77.0,71.0,3.0,1.0,3.0,19.0,6.5,7.262919523166975,1.0,19.0,18.0,0,False,3,False,1,False,3,False,27
075:2024:보건:보건의료:3300:GENERAL_ACCOUNT,075,보건,보건의료,3300,2024,GENERAL_ACCOUNT,국민건강생활실천,MULTIPLE_SIGNAL_REVIEW,PERFORMANCE_BELOW_TARGET;EXECUTION_MANAGEMENT;ACCOUNTING_ADJUSTMENT_CONTEXT,231439000000,1.0,0.025533725949386233,0.0,0.6642335766423357,28.0,28.0,50.0,31.0,34.25,9.175374651751284,28.0,50.0,22.0,11.0,13.0,26.0,12.0,15.5,6.103277807866851,11.0,26.0,15.0,0,False,0,False,0,False,0,False,28
075:2023:보건:보건의료:3300:GENERAL_ACCOUNT,075,보건,보건의료,3300,2023,GENERAL_ACCOUNT,국민건강생활실천,MULTIPLE_SIGNAL_REVIEW,PERFORMANCE_BELOW_TARGET;EXECUTION_MANAGEMENT;ACCOUNTING_ADJUSTMENT_CONTEXT,172081000000,1.0,0.07345378048709619,0.0,0.5869565217391305,32.0,26.0,39.0,42.0,34.75,6.219927652312363,26.0,42.0,16.0,17.0,14.0,23.0,19.0,18.25,3.2691742076555053,14.0,23.0,9.0,0,False,0,False,0,False,0,False,29
075:2024:보건:보건의료:4500:GENERAL_ACCOUNT,075,보건,보건의료,4500,2024,GENERAL_ACCOUNT,소록도병원,MULTIPLE_SIGNAL_REVIEW,PERFORMANCE_BELOW_TARGET;EXECUTION_MANAGEMENT,9529000000,1.0,0.5,0.0,0.1386861313868613,34.0,7.0,19.0,82.0,35.5,28.5,7.0,82.0,75.0,8.0,4.0,11.0,24.0,11.75,7.495832175282475,4.0,24.0,20.0,0,False,1,False,1,False,2,False,30
102:2022:산업·중소기업및에너지:중소기업및소상공인육성:2100:SPECIAL_ACCOUNT,102,산업·중소기업및에너지,중소기업및소상공인육성,2100,2022,SPECIAL_ACCOUNT,중소기업기술개발지원,MODERATE_OR_CONTEXT_REVIEW,PERFORMANCE_BELOW_TARGET,301194800000,1.0,0.0,0.0,0.671875,29.0,29.0,56.0,32.0,36.5,11.324751652906125,29.0,56.0,27.0,8.0,8.0,9.0,8.0,8.25,0.4330127018922192,8.0,9.0,1.0,0,False,0,False,0,False,4,True,31
162:2022:통신:우정:5300:SPECIAL_ACCOUNT,162,통신,우정,5300,2022,SPECIAL_ACCOUNT,우체국보험,MODERATE_OR_CONTEXT_REVIEW,PERFORMANCE_BELOW_TARGET,295339000000,1.0,0.0,0.0,0.6640625,31.0,30.0,57.0,34.0,38.0,11.067971810589327,30.0,57.0,27.0,2.0,2.0,6.0,1.0,2.75,1.920286436967152,1.0,6.0,5.0,0,False,3,False,0,False,4,True,32
075:2023:사회복지:아동·보육:1300:GENERAL_ACCOUNT,075,사회복지,아동·보육,1300,2023,GENERAL_ACCOUNT,아동보호 및 복지 강화,MODERATE_OR_CONTEXT_REVIEW,PERFORMANCE_BELOW_TARGET,237208000000,1.0,0.0,0.0,0.6521739130434783,33.0,31.0,58.5,36.0,39.625,11.041823898251593,31.0,58.5,27.5,15.0,15.0,31.0,13.0,18.5,7.262919523166975,13.0,31.0,18.0,0,False,0,False,0,False,0,False,33
075:2023:보건:보건의료:4100:RESPONSIBLE_OPERATION_ACCOUNT,075,보건,보건의료,4100,2023,RESPONSIBLE_OPERATION_ACCOUNT,국립공주병원,MULTIPLE_SIGNAL_REVIEW,PERFORMANCE_BELOW_TARGET;EXECUTION_MANAGEMENT;PROGRAM_STRUCTURE_CONTEXT,5872000000,1.0,0.5,0.0,0.09420289855072464,37.0,8.0,20.0,95.0,40.0,33.384127965247195,8.0,95.0,87.0,14.0,6.0,13.0,36.0,17.25,11.255554184490428,6.0,36.0,30.0,0,False,0,False,1,False,1,False,34
075:2022:보건:보건의료:3800:RESPONSIBLE_OPERATION_ACCOUNT,075,보건,보건의료,3800,2022,RESPONSIBLE_OPERATION_ACCOUNT,국립나주병원,MULTIPLE_SIGNAL_REVIEW,PERFORMANCE_BELOW_TARGET;EXECUTION_MANAGEMENT;PROGRAM_STRUCTURE_CONTEXT,7193000000,1.0,0.5,0.0,0.09375,38.0,9.0,21.0,96.0,41.0,33.384127965247195,9.0,96.0,87.0,13.0,5.0,12.0,35.0,16.25,11.255554184490428,5.0,35.0,30.0,0,False,1,False,1,False,1,False,35
019:2024:사회복지:고용:1000:FUND,019,사회복지,고용,1000,2024,FUND,고용창출,MULTIPLE_SIGNAL_REVIEW,EXECUTION_MANAGEMENT;BUDGET_PERFORMANCE_MISMATCH;ACCOUNTING_ADJUSTMENT_CONTEXT,338823000000,0.0,0.5,0.48726326134884584,0.7226277372262774,27.0,89.0,25.0,24.0,41.25,27.589626673806226,24.0,89.0,65.0,12.0,15.0,7.0,18.0,13.0,4.06201920231798,7.0,18.0,11.0,0,False,0,False,0,False,1,False,36
075:2023:사회복지:아동·보육:2500:FUND,075,사회복지,아동·보육,2500,2023,FUND,저출산대응및인구정책지원,MULTIPLE_SIGNAL_REVIEW,PERFORMANCE_BELOW_TARGET;EXECUTION_MANAGEMENT;PROGRAM_STRUCTURE_CONTEXT,19906000000,1.0,0.33648146287551495,0.0,0.2028985507246377,41.0,17.0,27.0,86.0,42.75,26.38536526182649,17.0,86.0,69.0,12.0,9.0,17.0,27.0,16.25,6.832825184358224,9.0,27.0,18.0,0,False,0,False,0,False,1,False,37
102:2022:산업·중소기업및에너지:무역및투자유치:3100:GENERAL_ACCOUNT,102,산업·중소기업및에너지,무역및투자유치,3100,2022,GENERAL_ACCOUNT,중소기업수출촉진지원,MODERATE_OR_CONTEXT_REVIEW,PERFORMANCE_BELOW_TARGET,198876000000,1.0,0.0,0.0,0.6171875,35.0,32.0,62.0,43.0,43.0,11.683321445547923,32.0,62.0,30.0,9.0,9.0,10.0,10.0,9.5,0.4999999999999998,9.0,10.0,1.0,0,False,0,False,0,False,4,True,38
075:2022:보건:보건의료:4100:RESPONSIBLE_OPERATION_ACCOUNT,075,보건,보건의료,4100,2022,RESPONSIBLE_OPERATION_ACCOUNT,국립공주병원,MULTIPLE_SIGNAL_REVIEW,PERFORMANCE_BELOW_TARGET;EXECUTION_MANAGEMENT;PROGRAM_STRUCTURE_CONTEXT,5622000000,1.0,0.5,0.0,0.078125,40.0,10.0,22.0,102.0,43.5,35.422450508117024,10.0,102.0,92.0,16.0,7.0,14.0,37.0,18.5,11.191514642799696,7.0,37.0,30.0,0,False,0,False,1,False,1,False,39
075:2022:사회복지:취약계층지원:1900:GENERAL_ACCOUNT,075,사회복지,취약계층지원,1900,2022,GENERAL_ACCOUNT,노숙인의사상자지원,MULTIPLE_SIGNAL_REVIEW,PERFORMANCE_BELOW_TARGET;EXECUTION_MANAGEMENT,7812000000,0.5,1.0,0.0,0.109375,36.0,43.0,7.0,91.0,44.25,30.177599308096063,7.0,91.0,84.0,9.0,18.0,4.0,29.0,15.0,9.513148795220223,4.0,29.0,25.0,0,False,1,False,1,False,2,False,40
075:2023:사회복지:아동·보육:3100:GENERAL_ACCOUNT,075,사회복지,아동·보육,3100,2023,GENERAL_ACCOUNT,보육지원강화,MULTIPLE_SIGNAL_REVIEW,PERFORMANCE_BELOW_TARGET;EXECUTION_MANAGEMENT;BUDGET_PERFORMANCE_MISMATCH,6678017000000,0.5,0.0003485316075116311,0.12140235641808039,0.9565217391304348,39.0,49.0,70.0,20.0,44.5,18.034688796871432,20.0,70.0,50.0,18.0,23.0,35.0,5.0,20.25,10.755812382149477,5.0,35.0,30.0,0,False,1,False,0,False,1,False,41
075:2023:보건:건강보험:4900:GENERAL_ACCOUNT,075,보건,건강보험,4900,2023,GENERAL_ACCOUNT,건강보험제도 운영,MULTIPLE_SIGNAL_REVIEW,PERFORMANCE_BELOW_TARGET;EXECUTION_MANAGEMENT;ACCOUNTING_ADJUSTMENT_CONTEXT;PROGRAM_STRUCTURE_CONTEXT,10589360000000,0.5,6.374322905255842e-06,0.0,0.9710144927536232,42.0,51.0,76.0,22.0,47.75,19.395553614166314,22.0,76.0,54.0,20.0,24.0,36.0,6.0,21.5,10.712142642814275,6.0,36.0,30.0,0,False,0,False,0,False,1,False,42
075:2022:보건:건강보험:4900:GENERAL_ACCOUNT,075,보건,건강보험,4900,2022,GENERAL_ACCOUNT,건강보험제도 운영,MODERATE_OR_CONTEXT_REVIEW,PERFORMANCE_BELOW_TARGET;PROGRAM_STRUCTURE_CONTEXT,10109249000000,0.5,0.0,0.0,0.9609375,44.0,52.0,77.0,25.0,49.5,18.661457606521523,25.0,77.0,52.0,21.0,25.0,37.0,7.0,22.5,10.712142642814275,7.0,37.0,30.0,0,False,0,False,0,False,1,False,43
019:2022:사회복지:노동:4000:FUND,019,사회복지,노동,4000,2022,FUND,산재보험,MODERATE_OR_CONTEXT_REVIEW,PERFORMANCE_BELOW_TARGET;PROGRAM_STRUCTURE_CONTEXT,7373606000000,0.5,0.0,0.0,0.953125,47.0,54.0,78.0,26.0,51.25,18.565761497983324,26.0,78.0,52.0,11.0,11.0,18.0,8.0,12.0,3.6742346141747673,8.0,18.0,10.0,0,False,0,False,0,False,1,False,44
019:2023:사회복지:고용:1100:SPECIAL_ACCOUNT,019,사회복지,고용,1100,2023,SPECIAL_ACCOUNT,직업능력개발,MODERATE_OR_CONTEXT_REVIEW,PERFORMANCE_BELOW_TARGET,83600000000,1.0,0.0,0.0,0.463768115942029,43.0,33.0,64.0,66.0,51.5,13.97318861248212,33.0,66.0,33.0,15.0,7.0,16.0,22.0,15.0,5.338539126015656,7.0,22.0,15.0,0,False,0,False,0,False,1,False,45
162:2023:통신:우정:5100:SPECIAL_ACCOUNT,162,통신,우정,5100,2023,SPECIAL_ACCOUNT,우정서비스,MULTIPLE_SIGNAL_REVIEW,PERFORMANCE_BELOW_TARGET;BUDGET_PERFORMANCE_MISMATCH;ACCOUNTING_ADJUSTMENT_CONTEXT,1982736000000,0.5,0.0,0.05734575858813276,0.8840579710144928,49.0,50.0,75.0,35.0,52.25,14.411367041332339,35.0,75.0,40.0,4.0,4.0,9.0,2.0,4.75,2.5860201081971503,2.0,9.0,7.0,0,False,3,False,0,False,4,True,46
075:2023:사회복지:취약계층지원:1500:GENERAL_ACCOUNT,075,사회복지,취약계층지원,1500,2023,GENERAL_ACCOUNT,장애인생활안정 및 재활 지원,MULTIPLE_SIGNAL_REVIEW,PERFORMANCE_BELOW_TARGET;BUDGET_PERFORMANCE_MISMATCH;ACCOUNTING_ADJUSTMENT_CONTEXT,4532450000000,0.5,0.0,6.905757371840837e-05,0.9492753623188406,48.0,55.0,79.0,28.0,52.5,18.227726133558185,28.0,79.0,51.0,23.0,26.0,38.0,11.0,24.5,9.604686356149273,11.0,38.0,27.0,0,False,0,False,0,False,0,False,47
102:2024:산업·중소기업및에너지:창업및벤처:5100:SPECIAL_ACCOUNT,102,산업·중소기업및에너지,창업및벤처,5100,2024,SPECIAL_ACCOUNT,창업환경조성,MODERATE_OR_CONTEXT_REVIEW,PERFORMANCE_BELOW_TARGET,81886000000,1.0,0.0,0.0,0.45985401459854014,45.0,34.0,65.0,68.0,53.0,14.089002803605371,34.0,68.0,34.0,10.0,10.0,11.0,14.0,11.25,1.6393596310755,10.0,14.0,4.0,0,False,0,False,0,False,2,False,48
075:2022:사회복지:아동·보육:2500:GENERAL_ACCOUNT,075,사회복지,아동·보육,2500,2022,GENERAL_ACCOUNT,저출산대응및인구정책 지원,MODERATE_OR_CONTEXT_REVIEW,PERFORMANCE_BELOW_TARGET;PROGRAM_STRUCTURE_CONTEXT,2784322000000,0.5,0.0,0.0,0.8984375,52.0,56.0,81.0,38.0,56.75,15.514106484100203,38.0,81.0,43.0,26.0,27.0,39.0,14.0,26.5,8.845903006477066,14.0,39.0,25.0,0,False,0,False,0,False,0,False,49
075:2023:보건:보건의료:3800:RESPONSIBLE_OPERATION_ACCOUNT,075,보건,보건의료,3800,2023,RESPONSIBLE_OPERATION_ACCOUNT,국립나주병원,MULTIPLE_SIGNAL_REVIEW,PERFORMANCE_BELOW_TARGET;EXECUTION_MANAGEMENT;BUDGET_PERFORMANCE_MISMATCH;PROGRAM_STRUCTURE_CONTEXT,7306000000,0.5,0.7340542020257322,0.07966055297016152,0.10869565217391304,50.0,46.0,17.0,116.0,57.25,36.23102951890824,17.0,116.0,99.0,19.0,19.0,10.0,40.0,22.0,11.022703842524301,10.0,40.0,30.0,0,False,0,False,0,False,1,False,50
019:2024:사회복지:고용:1000:GENERAL_ACCOUNT,019,사회복지,고용,1000,2024,GENERAL_ACCOUNT,고용창출,MULTIPLE_SIGNAL_REVIEW,EXECUTION_MANAGEMENT;BUDGET_PERFORMANCE_MISMATCH;ACCOUNTING_ADJUSTMENT_CONTEXT,1531584000000,0.0,0.5,0.10697878797375789,0.8467153284671532,46.0,118.0,29.0,37.0,57.5,35.44361719689456,29.0,118.0,89.0,13.0,21.0,8.0,12.0,13.5,4.716990566028302,8.0,21.0,13.0,0,False,0,False,0,False,1,False,51
075:2023:보건:건강보험:4900:FUND,075,보건,건강보험,4900,2023,FUND,건강보험제도 운영,MODERATE_OR_CONTEXT_REVIEW,PERFORMANCE_BELOW_TARGET;PROGRAM_STRUCTURE_CONTEXT,1820839000000,0.5,0.0,0.0,0.8623188405797102,56.0,57.0,82.0,44.0,59.75,13.827056809024834,44.0,82.0,38.0,27.5,28.0,40.0,15.5,27.75,8.663861725581729,15.5,40.0,24.5,0,False,0,False,0,False,0,False,52
075:2023:사회복지:취약계층지원:1800:RESPONSIBLE_OPERATION_ACCOUNT,075,사회복지,취약계층지원,1800,2023,RESPONSIBLE_OPERATION_ACCOUNT,국립재활원,MULTIPLE_SIGNAL_REVIEW,PERFORMANCE_BELOW_TARGET;EXECUTION_MANAGEMENT;BUDGET_PERFORMANCE_MISMATCH,32119000000,0.5,0.5,0.07263613437529189,0.2608695652173913,58.0,47.0,26.0,108.0,59.75,30.136149389064293,26.0,108.0,82.0,22.0,21.0,16.0,31.0,22.5,5.408326913195984,16.0,31.0,15.0,0,False,0,False,0,False,0,False,53
075:2022:보건:건강보험:4900:FUND,075,보건,건강보험,4900,2022,FUND,건강보험제도 운영,MODERATE_OR_CONTEXT_REVIEW,PERFORMANCE_BELOW_TARGET;PROGRAM_STRUCTURE_CONTEXT,1814940000000,0.5,0.0,0.0,0.8515625,57.0,58.0,83.0,45.0,60.75,13.827056809024834,45.0,83.0,38.0,31.0,30.0,42.0,21.0,31.0,7.44983221287567,21.0,42.0,21.0,0,False,0,False,0,False,0,False,54
075:2024:보건:건강보험:4900:GENERAL_ACCOUNT,075,보건,건강보험,4900,2024,GENERAL_ACCOUNT,건강보험제도 운영,MODERATE_OR_CONTEXT_REVIEW,EXECUTION_MANAGEMENT;ACCOUNTING_ADJUSTMENT_CONTEXT;PROGRAM_STRUCTURE_CONTEXT,11804813000000,0.0,0.43472171054297937,0.0,0.9708029197080292,51.0,129.0,34.0,30.0,61.0,40.04372610035185,30.0,129.0,99.0,24.0,54.0,20.0,10.0,27.0,16.401219466856727,10.0,54.0,44.0,0,False,0,False,0,False,1,False,55
162:2024:과학기술:과학기술연구개발:1200:SPECIAL_ACCOUNT,162,과학기술,과학기술연구개발,1200,2024,SPECIAL_ACCOUNT,기초연구진흥,STRONG_SINGLE_SIGNAL_REVIEW,EXECUTION_MANAGEMENT;PROGRAM_STRUCTURE_CONTEXT,53000000000,0.0,1.0,0.0,0.38686131386861317,53.0,103.0,9.0,83.0,62.0,35.397740040855716,9.0,103.0,94.0,5.0,18.0,2.0,14.0,9.75,6.49519052838329,2.0,18.0,16.0,0,False,2,False,1,False,2,False,56
019:2022:사회복지:고용:1000:GENERAL_ACCOUNT,019,사회복지,고용,1000,2022,GENERAL_ACCOUNT,고용창출,MODERATE_OR_CONTEXT_REVIEW,EXECUTION_MANAGEMENT,2206587000000,0.0,0.5,0.0,0.8828125,54.0,127.0,30.0,40.0,62.75,38.06162765831225,30.0,127.0,97.0,16.0,24.0,9.0,15.0,16.0,5.338539126015656,9.0,24.0,15.0,0,False,0,False,0,False,1,False,57
075:2024:보건:건강보험:4900:FUND,075,보건,건강보험,4900,2024,FUND,건강보험제도 운영,MODERATE_OR_CONTEXT_REVIEW,EXECUTION_MANAGEMENT;PROGRAM_STRUCTURE_CONTEXT,1902181000000,0.0,0.5,0.0,0.8759124087591241,55.0,128.0,31.0,41.0,63.75,38.06162765831225,31.0,128.0,97.0,27.5,53.0,19.0,15.5,28.75,14.665009376062464,15.5,53.0,37.5,0,False,0,False,0,False,0,False,58
075:2023:보건:보건의료:3000:GENERAL_ACCOUNT,075,보건,보건의료,3000,2023,GENERAL_ACCOUNT,보건산업육성,MODERATE_OR_CONTEXT_REVIEW,PERFORMANCE_BELOW_TARGET;ACCOUNTING_ADJUSTMENT_CONTEXT,833877000000,0.5,0.0,0.0,0.7898550724637681,63.0,59.0,84.0,54.0,65.0,11.423659658795863,54.0,84.0,30.0,30.0,29.0,41.0,20.0,30.0,7.44983221287567,20.0,41.0,21.0,0,False,0,False,0,False,0,False,59
019:2023:사회복지:노동:2000:GENERAL_ACCOUNT,019,사회복지,노동,2000,2023,GENERAL_ACCOUNT,노사정책,MODERATE_OR_CONTEXT_REVIEW,PERFORMANCE_BELOW_TARGET,53076000000,1.0,0.0,0.0,0.3333333333333333,59.0,35.0,66.0,101.0,65.25,23.62599204266352,35.0,101.0,66.0,17.0,8.0,17.0,26.0,17.0,6.363961030678928,8.0,26.0,18.0,0,False,0,False,0,False,1,False,60
162:2022:과학기술:과학기술연구개발:1100:GENERAL_ACCOUNT,162,과학기술,과학기술연구개발,1100,2022,GENERAL_ACCOUNT,미래유망원천 기술개발,MODERATE_OR_CONTEXT_REVIEW,PERFORMANCE_BELOW_TARGET,855420500000,0.5,0.0,0.0,0.7734375,64.0,60.0,85.0,55.0,66.0,11.423659658795863,55.0,85.0,30.0,6.0,5.0,10.0,4.0,6.25,2.277608394786075,4.0,10.0,6.0,0,False,2,False,0,False,4,True,61
162:2022:통신:정보통신:2100:FUND,162,통신,정보통신,2100,2022,FUND,정보통신융합 산업,MODERATE_OR_CONTEXT_REVIEW,PERFORMANCE_BELOW_TARGET,701803000000,0.5,0.0,0.0,0.7578125,67.0,61.0,86.0,56.0,67.5,11.368817000902073,56.0,86.0,30.0,7.0,6.0,11.0,5.0,7.25,2.277608394786075,5.0,11.0,6.0,0,False,1,False,0,False,3,False,62
019:2022:사회복지:고용:1100:GENERAL_ACCOUNT,019,사회복지,고용,1100,2022,GENERAL_ACCOUNT,직업능력개발,MODERATE_OR_CONTEXT_REVIEW,EXECUTION_MANAGEMENT,1035261000000,0.0,0.5,0.0,0.8046875,61.0,131.0,32.0,52.0,69.0,37.302814907188974,32.0,131.0,99.0,19.0,27.0,10.0,23.0,19.75,6.299801584177076,10.0,27.0,17.0,0,False,0,False,0,False,1,False,63
075:2022:사회복지:아동·보육:1300:GENERAL_ACCOUNT,075,사회복지,아동·보육,1300,2022,GENERAL_ACCOUNT,아동보호 및 복지 강화,MODERATE_OR_CONTEXT_REVIEW,PERFORMANCE_BELOW_TARGET,453361000000,0.5,0.0,0.0,0.734375,71.0,62.0,87.0,61.0,70.25,10.425329730996522,61.0,87.0,26.0,34.0,31.0,43.0,26.0,33.5,6.18465843842649,26.0,43.0,17.0,0,False,0,False,0,False,0,False,64
019:2022:사회복지:노동:3000:FUND,019,사회복지,노동,3000,2022,FUND,근로조건보호 및 복지증진,MODERATE_OR_CONTEXT_REVIEW,EXECUTION_MANAGEMENT,992515000000,0.0,0.5,0.0,0.796875,62.0,133.0,33.0,53.0,70.25,37.71852992893546,33.0,133.0,100.0,22.0,28.0,12.0,25.0,21.75,6.015604707757983,12.0,28.0,16.0,0,False,0,False,0,False,0,False,65
075:2023:보건:보건의료:3700:RESPONSIBLE_OPERATION_ACCOUNT,075,보건,보건의료,3700,2023,RESPONSIBLE_OPERATION_ACCOUNT,국립정신건강센터,MULTIPLE_SIGNAL_REVIEW,PERFORMANCE_BELOW_TARGET;EXECUTION_MANAGEMENT;BUDGET_PERFORMANCE_MISMATCH;PROGRAM_STRUCTURE_CONTEXT,17756000000,0.5,0.5,0.010559810768191034,0.18115942028985507,77.0,48.0,28.0,131.0,71.0,38.77499194068259,28.0,131.0,103.0,32.0,22.0,18.0,42.0,28.5,9.313968005098578,18.0,42.0,24.0,0,False,0,False,0,False,0,False,66
102:2022:산업·중소기업및에너지:중소기업및소상공인육성:5400:GENERAL_ACCOUNT,102,산업·중소기업및에너지,중소기업및소상공인육성,5400,2022,GENERAL_ACCOUNT,중소기업인력지원,MODERATE_OR_CONTEXT_REVIEW,PERFORMANCE_BELOW_TARGET,394312000000,0.5,0.0,0.0,0.71875,74.0,63.0,89.0,63.0,72.25,10.662434056068061,63.0,89.0,26.0,16.0,15.0,18.0,17.0,16.5,1.1180339887498953,15.0,18.0,3.0,0,False,0,False,0,False,0,False,67
102:2022:산업·중소기업및에너지:무역및투자유치:3100:FUND,102,산업·중소기업및에너지,무역및투자유치,3100,2022,FUND,중소기업수출촉진지원,MODERATE_OR_CONTEXT_REVIEW,PERFORMANCE_BELOW_TARGET,36847000000,1.0,0.0,0.0,0.25,68.0,36.0,67.0,119.0,72.5,29.769951293208393,36.0,119.0,83.0,13.5,11.0,12.0,24.0,15.125,5.200661015678681,11.0,24.0,13.0,0,False,0,False,0,False,0,False,68
019:2023:사회복지:고용:1200:FUND,019,사회복지,고용,1200,2023,FUND,고용안전망확충,MODERATE_OR_CONTEXT_REVIEW,PERFORMANCE_BELOW_TARGET;PROGRAM_STRUCTURE_CONTEXT,11870315000000,0.3333333333333333,0.0,0.0,0.9782608695652174,60.0,93.0,99.0,39.0,72.75,24.498724456591614,39.0,99.0,60.0,14.0,14.0,19.0,9.0,14.0,3.5355339059327378,9.0,19.0,10.0,0,False,0,False,0,False,1,False,69
075:2024:사회복지:취약계층지원:1800:RESPONSIBLE_OPERATION_ACCOUNT,075,사회복지,취약계층지원,1800,2024,RESPONSIBLE_OPERATION_ACCOUNT,국립재활원,MULTIPLE_SIGNAL_REVIEW,EXECUTION_MANAGEMENT;BUDGET_PERFORMANCE_MISMATCH,30746000000,0.0,1.0,0.007285500552917453,0.26277372262773724,65.0,104.0,12.0,114.0,73.75,40.077269118541494,12.0,114.0,102.0,25.0,45.0,5.0,34.0,27.25,14.669270602180601,5.0,45.0,40.0,0,False,1,False,0,False,1,False,70
075:2022:보건:보건의료:3300:FUND,075,보건,보건의료,3300,2022,FUND,국민건강생활실천,MODERATE_OR_CONTEXT_REVIEW,PERFORMANCE_BELOW_TARGET,374509000000,0.5,0.0,0.0,0.703125,75.0,64.0,90.0,69.0,74.5,9.759610647971568,64.0,90.0,26.0,36.0,32.0,44.0,28.0,35.0,5.916079783099616,28.0,44.0,16.0,0,False,0,False,0,False,0,False,71
102:2023:산업·중소기업및에너지:중소기업및소상공인육성:5400:GENERAL_ACCOUNT,102,산업·중소기업및에너지,중소기업및소상공인육성,5400,2023,GENERAL_ACCOUNT,중소기업인력지원,MODERATE_OR_CONTEXT_REVIEW,PERFORMANCE_BELOW_TARGET,327285000000,0.5,0.0,0.0,0.7028985507246377,76.0,65.0,91.0,70.0,75.5,9.759610647971568,65.0,91.0,26.0,13.5,14.0,16.0,13.0,14.125,1.1388041973930374,13.0,16.0,3.0,0,False,0,False,0,False,0,False,72
102:2023:산업·중소기업및에너지:창업및벤처:5100:FUND,102,산업·중소기업및에너지,창업및벤처,5100,2023,FUND,창업환경조성,MODERATE_OR_CONTEXT_REVIEW,PERFORMANCE_BELOW_TARGET,2860529000000,0.3333333333333333,0.0,0.0,0.9347826086956522,66.0,94.0,102.0,46.0,77.0,22.338307903688676,46.0,102.0,56.0,11.0,20.0,19.0,9.0,14.75,4.815340071064556,9.0,20.0,11.0,0,False,0,False,0,False,1,False,73
075:2022:보건:보건의료:2700:FUND,075,보건,보건의료,2700,2022,FUND,공공보건의료확충,MODERATE_OR_CONTEXT_REVIEW,PERFORMANCE_BELOW_TARGET;PROGRAM_STRUCTURE_CONTEXT,337781000000,0.5,0.0,0.0,0.6875,79.0,66.0,92.0,74.0,77.75,9.443913383762052,66.0,92.0,26.0,42.0,34.0,46.0,32.0,38.5,5.722761571129799,32.0,46.0,14.0,0,False,0,False,0,False,0,False,74
102:2022:산업·중소기업및에너지:창업및벤처:5100:FUND,102,산업·중소기업및에너지,창업및벤처,5100,2022,FUND,창업환경조성,MODERATE_OR_CONTEXT_REVIEW,PERFORMANCE_BELOW_TARGET,2829489000000,0.3333333333333333,0.0,0.0,0.90625,69.0,96.0,103.0,48.0,79.0,21.94310825749169,48.0,103.0,55.0,12.0,21.0,20.0,11.0,16.0,4.527692569068709,11.0,21.0,10.0,0,False,0,False,0,False,0,False,75
075:2023:사회복지:노인:2200:GENERAL_ACCOUNT,075,사회복지,노인,2200,2023,GENERAL_ACCOUNT,노인의료보장,MODERATE_OR_CONTEXT_REVIEW,PERFORMANCE_BELOW_TARGET;PROGRAM_STRUCTURE_CONTEXT,2245124000000,0.3333333333333333,0.0,0.0,0.9057971014492754,70.0,97.0,104.0,49.0,80.0,21.94310825749169,49.0,104.0,55.0,38.0,44.0,48.0,22.0,38.0,9.899494936611665,22.0,48.0,26.0,0,False,0,False,0,False,0,False,76
075:2022:보건:보건의료:2800:FUND,075,보건,보건의료,2800,2022,FUND,응급의료체계운영지원,MODERATE_OR_CONTEXT_REVIEW,PERFORMANCE_BELOW_TARGET,291787800000,0.5,0.0,0.0,0.65625,82.5,67.0,95.0,80.0,81.125,9.939661714565542,67.0,95.0,28.0,43.0,35.0,47.0,38.0,40.75,4.602988159880493,35.0,47.0,12.0,0,False,0,False,0,False,0,False,77
075:2022:보건:보건의료:3700:RESPONSIBLE_OPERATION_ACCOUNT,075,보건,보건의료,3700,2022,RESPONSIBLE_OPERATION_ACCOUNT,국립정신건강센터,MODERATE_OR_CONTEXT_REVIEW,PERFORMANCE_BELOW_TARGET;PROGRAM_STRUCTURE_CONTEXT,16726000000,1.0,0.0,0.0,0.15625,82.5,37.0,71.0,136.0,81.625,35.572768728340506,37.0,136.0,99.0,33.0,16.0,33.0,46.0,32.0,10.653637876331258,16.0,46.0,30.0,0,False,0,False,0,False,0,False,78
162:2022:과학기술:과학기술연구개발:1100:SPECIAL_ACCOUNT,162,과학기술,과학기술연구개발,1100,2022,SPECIAL_ACCOUNT,미래유망원천 기술개발,MODERATE_OR_CONTEXT_REVIEW,PERFORMANCE_BELOW_TARGET,282736000000,0.5,0.0,0.0,0.6484375,84.0,69.0,97.0,81.0,82.75,9.959292143521045,69.0,97.0,28.0,8.0,7.0,12.0,6.0,8.25,2.277608394786075,6.0,12.0,6.0,0,False,0,False,0,False,3,False,79
102:2023:산업·중소기업및에너지:중소기업및소상공인육성:2100:FUND,102,산업·중소기업및에너지,중소기업및소상공인육성,2100,2023,FUND,중소기업기술개발지원,MODERATE_OR_CONTEXT_REVIEW,PERFORMANCE_BELOW_TARGET,10155000000,1.0,0.0,0.0,0.14492753623188406,86.0,38.0,72.0,139.0,83.75,36.36189626518397,38.0,139.0,101.0,20.5,12.5,13.5,30.0,19.125,6.994417416768891,12.5,30.0,17.5,0,False,0,False,0,False,0,False,80
075:2022:보건:보건의료:4500:GENERAL_ACCOUNT,075,보건,보건의료,4500,2022,GENERAL_ACCOUNT,소록도병원,MODERATE_OR_CONTEXT_REVIEW,PERFORMANCE_BELOW_TARGET,10444000000,1.0,0.0,0.0,0.140625,87.0,39.0,73.0,141.0,85.0,36.742346141747674,39.0,141.0,102.0,35.0,17.0,34.0,47.0,33.25,10.685855136581255,17.0,47.0,30.0,0,False,0,False,0,False,0,False,81
162:2023:일반·지방행정:정부자원관리:1900:GENERAL_ACCOUNT,162,일반·지방행정,정부자원관리,1900,2023,GENERAL_ACCOUNT,국가사회정보화,MODERATE_OR_CONTEXT_REVIEW,PERFORMANCE_BELOW_TARGET,202573000000,0.5,0.0,0.0,0.6304347826086957,89.0,71.0,100.0,84.0,86.0,10.416333327999828,71.0,100.0,29.0,9.0,8.0,14.0,7.0,9.5,2.692582403567252,7.0,14.0,7.0,0,False,0,False,0,False,3,False,82
019:2023:사회복지:노동:4100:FUND,019,사회복지,노동,4100,2023,FUND,산업재해예방,MULTIPLE_SIGNAL_REVIEW,PERFORMANCE_BELOW_TARGET;BUDGET_PERFORMANCE_MISMATCH,1198698000000,0.3333333333333333,0.0,0.0024590569656966696,0.8333333333333334,81.0,98.0,110.0,57.0,86.5,19.90602923739438,57.0,110.0,53.0,20.0,16.0,21.0,20.0,19.25,1.920286436967152,16.0,21.0,5.0,0,False,0,False,0,False,0,False,83
102:2022:산업·중소기업및에너지:중소기업및소상공인육성:2100:FUND,102,산업·중소기업및에너지,중소기업및소상공인육성,2100,2022,FUND,중소기업기술개발지원,MODERATE_OR_CONTEXT_REVIEW,PERFORMANCE_BELOW_TARGET,10155000000,1.0,0.0,0.0,0.1328125,88.0,40.0,74.0,144.5,86.625,37.698433322884924,40.0,144.5,104.5,20.5,12.5,13.5,29.0,18.875,6.608469943943152,12.5,29.0,16.5,0,False,0,False,0,False,0,False,84
019:2022:사회복지:노동:4100:FUND,019,사회복지,노동,4100,2022,FUND,산업재해예방,MODERATE_OR_CONTEXT_REVIEW,PERFORMANCE_BELOW_TARGET,1092165000000,0.3333333333333333,0.0,0.0,0.8125,85.0,99.0,111.0,62.0,89.25,18.226011631731172,62.0,111.0,49.0,25.0,17.0,22.0,24.0,22.0,3.0822070014844885,17.0,25.0,8.0,0,False,0,False,0,False,0,False,85
019:2023:사회복지:고용:1300:FUND,019,사회복지,고용,1300,2023,FUND,고용평등증진,MULTIPLE_SIGNAL_REVIEW,PERFORMANCE_BELOW_TARGET;BUDGET_PERFORMANCE_MISMATCH;PROGRAM_STRUCTURE_CONTEXT,2715275000000,0.25,0.0,0.008816970656747474,0.927536231884058,80.0,111.0,115.0,51.0,89.25,25.907286619790966,51.0,115.0,64.0,18.0,18.0,20.0,13.0,17.25,2.5860201081971503,13.0,20.0,7.0,0,False,0,False,0,False,0,False,86
162:2023:통신:정보통신:2000:FUND,162,통신,정보통신,2000,2023,FUND,인터넷융합산업,MULTIPLE_SIGNAL_REVIEW,PERFORMANCE_BELOW_TARGET;BUDGET_PERFORMANCE_MISMATCH,159344000000,0.5,0.0,0.04079224821769254,0.5652173913043478,94.0,70.0,98.0,100.0,90.5,12.031209415515965,70.0,100.0,30.0,11.0,9.0,15.0,13.0,12.0,2.2360679774997902,9.0,15.0,6.0,0,False,0,False,0,False,1,False,87
162:2022:문화및관광:문화예술:1100:FUND,162,문화및관광,문화예술,1100,2022,FUND,콘텐츠방송산업 육성,MODERATE_OR_CONTEXT_REVIEW,PERFORMANCE_BELOW_TARGET,190408000000,0.5,0.0,0.0,0.6015625,95.5,72.0,101.0,94.0,90.625,11.064441919952403,72.0,101.0,29.0,10.0,10.0,16.0,8.0,11.0,3.0,8.0,16.0,8.0,0,False,0,False,0,False,3,False,88
075:2024:사회복지:취약계층지원:1900:GENERAL_ACCOUNT,075,사회복지,취약계층지원,1900,2024,GENERAL_ACCOUNT,노숙인의사상자지원,STRONG_SINGLE_SIGNAL_REVIEW,EXECUTION_MANAGEMENT;ACCOUNTING_ADJUSTMENT_CONTEXT,7136000000,0.0,1.0,0.0,0.12408759124087591,90.0,114.0,13.0,146.0,90.75,49.088567915554435,13.0,146.0,133.0,38.0,47.5,6.5,48.5,35.125,17.027092382435704,6.5,48.5,42.0,0,False,0,False,0,False,1,False,89
102:2023:산업·중소기업및에너지:중소기업및소상공인육성:1200:GENERAL_ACCOUNT,102,산업·중소기업및에너지,중소기업및소상공인육성,1200,2023,GENERAL_ACCOUNT,중소기업성장안정지원,MODERATE_OR_CONTEXT_REVIEW,BUDGET_PERFORMANCE_MISMATCH,118700000000,0.0,0.0,0.7051390058972199,0.5144927536231884,73.0,125.0,80.0,88.0,91.5,20.05617112013158,73.0,125.0,52.0,17.0,30.0,15.0,22.0,21.0,5.787918451395114,15.0,30.0,15.0,0,False,0,False,0,False,0,False,90
075:2024:사회복지:노인:2200:SPECIAL_ACCOUNT,075,사회복지,노인,2200,2024,SPECIAL_ACCOUNT,노인의료보장,MODERATE_OR_CONTEXT_REVIEW,BUDGET_PERFORMANCE_MISMATCH;ACCOUNTING_ADJUSTMENT_CONTEXT;PROGRAM_STRUCTURE_CONTEXT,21711000000,0.0,0.0,1.0,0.23357664233576642,72.0,106.0,68.0,121.0,91.75,22.431841208425134,68.0,121.0,53.0,29.0,46.0,32.0,41.0,37.0,6.819090848492928,29.0,46.0,17.0,0,False,0,False,0,False,0,False,91
075:2023:보건:보건의료:3900:RESPONSIBLE_OPERATION_ACCOUNT,075,보건,보건의료,3900,2023,RESPONSIBLE_OPERATION_ACCOUNT,국립부곡병원,STRONG_SINGLE_SIGNAL_REVIEW,EXECUTION_MANAGEMENT;PROGRAM_STRUCTURE_CONTEXT,7677000000,0.0,1.0,0.0,0.11594202898550725,91.0,115.0,14.0,147.0,91.75,49.088567915554435,14.0,147.0,133.0,38.0,47.5,6.5,48.5,35.125,17.027092382435704,6.5,48.5,42.0,0,False,0,False,0,False,1,False,92
075:2024:보건:보건의료:4000:RESPONSIBLE_OPERATION_ACCOUNT,075,보건,보건의료,4000,2024,RESPONSIBLE_OPERATION_ACCOUNT,국립춘천병원,STRONG_SINGLE_SIGNAL_REVIEW,EXECUTION_MANAGEMENT,6864000000,0.0,1.0,0.0,0.10948905109489052,92.0,116.0,15.0,148.0,92.75,49.088567915554435,15.0,148.0,133.0,41.0,51.0,9.0,56.0,39.25,18.280795934531955,9.0,56.0,47.0,0,False,0,False,0,False,1,False,93
075:2022:보건:보건의료:3900:RESPONSIBLE_OPERATION_ACCOUNT,075,보건,보건의료,3900,2022,RESPONSIBLE_OPERATION_ACCOUNT,국립부곡병원,STRONG_SINGLE_SIGNAL_REVIEW,EXECUTION_MANAGEMENT;PROGRAM_STRUCTURE_CONTEXT,7512000000,0.0,1.0,0.0,0.1015625,95.5,117.0,16.0,149.0,94.375,49.09095512413666,16.0,149.0,133.0,40.0,50.0,8.0,55.0,38.25,18.280795934531955,8.0,55.0,47.0,0,False,0,False,0,False,1,False,94
102:2024:산업·중소기업및에너지:중소기업및소상공인육성:5400:GENERAL_ACCOUNT,102,산업·중소기업및에너지,중소기업및소상공인육성,5400,2024,GENERAL_ACCOUNT,중소기업인력지원,MODERATE_OR_CONTEXT_REVIEW,BUDGET_PERFORMANCE_MISMATCH,231315000000,0.0,0.0,0.5332079631671098,0.656934306569343,78.0,136.0,88.0,76.0,94.5,24.387496796514398,76.0,136.0,60.0,15.0,31.0,17.0,18.0,20.25,6.299801584177076,15.0,31.0,16.0,0,False,0,False,0,False,0,False,95
102:2023:산업·중소기업및에너지:창업및벤처:5100:GENERAL_ACCOUNT,102,산업·중소기업및에너지,창업및벤처,5100,2023,GENERAL_ACCOUNT,창업환경조성,MODERATE_OR_CONTEXT_REVIEW,PERFORMANCE_BELOW_TARGET,707120000000,0.3333333333333333,0.0,0.0,0.7753623188405797,93.0,100.0,116.0,72.0,95.25,15.801503093060482,72.0,116.0,44.0,18.5,22.5,22.5,15.5,19.75,2.947456530637899,15.5,22.5,7.0,0,False,0,False,0,False,0,False,96
075:2022:보건:보건의료:3300:GENERAL_ACCOUNT,075,보건,보건의료,3300,2022,GENERAL_ACCOUNT,국민건강생활실천,MODERATE_OR_CONTEXT_REVIEW,PERFORMANCE_BELOW_TARGET,179703000000,0.5,0.0,0.0,0.5703125,100.0,74.0,106.0,105.0,96.25,13.04559312564975,74.0,106.0,32.0,45.0,36.0,49.0,44.0,43.5,4.716990566028302,36.0,49.0,13.0,0,False,0,False,0,False,0,False,97
162:2022:통신:정보통신:2100:GENERAL_ACCOUNT,162,통신,정보통신,2100,2022,GENERAL_ACCOUNT,정보통신융합 산업,MODERATE_OR_CONTEXT_REVIEW,PERFORMANCE_BELOW_TARGET,146843000000,0.5,0.0,0.0,0.5546875,102.0,75.0,107.0,106.0,97.5,13.124404748406684,75.0,107.0,32.0,12.0,11.0,17.0,16.0,14.0,2.5495097567963922,11.0,17.0,6.0,0,False,0,False,0,False,0,False,98
102:2022:산업·중소기업및에너지:창업및벤처:5100:GENERAL_ACCOUNT,102,산업·중소기업및에너지,창업및벤처,5100,2022,GENERAL_ACCOUNT,창업환경조성,MODERATE_OR_CONTEXT_REVIEW,PERFORMANCE_BELOW_TARGET,726637000000,0.3333333333333333,0.0,0.0,0.765625,97.0,101.0,118.0,75.0,97.75,15.31951369985353,75.0,118.0,43.0,18.5,22.5,22.5,15.5,19.75,2.947456530637899,15.5,22.5,7.0,0,False,0,False,0,False,0,False,99
102:2022:산업·중소기업및에너지:창업및벤처:5200:FUND,102,산업·중소기업및에너지,창업및벤처,5200,2022,FUND,벤처기업활성화지원,MODERATE_OR_CONTEXT_REVIEW,PERFORMANCE_BELOW_TARGET;PROGRAM_STRUCTURE_CONTEXT,461591000000,0.3333333333333333,0.0,0.0,0.7421875,99.0,102.0,119.0,79.0,99.75,14.201672436723781,79.0,119.0,40.0,22.0,24.0,24.0,19.0,22.25,2.046338192968112,19.0,24.0,5.0,0,False,0,False,0,False,0,False,100
102:2022:산업·중소기업및에너지:중소기업및소상공인육성:3300:SPECIAL_ACCOUNT,102,산업·중소기업및에너지,중소기업및소상공인육성,3300,2022,SPECIAL_ACCOUNT,지역중소기업육성,MODERATE_OR_CONTEXT_REVIEW,PERFORMANCE_BELOW_TARGET,143217000000,0.5,0.0,0.0,0.5390625,104.0,77.0,109.0,110.0,100.0,13.472193585307478,77.0,110.0,33.0,24.0,16.0,21.0,23.0,21.0,3.0822070014844885,16.0,24.0,8.0,0,False,0,False,0,False,0,False,101
162:2023:통신:정보통신:2000:GENERAL_ACCOUNT,162,통신,정보통신,2000,2023,GENERAL_ACCOUNT,인터넷융합산업,MULTIPLE_SIGNAL_REVIEW,PERFORMANCE_BELOW_TARGET;BUDGET_PERFORMANCE_MISMATCH,100556000000,0.5,0.0,0.03977882970683003,0.4927536231884058,105.0,73.0,105.0,117.0,100.0,16.340134638368195,73.0,117.0,44.0,13.0,12.0,19.0,23.0,16.75,4.493050188902857,12.0,23.0,11.0,0,False,0,False,0,False,0,False,102
019:2022:사회복지:고용:1300:FUND,019,사회복지,고용,1300,2022,FUND,고용평등증진,MODERATE_OR_CONTEXT_REVIEW,PERFORMANCE_BELOW_TARGET;PROGRAM_STRUCTURE_CONTEXT,2503235000000,0.2,0.0,0.0,0.890625,98.0,126.0,126.0,59.0,102.25,27.462474396892937,59.0,126.0,67.0,21.0,23.0,24.0,19.0,21.75,1.920286436967152,19.0,24.0,5.0,0,False,0,False,0,False,0,False,103
019:2023:사회복지:고용:1000:SPECIAL_ACCOUNT,019,사회복지,고용,1000,2023,SPECIAL_ACCOUNT,고용창출,MULTIPLE_SIGNAL_REVIEW,PERFORMANCE_BELOW_TARGET;BUDGET_PERFORMANCE_MISMATCH,255818000000,0.25,0.0,0.14414935618291128,0.6666666666666666,101.0,109.0,113.0,90.0,103.25,8.78564169540279,90.0,113.0,23.0,27.0,20.0,23.0,28.0,24.5,3.2015621187164243,20.0,28.0,8.0,0,False,0,False,0,False,0,False,104
162:2023:통신:정보통신:2000:SPECIAL_ACCOUNT,162,통신,정보통신,2000,2023,SPECIAL_ACCOUNT,인터넷융합산업,MULTIPLE_SIGNAL_REVIEW,PERFORMANCE_BELOW_TARGET;BUDGET_PERFORMANCE_MISMATCH,75094000000,0.5,0.0,0.059259061975657175,0.43478260869565216,106.0,76.0,108.0,124.0,103.5,17.342145196024624,76.0,124.0,48.0,17.0,13.0,20.0,28.0,19.5,5.5,13.0,28.0,15.0,0,False,0,False,0,False,0,False,105
075:2022:보건:보건의료:3000:SPECIAL_ACCOUNT,075,보건,보건의료,3000,2022,SPECIAL_ACCOUNT,보건산업육성,MODERATE_OR_CONTEXT_REVIEW,PERFORMANCE_BELOW_TARGET,82761000000,0.5,0.0,0.0,0.4609375,112.0,78.0,112.0,126.0,107.0,17.69180601295413,78.0,126.0,48.0,47.0,37.0,50.0,52.0,46.5,5.766281297335398,37.0,52.0,15.0,0,False,0,False,0,False,0,False,106
162:2024:통신:우정:5100:SPECIAL_ACCOUNT,162,통신,우정,5100,2024,SPECIAL_ACCOUNT,우정서비스,MULTIPLE_SIGNAL_REVIEW,EXECUTION_MANAGEMENT;BUDGET_PERFORMANCE_MISMATCH;ACCOUNTING_ADJUSTMENT_CONTEXT,1957179000000,0.0,0.08081836152952795,0.08217184018426521,0.8832116788321168,103.0,146.0,114.0,65.0,107.0,28.939592256975562,65.0,146.0,81.0,14.0,29.0,22.0,9.0,18.5,7.632168761236874,9.0,29.0,20.0,0,False,0,False,0,False,1,False,107
162:2023:과학기술:과학기술인력및문화:1800:GENERAL_ACCOUNT,162,과학기술,과학기술인력및문화,1800,2023,GENERAL_ACCOUNT,과학문화창달,MODERATE_OR_CONTEXT_REVIEW,EXECUTION_MANAGEMENT,71642000000,0.0,0.5,0.0,0.427536231884058,118.0,141.0,41.0,133.0,108.25,39.694930406791244,41.0,141.0,100.0,21.0,25.0,4.0,31.0,20.25,10.034316120194738,4.0,31.0,27.0,0,False,1,False,0,False,1,False,108
162:2022:문화및관광:문화예술:1100:GENERAL_ACCOUNT,162,문화및관광,문화예술,1100,2022,GENERAL_ACCOUNT,콘텐츠방송산업 육성,MODERATE_OR_CONTEXT_REVIEW,PERFORMANCE_BELOW_TARGET,82283000000,0.5,0.0,0.0,0.4375,117.0,79.0,117.0,130.0,110.75,19.083697230882702,79.0,130.0,51.0,19.0,14.0,21.0,29.0,20.75,5.402545696243577,14.0,29.0,15.0,0,False,0,False,0,False,0,False,109
162:2024:통신:정보통신:2100:FUND,162,통신,정보통신,2100,2024,FUND,정보통신융합산업,MULTIPLE_SIGNAL_REVIEW,EXECUTION_MANAGEMENT;BUDGET_PERFORMANCE_MISMATCH,519479000000,0.0,0.17707549294581687,0.0034650101351546454,0.7737226277372263,113.0,149.0,93.0,89.0,111.0,23.748684174075834,89.0,149.0,60.0,16.0,28.0,13.0,10.0,16.75,6.832825184358224,10.0,28.0,18.0,0,False,0,False,0,False,1,False,110
075:2023:사회복지:취약계층지원:1500:FUND,075,사회복지,취약계층지원,1500,2023,FUND,장애인생활안정 및 재활 지원,MULTIPLE_SIGNAL_REVIEW,PERFORMANCE_BELOW_TARGET;BUDGET_PERFORMANCE_MISMATCH,7224000000,0.5,0.0,0.2768549280177187,0.10144927536231885,124.0,68.0,96.0,168.0,114.0,36.932370625238775,68.0,168.0,100.0,49.0,33.0,45.0,65.0,48.0,11.445523142259598,33.0,65.0,32.0,0,False,0,False,0,False,0,False,111
075:2023:사회복지:노인:2200:FUND,075,사회복지,노인,2200,2023,FUND,노인의료보장,MODERATE_OR_CONTEXT_REVIEW,PERFORMANCE_BELOW_TARGET;PROGRAM_STRUCTURE_CONTEXT,196461000000,0.3333333333333333,0.0,0.0,0.6086956521739131,116.0,105.0,128.0,112.0,115.25,8.347903928532,105.0,128.0,23.0,54.0,49.0,56.0,50.0,52.25,2.8613807855648994,49.0,56.0,7.0,0,False,0,False,0,False,0,False,112
162:2022:과학기술:과학기술연구개발:1100:FUND,162,과학기술,과학기술연구개발,1100,2022,FUND,미래유망원천 기술개발,MODERATE_OR_CONTEXT_REVIEW,PERFORMANCE_BELOW_TARGET,65856000000,0.5,0.0,0.0,0.3828125,123.0,81.0,120.0,144.5,117.125,22.897529888614624,81.0,144.5,63.5,25.0,15.0,24.0,35.0,24.75,7.084313657652377,15.0,35.0,20.0,0,False,0,False,0,False,0,False,113
075:2024:사회복지:노인:2100:GENERAL_ACCOUNT,075,사회복지,노인,2100,2024,GENERAL_ACCOUNT,노인생활안정,MODERATE_OR_CONTEXT_REVIEW,EXECUTION_MANAGEMENT;PROGRAM_STRUCTURE_CONTEXT,22337160000000,0.0,0.0001818046698864135,0.0,0.9927007299270073,107.0,155.0,151.0,58.0,117.75,39.30251264232352,58.0,155.0,97.0,44.0,59.0,60.0,23.0,46.5,14.974979131871937,23.0,60.0,37.0,0,False,0,False,0,False,0,False,114
102:2024:산업·중소기업및에너지:무역및투자유치:3100:FUND,102,산업·중소기업및에너지,무역및투자유치,3100,2024,FUND,중소기업수출촉진지원,MODERATE_OR_CONTEXT_REVIEW,EXECUTION_MANAGEMENT,45557000000,0.0,0.5,0.0,0.3357664233576642,133.0,143.0,47.0,152.0,118.75,41.96650450061335,47.0,152.0,105.0,25.0,33.0,4.0,27.0,22.25,10.940178243520533,4.0,33.0,29.0,0,False,1,False,0,False,1,False,115
075:2024:사회복지:기초생활보장:1100:GENERAL_ACCOUNT,075,사회복지,기초생활보장,1100,2024,GENERAL_ACCOUNT,기초생활보장,MODERATE_OR_CONTEXT_REVIEW,EXECUTION_MANAGEMENT;ACCOUNTING_ADJUSTMENT_CONTEXT,17919672000000,0.0,3.9063214996345917e-07,0.0,0.9854014598540146,108.0,156.0,152.0,60.0,119.0,38.92300091205713,60.0,156.0,96.0,46.0,60.0,61.0,25.0,48.0,14.543039572248986,25.0,61.0,36.0,0,False,0,False,0,False,0,False,116
102:2023:산업·중소기업및에너지:창업및벤처:5100:SPECIAL_ACCOUNT,102,산업·중소기업및에너지,창업및벤처,5100,2023,SPECIAL_ACCOUNT,창업환경조성,MODERATE_OR_CONTEXT_REVIEW,PERFORMANCE_BELOW_TARGET,152403000000,0.3333333333333333,0.0,0.0,0.5579710144927537,121.0,107.0,132.0,123.0,120.75,8.954747344286158,107.0,132.0,25.0,27.0,25.0,27.0,25.0,26.0,1.0,25.0,27.0,2.0,0,False,0,False,0,False,0,False,117
019:2023:사회복지:노동:4000:FUND,019,사회복지,노동,4000,2023,FUND,산재보험,MODERATE_OR_CONTEXT_REVIEW,BUDGET_PERFORMANCE_MISMATCH;ACCOUNTING_ADJUSTMENT_CONTEXT;PROGRAM_STRUCTURE_CONTEXT,8015070000000,0.0,0.0,0.004046252871153963,0.9637681159420289,109.0,157.0,153.0,64.0,120.75,37.79136806203237,64.0,157.0,93.0,23.0,32.0,26.0,16.0,24.25,5.7608593109014565,16.0,32.0,16.0,0,False,0,False,0,False,0,False,118
102:2023:산업·중소기업및에너지:중소기업및소상공인육성:5400:FUND,102,산업·중소기업및에너지,중소기업및소상공인육성,5400,2023,FUND,중소기업인력지원,MODERATE_OR_CONTEXT_REVIEW,PERFORMANCE_BELOW_TARGET,53660000000,0.5,0.0,0.0,0.34057971014492755,131.0,82.0,121.0,150.0,121.0,24.809272460110556,82.0,150.0,68.0,28.0,17.0,25.0,28.0,24.5,4.5,17.0,28.0,11.0,0,False,0,False,0,False,0,False,119
162:2023:과학기술:과학기술연구개발:1300:GENERAL_ACCOUNT,162,과학기술,과학기술연구개발,1300,2023,GENERAL_ACCOUNT,우주개발진흥,MODERATE_OR_CONTEXT_REVIEW,BUDGET_PERFORMANCE_MISMATCH,424860000000,0.0,0.0,0.22537071035164524,0.7391304347826086,110.0,147.0,137.0,93.0,121.75,21.416990918427363,93.0,147.0,54.0,15.0,27.0,27.0,11.0,20.0,7.14142842854285,11.0,27.0,16.0,0,False,0,False,0,False,0,False,120
162:2022:과학기술:과학기술연구지원:1600:GENERAL_ACCOUNT,162,과학기술,과학기술연구지원,1600,2022,GENERAL_ACCOUNT,과학기술기반 조성,MODERATE_OR_CONTEXT_REVIEW,EXECUTION_MANAGEMENT;PROGRAM_STRUCTURE_CONTEXT,54291000000,0.0,0.5,0.0,0.3125,137.0,144.0,49.0,157.0,121.75,42.61088475964797,49.0,157.0,108.0,30.0,26.0,5.0,36.0,24.25,11.669940016983807,5.0,36.0,31.0,0,False,1,False,0,False,1,False,121
019:2024:사회복지:노동:4000:FUND,019,사회복지,노동,4000,2024,FUND,산재보험,MODERATE_OR_CONTEXT_REVIEW,EXECUTION_MANAGEMENT;ACCOUNTING_ADJUSTMENT_CONTEXT;PROGRAM_STRUCTURE_CONTEXT,8100653000000,0.0,0.0004334835722502865,0.0,0.9635036496350365,111.0,158.0,155.0,67.0,122.75,37.1777823437601,67.0,158.0,91.0,24.0,33.0,27.0,17.0,25.25,5.7608593109014565,17.0,33.0,16.0,0,False,0,False,0,False,0,False,122
162:2023:과학기술:과학기술인력및문화:1700:GENERAL_ACCOUNT,162,과학기술,과학기술인력및문화,1700,2023,GENERAL_ACCOUNT,과학기술인력양성,MODERATE_OR_CONTEXT_REVIEW,PERFORMANCE_BELOW_TARGET,139397000000,0.3333333333333333,0.0,0.0,0.5434782608695652,125.0,108.0,134.0,127.0,123.5,9.552486587271401,108.0,134.0,26.0,20.0,19.0,26.0,25.0,22.5,3.0413812651491092,19.0,26.0,7.0,0,False,0,False,0,False,0,False,123
075:2023:보건:보건의료:3000:SPECIAL_ACCOUNT,075,보건,보건의료,3000,2023,SPECIAL_ACCOUNT,보건산업육성,MODERATE_OR_CONTEXT_REVIEW,PERFORMANCE_BELOW_TARGET,51956000000,0.5,0.0,0.0,0.32608695652173914,135.0,83.0,122.0,155.0,123.75,26.299952471439944,83.0,155.0,72.0,48.0,38.0,51.0,53.0,47.5,5.766281297335398,38.0,53.0,15.0,0,False,0,False,0,False,0,False,124
102:2023:산업·중소기업및에너지:중소기업및소상공인육성:4800:GENERAL_ACCOUNT,102,산업·중소기업및에너지,중소기업및소상공인육성,4800,2023,GENERAL_ACCOUNT,중소기업육성지원,MODERATE_OR_CONTEXT_REVIEW,PERFORMANCE_BELOW_TARGET,138899000000,0.3333333333333333,0.0,0.0,0.5362318840579711,127.0,110.0,135.0,128.0,125.0,9.192388155425117,110.0,135.0,25.0,30.0,26.0,29.0,26.0,27.75,1.7853571071357126,26.0,30.0,4.0,0,False,0,False,0,False,0,False,125
075:2024:사회복지:취약계층지원:1500:GENERAL_ACCOUNT,075,사회복지,취약계층지원,1500,2024,GENERAL_ACCOUNT,장애인생활안정 및 재활 지원,MULTIPLE_SIGNAL_REVIEW,EXECUTION_MANAGEMENT;BUDGET_PERFORMANCE_MISMATCH;ACCOUNTING_ADJUSTMENT_CONTEXT,5025066000000,0.0,3.8208453381507824e-05,3.2437384902009246e-05,0.948905109489051,114.0,159.0,157.0,71.0,125.25,36.11353624335341,71.0,159.0,88.0,50.0,61.0,62.0,30.0,50.75,12.871965661856,30.0,62.0,32.0,0,False,0,False,0,False,0,False,126
075:2022:보건:보건의료:3000:FUND,075,보건,보건의료,3000,2022,FUND,보건산업육성,MODERATE_OR_CONTEXT_REVIEW,PERFORMANCE_BELOW_TARGET,51930000000,0.5,0.0,0.0,0.3046875,141.0,84.0,123.0,158.0,126.5,27.48181216732259,84.0,158.0,74.0,51.0,39.0,52.0,54.0,49.0,5.873670062235365,39.0,54.0,15.0,0,False,0,False,0,False,0,False,127
102:2024:산업·중소기업및에너지:중소기업및소상공인육성:4100:FUND,102,산업·중소기업및에너지,중소기업및소상공인육성,4100,2024,FUND,소상공인·전통시장지원,MODERATE_OR_CONTEXT_REVIEW,BUDGET_PERFORMANCE_MISMATCH;ACCOUNTING_ADJUSTMENT_CONTEXT;PROGRAM_STRUCTURE_CONTEXT,4918197000000,0.0,0.0,0.00047680074628974803,0.9416058394160584,115.0,160.0,159.0,73.0,126.75,35.960916284210555,73.0,160.0,87.0,23.0,34.0,33.0,12.0,25.5,8.902246907382429,12.0,34.0,22.0,0,False,0,False,0,False,0,False,128
162:2023:통신:정보통신:2100:FUND,162,통신,정보통신,2100,2023,FUND,정보통신융합산업,MODERATE_OR_CONTEXT_REVIEW,BUDGET_PERFORMANCE_MISMATCH;ACCOUNTING_ADJUSTMENT_CONTEXT,598251000000,0.0,0.0,0.16725254115747404,0.7536231884057971,119.0,152.0,143.0,98.0,128.0,21.106870919205434,98.0,152.0,54.0,18.0,30.0,29.0,12.0,22.25,7.562241731127087,12.0,30.0,18.0,0,False,0,False,0,False,0,False,129
075:2022:보건:보건의료:2700:SPECIAL_ACCOUNT,075,보건,보건의료,2700,2022,SPECIAL_ACCOUNT,공공보건의료확충,MODERATE_OR_CONTEXT_REVIEW,PERFORMANCE_BELOW_TARGET;PROGRAM_STRUCTURE_CONTEXT,48982000000,0.5,0.0,0.0,0.296875,145.0,85.0,125.0,159.0,128.5,27.870235018743564,85.0,159.0,74.0,53.0,40.0,53.0,57.0,50.75,6.417748826496719,40.0,57.0,17.0,0,False,0,False,0,False,0,False,130
102:2024:산업·중소기업및에너지:창업및벤처:2400:FUND,102,산업·중소기업및에너지,창업및벤처,2400,2024,FUND,기술금융지원,MODERATE_OR_CONTEXT_REVIEW,EXECUTION_MANAGEMENT;PROGRAM_STRUCTURE_CONTEXT,1594802000000,0.0,0.03430394494112749,0.0,0.8540145985401459,122.0,162.0,147.0,85.0,129.0,29.146183283579344,85.0,162.0,77.0,26.0,35.0,32.0,20.0,28.25,5.7608593109014565,20.0,35.0,15.0,0,False,0,False,0,False,0,False,131
075:2024:사회복지:아동·보육:2500:GENERAL_ACCOUNT,075,사회복지,아동·보육,2500,2024,GENERAL_ACCOUNT,저출산대응및인구정책지원,MODERATE_OR_CONTEXT_REVIEW,EXECUTION_MANAGEMENT;PROGRAM_STRUCTURE_CONTEXT,2559864000000,0.0,0.00016563379929558758,0.0,0.9124087591240876,120.0,163.0,161.0,78.0,130.5,34.831738400487566,78.0,163.0,85.0,52.0,64.0,64.0,33.0,53.25,12.676257334087218,33.0,64.0,31.0,0,False,0,False,0,False,0,False,132
075:2024:보건:보건의료:3700:RESPONSIBLE_OPERATION_ACCOUNT,075,보건,보건의료,3700,2024,RESPONSIBLE_OPERATION_ACCOUNT,국립정신건강센터,MODERATE_OR_CONTEXT_REVIEW,EXECUTION_MANAGEMENT;PROGRAM_STRUCTURE_CONTEXT,18736000000,0.0,0.5,0.0,0.2116788321167883,154.0,145.0,55.0,174.0,132.0,45.67822238222499,55.0,174.0,119.0,58.0,55.0,24.0,64.0,50.25,15.497983739828868,24.0,64.0,40.0,0,False,0,False,0,False,0,False,133
102:2022:산업·중소기업및에너지:중소기업및소상공인육성:5400:FUND,102,산업·중소기업및에너지,중소기업및소상공인육성,5400,2022,FUND,중소기업인력지원,MODERATE_OR_CONTEXT_REVIEW,PERFORMANCE_BELOW_TARGET,31605000000,0.5,0.0,0.0,0.234375,150.0,86.0,130.0,169.0,133.75,30.825111516424396,86.0,169.0,83.0,32.0,18.0,28.0,35.0,28.25,6.417748826496718,18.0,35.0,17.0,0,False,0,False,0,False,0,False,134
019:2023:사회복지:노동:4100:SPECIAL_ACCOUNT,019,사회복지,노동,4100,2023,SPECIAL_ACCOUNT,산업재해예방,MODERATE_OR_CONTEXT_REVIEW,PERFORMANCE_BELOW_TARGET;ACCOUNTING_ADJUSTMENT_CONTEXT,89132000000,0.3333333333333333,0.0,0.0,0.47101449275362317,142.0,112.0,140.0,142.0,134.0,12.727922061357853,112.0,142.0,30.0,28.0,19.0,25.0,30.0,25.5,4.153311931459037,19.0,30.0,11.0,0,False,0,False,0,False,0,False,135
019:2022:사회복지:노동:4100:SPECIAL_ACCOUNT,019,사회복지,노동,4100,2022,SPECIAL_ACCOUNT,산업재해예방,MODERATE_OR_CONTEXT_REVIEW,PERFORMANCE_BELOW_TARGET,90955000000,0.3333333333333333,0.0,0.0,0.46875,143.0,113.0,141.0,143.0,135.0,12.727922061357853,113.0,143.0,30.0,30.0,22.0,28.0,32.0,28.0,3.7416573867739413,22.0,32.0,10.0,0,False,0,False,0,False,0,False,136
102:2023:산업·중소기업및에너지:창업및벤처:2400:FUND,102,산업·중소기업및에너지,창업및벤처,2400,2023,FUND,기술금융지원,MODERATE_OR_CONTEXT_REVIEW,EXECUTION_MANAGEMENT;PROGRAM_STRUCTURE_CONTEXT,1368778000000,0.0,0.02575874246956044,0.0,0.8405797101449275,128.0,166.0,154.0,92.0,135.0,28.372521918222215,92.0,166.0,74.0,29.0,36.0,35.0,21.0,30.25,5.973901572674261,21.0,36.0,15.0,0,False,0,False,0,False,0,False,137
075:2023:보건:보건의료:3000:FUND,075,보건,보건의료,3000,2023,FUND,보건산업육성,MODERATE_OR_CONTEXT_REVIEW,PERFORMANCE_BELOW_TARGET,27889000000,0.5,0.0,0.0,0.2318840579710145,151.0,87.0,131.0,171.0,135.0,31.11269837220809,87.0,171.0,84.0,56.0,41.0,54.0,61.0,53.0,7.3824115301167,41.0,61.0,20.0,0,False,0,False,0,False,0,False,138
162:2024:과학기술:과학기술연구지원:1600:GENERAL_ACCOUNT,162,과학기술,과학기술연구지원,1600,2024,GENERAL_ACCOUNT,과학기술기반조성,MODERATE_OR_CONTEXT_REVIEW,EXECUTION_MANAGEMENT;PROGRAM_STRUCTURE_CONTEXT,43663000000,0.0,0.38218858072051853,0.0,0.32116788321167883,156.0,153.0,69.0,163.0,135.25,38.42118556213486,69.0,163.0,94.0,38.0,31.0,8.0,39.0,29.0,12.509996003196804,8.0,39.0,31.0,0,False,0,False,0,False,1,False,139
162:2024:통신:정보통신:2600:FUND,162,통신,정보통신,2600,2024,FUND,인공지능데이터진흥,MODERATE_OR_CONTEXT_REVIEW,EXECUTION_MANAGEMENT;ACCOUNTING_ADJUSTMENT_CONTEXT,260821000000,0.0,0.1176860758911284,0.0,0.6934306569343066,138.0,161.0,127.0,118.0,136.0,16.077935190813527,118.0,161.0,43.0,24.0,32.0,25.0,20.0,25.25,4.322904116447646,20.0,32.0,12.0,0,False,0,False,0,False,0,False,140
162:2022:통신:정보통신:2100:SPECIAL_ACCOUNT,162,통신,정보통신,2100,2022,SPECIAL_ACCOUNT,정보통신융합 산업,MODERATE_OR_CONTEXT_REVIEW,PERFORMANCE_BELOW_TARGET,25367000000,0.5,0.0,0.0,0.21875,153.0,88.0,133.0,173.0,136.75,31.499007920885383,88.0,173.0,85.0,33.0,16.0,28.0,40.0,29.25,8.757139944068497,16.0,40.0,24.0,0,False,0,False,0,False,0,False,141
019:2024:사회복지:고용:1200:GENERAL_ACCOUNT,019,사회복지,고용,1200,2024,GENERAL_ACCOUNT,고용안전망확충,MODERATE_OR_CONTEXT_REVIEW,BUDGET_PERFORMANCE_MISMATCH;PROGRAM_STRUCTURE_CONTEXT,1816210000000,0.0,0.0,0.0012493048711327435,0.8686131386861314,126.0,170.0,168.0,87.0,137.75,34.16412592179112,87.0,170.0,83.0,26.0,34.0,29.0,21.0,27.5,4.7169905660283025,21.0,34.0,13.0,0,False,0,False,0,False,0,False,142
075:2023:보건:보건의료:2700:GENERAL_ACCOUNT,075,보건,보건의료,2700,2023,GENERAL_ACCOUNT,공공보건의료확충,MULTIPLE_SIGNAL_REVIEW,EXECUTION_MANAGEMENT;BUDGET_PERFORMANCE_MISMATCH;ACCOUNTING_ADJUSTMENT_CONTEXT,1108174000000,0.0,0.0010539861068749132,0.04428817135215228,0.8188405797101449,129.0,164.0,162.0,97.0,138.0,27.44995446262161,97.0,164.0,67.0,55.0,62.0,63.0,39.0,54.75,9.60143218483576,39.0,63.0,24.0,0,False,0,False,0,False,0,False,143
019:2024:사회복지:노동:3000:FUND,019,사회복지,노동,3000,2024,FUND,근로조건보호및복지증진,MODERATE_OR_CONTEXT_REVIEW,EXECUTION_MANAGEMENT;ACCOUNTING_ADJUSTMENT_CONTEXT,1024671000000,0.0,0.021786505131891114,0.0,0.8248175182481752,130.0,171.0,160.0,99.0,140.0,28.026772914483036,99.0,171.0,72.0,29.0,35.0,30.0,27.0,30.25,2.947456530637899,27.0,35.0,8.0,0,False,0,False,0,False,0,False,144
075:2023:보건:보건의료:4500:GENERAL_ACCOUNT,075,보건,보건의료,4500,2023,GENERAL_ACCOUNT,소록도병원,MODERATE_OR_CONTEXT_REVIEW,EXECUTION_MANAGEMENT,11317000000,0.0,0.5,0.0,0.15217391304347827,170.0,148.0,58.5,184.0,140.125,48.84206051140758,58.5,184.0,125.5,62.0,56.0,27.0,67.0,53.0,15.508062419270823,27.0,67.0,40.0,0,False,0,False,0,False,0,False,145
075:2022:사회복지:아동·보육:2500:FUND,075,사회복지,아동·보육,2500,2022,FUND,저출산대응및인구정책 지원,MODERATE_OR_CONTEXT_REVIEW,PERFORMANCE_BELOW_TARGET;PROGRAM_STRUCTURE_CONTEXT,20934000000,0.5,0.0,0.0,0.1953125,158.0,90.0,136.0,177.0,140.25,32.437439787998066,90.0,177.0,87.0,61.0,42.0,55.0,66.0,56.0,8.972179222463181,42.0,66.0,24.0,0,False,0,False,0,False,0,False,146
075:2024:사회복지:공적연금:7400:FUND,075,사회복지,공적연금,7400,2024,FUND,국민연금운영(여유자금운영위탁 등),MODERATE_OR_CONTEXT_REVIEW,EXECUTION_MANAGEMENT;ACCOUNTING_ADJUSTMENT_CONTEXT,349971000000,0.0,0.07779501730143355,0.0,0.7299270072992701,139.0,168.0,142.0,113.0,140.5,19.474342094150444,113.0,168.0,55.0,57.0,63.0,57.0,43.0,55.0,7.3484692283495345,43.0,63.0,20.0,0,False,0,False,0,False,0,False,147
162:2024:교육:고등교육:2200:GENERAL_ACCOUNT,162,교육,고등교육,2200,2024,GENERAL_ACCOUNT,과학기술인력양성,MODERATE_OR_CONTEXT_REVIEW,EXECUTION_MANAGEMENT,188107000000,0.0,0.1367253743879813,0.0,0.6204379562043796,147.0,165.0,124.0,129.0,141.25,16.16129635889399,124.0,165.0,41.0,27.0,33.0,23.0,24.0,26.75,3.897114317029974,23.0,33.0,10.0,0,False,0,False,0,False,0,False,148
075:2024:보건:보건의료:3900:RESPONSIBLE_OPERATION_ACCOUNT,075,보건,보건의료,3900,2024,RESPONSIBLE_OPERATION_ACCOUNT,국립부곡병원,MODERATE_OR_CONTEXT_REVIEW,EXECUTION_MANAGEMENT;ACCOUNTING_ADJUSTMENT_CONTEXT;PROGRAM_STRUCTURE_CONTEXT,7700000000,0.0,0.5,0.0,0.13138686131386862,171.0,151.0,61.0,186.0,142.25,48.52512235945418,61.0,186.0,125.0,63.0,57.0,28.0,68.0,54.0,15.508062419270823,28.0,68.0,40.0,0,False,0,False,0,False,0,False,149
162:2022:교육:평생·직업교육:4100:GENERAL_ACCOUNT,162,교육,평생·직업교육,4100,2022,GENERAL_ACCOUNT,평생직업교육 체제 구축,MODERATE_OR_CONTEXT_REVIEW,PERFORMANCE_BELOW_TARGET,19364000000,0.5,0.0,0.0,0.1796875,163.0,91.0,138.0,178.0,142.5,32.988634406413375,91.0,178.0,87.0,39.0,17.0,30.0,42.0,32.0,9.72111104761179,17.0,42.0,25.0,0,False,0,False,0,False,0,False,150
162:2023:과학기술:과학기술연구개발:1100:GENERAL_ACCOUNT,162,과학기술,과학기술연구개발,1100,2023,GENERAL_ACCOUNT,미래유망원천기술개발,MODERATE_OR_CONTEXT_REVIEW,BUDGET_PERFORMANCE_MISMATCH,931362000000,0.0,0.0,0.0355382762019494,0.8043478260869565,132.0,169.0,167.0,103.0,142.75,27.261465477849864,103.0,169.0,66.0,23.0,36.0,33.0,15.0,26.75,8.317902379807062,15.0,36.0,21.0,0,False,0,False,0,False,0,False,151
075:2024:보건:보건의료:3800:RESPONSIBLE_OPERATION_ACCOUNT,075,보건,보건의료,3800,2024,RESPONSIBLE_OPERATION_ACCOUNT,국립나주병원,MULTIPLE_SIGNAL_REVIEW,EXECUTION_MANAGEMENT;BUDGET_PERFORMANCE_MISMATCH;PROGRAM_STRUCTURE_CONTEXT,7044000000,0.0,0.5,0.008375922771152754,0.11678832116788321,172.0,150.0,60.0,189.0,142.75,49.73617898471896,60.0,189.0,129.0,65.0,58.0,29.0,71.0,55.75,16.11482236948332,29.0,71.0,42.0,0,False,0,False,0,False,0,False,152
102:2022:산업·중소기업및에너지:중소기업및소상공인육성:3300:GENERAL_ACCOUNT,102,산업·중소기업및에너지,중소기업및소상공인육성,3300,2022,GENERAL_ACCOUNT,지역중소기업육성,MODERATE_OR_CONTEXT_REVIEW,PERFORMANCE_BELOW_TARGET,18796000000,0.5,0.0,0.0,0.171875,165.0,92.0,139.0,179.0,143.75,33.14645531576491,92.0,179.0,87.0,34.0,19.0,30.0,36.0,29.75,6.5717197140474575,19.0,36.0,17.0,0,False,0,False,0,False,0,False,153
162:2023:통신:정보통신:2600:FUND,162,통신,정보통신,2600,2023,FUND,인공지능데이터진흥,MODERATE_OR_CONTEXT_REVIEW,BUDGET_PERFORMANCE_MISMATCH;ACCOUNTING_ADJUSTMENT_CONTEXT,598257000000,0.0,0.0,0.06263528884743513,0.7608695652173914,136.0,167.0,166.0,109.0,144.5,23.984369910422913,109.0,167.0,58.0,22.0,35.0,32.0,17.0,26.5,7.297259759663212,17.0,35.0,18.0,0,False,0,False,0,False,0,False,154
019:2023:사회복지:노동:3000:FUND,019,사회복지,노동,3000,2023,FUND,근로조건보호및복지증진,MULTIPLE_SIGNAL_REVIEW,EXECUTION_MANAGEMENT;BUDGET_PERFORMANCE_MISMATCH;ACCOUNTING_ADJUSTMENT_CONTEXT,1029040000000,0.0,0.015183083262069502,0.00539531990981886,0.8115942028985508,134.0,175.0,165.0,104.0,144.5,27.84331158465171,104.0,175.0,71.0,31.0,36.0,34.0,29.0,32.5,2.692582403567252,29.0,36.0,7.0,0,False,0,False,0,False,0,False,155
102:2022:산업·중소기업및에너지:창업및벤처:5100:SPECIAL_ACCOUNT,102,산업·중소기업및에너지,창업및벤처,5100,2022,SPECIAL_ACCOUNT,창업환경조성,MODERATE_OR_CONTEXT_REVIEW,PERFORMANCE_BELOW_TARGET,62014000000,0.3333333333333333,0.0,0.0,0.375,155.0,119.0,145.0,160.0,144.75,15.817316460133181,119.0,160.0,41.0,31.0,27.0,31.0,31.0,30.0,1.732050807568877,27.0,31.0,4.0,0,False,0,False,0,False,0,False,156
102:2022:산업·중소기업및에너지:창업및벤처:5200:SPECIAL_ACCOUNT,102,산업·중소기업및에너지,창업및벤처,5200,2022,SPECIAL_ACCOUNT,벤처기업활성화지원,MODERATE_OR_CONTEXT_REVIEW,PERFORMANCE_BELOW_TARGET;PROGRAM_STRUCTURE_CONTEXT,60000000000,0.3333333333333333,0.0,0.0,0.359375,159.0,120.0,146.0,161.0,146.5,16.347782724271816,120.0,161.0,41.0,33.0,28.0,34.0,32.0,31.75,2.2776083947860744,28.0,34.0,6.0,0,False,0,False,0,False,0,False,157
075:2023:사회복지:노인:2200:SPECIAL_ACCOUNT,075,사회복지,노인,2200,2023,SPECIAL_ACCOUNT,노인의료보장,MODERATE_OR_CONTEXT_REVIEW,PERFORMANCE_BELOW_TARGET;PROGRAM_STRUCTURE_CONTEXT,54765000000,0.3333333333333333,0.0,0.0,0.34782608695652173,160.0,121.0,148.0,162.0,147.75,16.345871038277526,121.0,162.0,41.0,59.0,52.0,58.0,59.0,57.0,2.9154759474226495,52.0,59.0,7.0,0,False,0,False,0,False,0,False,158
162:2024:과학기술:과학기술연구개발:1100:GENERAL_ACCOUNT,162,과학기술,과학기술연구개발,1100,2024,GENERAL_ACCOUNT,미래유망원천기술개발,MODERATE_OR_CONTEXT_REVIEW,BUDGET_PERFORMANCE_MISMATCH;ACCOUNTING_ADJUSTMENT_CONTEXT,912332000000,0.0,0.0,0.0031929166136888763,0.8029197080291971,140.0,176.0,173.0,107.0,149.0,28.062430400804562,107.0,176.0,69.0,26.0,38.0,36.0,18.0,29.5,8.04673846971554,18.0,38.0,20.0,0,False,0,False,0,False,0,False,159
162:2024:과학기술:과학기술인력및문화:2300:RESPONSIBLE_OPERATION_ACCOUNT,162,과학기술,과학기술인력및문화,2300,2024,RESPONSIBLE_OPERATION_ACCOUNT,국립과천과학관운영,MODERATE_OR_CONTEXT_REVIEW,EXECUTION_MANAGEMENT;ACCOUNTING_ADJUSTMENT_CONTEXT;PROGRAM_STRUCTURE_CONTEXT,3344000000,0.0,0.5,0.0,0.043795620437956206,181.0,154.0,63.0,198.0,149.0,52.07206544780032,63.0,198.0,135.0,43.0,34.0,7.0,51.0,33.75,16.57369904396722,7.0,51.0,44.0,0,False,0,False,0,False,1,False,160
075:2023:사회복지:사회복지일반:2600:SPECIAL_ACCOUNT,075,사회복지,사회복지일반,2600,2023,SPECIAL_ACCOUNT,사회복지기반조성,MODERATE_OR_CONTEXT_REVIEW,BUDGET_PERFORMANCE_MISMATCH,399085000000,0.0,0.0,0.06734154378139995,0.7318840579710145,144.0,172.0,169.0,115.0,150.0,22.94558781116753,115.0,172.0,57.0,60.0,65.0,66.0,45.0,59.0,8.396427811873332,45.0,66.0,21.0,0,False,0,False,0,False,0,False,161
019:2022:사회복지:노동:2000:GENERAL_ACCOUNT,019,사회복지,노동,2000,2022,GENERAL_ACCOUNT,노사정책,MODERATE_OR_CONTEXT_REVIEW,PERFORMANCE_BELOW_TARGET,57554000000,0.3333333333333333,0.0,0.0,0.3359375,166.0,122.0,149.0,165.0,150.5,17.78341924377874,122.0,166.0,44.0,35.0,25.0,31.0,36.0,31.75,4.3229041164476465,25.0,36.0,11.0,0,False,0,False,0,False,0,False,162
102:2022:산업·중소기업및에너지:창업및벤처:5200:GENERAL_ACCOUNT,102,산업·중소기업및에너지,창업및벤처,5200,2022,GENERAL_ACCOUNT,벤처기업활성화지원,MODERATE_OR_CONTEXT_REVIEW,PERFORMANCE_BELOW_TARGET;PROGRAM_STRUCTURE_CONTEXT,54710000000,0.3333333333333333,0.0,0.0,0.328125,168.0,123.0,150.0,166.0,151.75,18.005207580030838,123.0,168.0,45.0,35.0,29.0,36.0,34.0,33.5,2.6925824035672514,29.0,36.0,7.0,0,False,0,False,0,False,0,False,163
019:2023:사회복지:고용:1400:FUND,019,사회복지,고용,1400,2023,FUND,장애인고용증진,MULTIPLE_SIGNAL_REVIEW,EXECUTION_MANAGEMENT;BUDGET_PERFORMANCE_MISMATCH;ACCOUNTING_ADJUSTMENT_CONTEXT,793474000000,0.0,0.0028999059830567856,0.0003831253450018526,0.782608695652174,146.0,177.0,176.0,111.0,152.5,27.004629232781554,111.0,177.0,66.0,32.0,37.0,38.0,31.0,34.5,3.0413812651491097,31.0,38.0,7.0,0,False,0,False,0,False,0,False,164
162:2024:통신:우정:5300:SPECIAL_ACCOUNT,162,통신,우정,5300,2024,SPECIAL_ACCOUNT,우체국보험,MODERATE_OR_CONTEXT_REVIEW,EXECUTION_MANAGEMENT;PROGRAM_STRUCTURE_CONTEXT,292782000000,0.0,0.03996318079663367,0.0,0.708029197080292,148.0,178.0,163.0,122.0,152.75,20.680606857633556,122.0,178.0,56.0,28.0,37.0,31.0,21.0,29.25,5.7608593109014565,21.0,37.0,16.0,0,False,0,False,0,False,0,False,165
075:2023:사회복지:취약계층지원:1500:SPECIAL_ACCOUNT,075,사회복지,취약계층지원,1500,2023,SPECIAL_ACCOUNT,장애인생활안정 및 재활 지원,MODERATE_OR_CONTEXT_REVIEW,PERFORMANCE_BELOW_TARGET,4834000000,0.5,0.0,0.0,0.07971014492753623,178.0,95.0,144.0,194.0,152.75,37.91684981640748,95.0,194.0,99.0,70.0,43.0,59.0,72.0,61.0,11.510864433221338,43.0,72.0,29.0,0,False,0,False,0,False,0,False,166
162:2023:과학기술:과학기술인력및문화:1700:FUND,162,과학기술,과학기술인력및문화,1700,2023,FUND,과학기술인력양성,MODERATE_OR_CONTEXT_REVIEW,PERFORMANCE_BELOW_TARGET,41481000000,0.3333333333333333,0.0,0.0,0.2898550724637681,173.0,124.0,156.0,175.0,157.0,20.43281674170255,124.0,175.0,51.0,40.0,20.0,34.0,44.0,34.5,9.096702699330127,20.0,44.0,24.0,0,False,0,False,0,False,0,False,167
075:2024:보건:보건의료:2800:FUND,075,보건,보건의료,2800,2024,FUND,응급의료체계운영지원,MODERATE_OR_CONTEXT_REVIEW,EXECUTION_MANAGEMENT,278809000000,0.0,0.02043872328368166,0.0,0.7007299270072993,152.0,180.0,175.0,125.0,158.0,21.783020910791965,125.0,180.0,55.0,64.0,66.0,67.0,51.0,62.0,6.442049363362563,51.0,67.0,16.0,0,False,0,False,0,False,0,False,168
162:2024:통신:정보통신:2200:FUND,162,통신,정보통신,2200,2024,FUND,SW산업진흥,MODERATE_OR_CONTEXT_REVIEW,BUDGET_PERFORMANCE_MISMATCH,353937000000,0.0,0.0,0.0015822024823626804,0.7372262773722628,149.0,181.0,182.0,120.0,158.0,25.64176280991617,120.0,182.0,62.0,29.0,39.0,37.0,22.0,31.75,6.7592529172978875,22.0,39.0,17.0,0,False,0,False,0,False,0,False,169
162:2024:통신:방송통신:2500:FUND,162,통신,방송통신,2500,2024,FUND,전파활용방송서비스산업,MULTIPLE_SIGNAL_REVIEW,EXECUTION_MANAGEMENT;BUDGET_PERFORMANCE_MISMATCH,21614000000,0.0,0.2671185342833349,0.04770056444896826,0.22627737226277372,182.0,174.0,94.0,185.0,158.75,37.599035891894886,94.0,185.0,91.0,42.0,40.0,18.0,47.0,36.75,11.121488209767612,18.0,47.0,29.0,0,False,0,False,0,False,0,False,170
075:2024:보건:보건의료:2700:GENERAL_ACCOUNT,075,보건,보건의료,2700,2024,GENERAL_ACCOUNT,공공보건의료확충,MULTIPLE_SIGNAL_REVIEW,EXECUTION_MANAGEMENT;BUDGET_PERFORMANCE_MISMATCH;ACCOUNTING_ADJUSTMENT_CONTEXT,177230000000,0.0,0.010082943068329289,0.07310274784178751,0.6131386861313869,157.0,179.0,172.0,137.0,161.25,16.09930122707194,137.0,179.0,42.0,68.0,67.0,68.0,62.0,66.25,2.4874685927665507,62.0,68.0,6.0,0,False,0,False,0,False,0,False,171
075:2023:사회복지:사회복지일반:2600:GENERAL_ACCOUNT,075,사회복지,사회복지일반,2600,2023,GENERAL_ACCOUNT,사회복지기반조성,MODERATE_OR_CONTEXT_REVIEW,EXECUTION_MANAGEMENT;ACCOUNTING_ADJUSTMENT_CONTEXT,201741000000,0.0,0.05671132789071136,0.0,0.6231884057971014,162.0,182.0,164.0,138.0,161.5,15.644487847162019,138.0,182.0,44.0,66.0,68.0,65.0,60.0,64.75,2.947456530637898,60.0,68.0,8.0,0,False,0,False,0,False,0,False,172
162:2024:통신:정보통신:2600:GENERAL_ACCOUNT,162,통신,정보통신,2600,2024,GENERAL_ACCOUNT,인공지능데이터진흥,MODERATE_OR_CONTEXT_REVIEW,BUDGET_PERFORMANCE_MISMATCH,235840000000,0.0,0.0,0.0020352781546811396,0.6788321167883211,161.0,183.0,187.0,132.0,165.75,21.856063231972954,132.0,187.0,55.0,31.0,42.0,40.0,26.0,34.75,6.53356717268599,26.0,42.0,16.0,0,False,0,False,0,False,0,False,173
019:2022:사회복지:고용:1300:GENERAL_ACCOUNT,019,사회복지,고용,1300,2022,GENERAL_ACCOUNT,고용평등증진,MODERATE_OR_CONTEXT_REVIEW,PERFORMANCE_BELOW_TARGET;PROGRAM_STRUCTURE_CONTEXT,66040000000,0.2,0.0,0.0,0.390625,177.0,142.0,179.0,167.0,166.25,14.720309100015529,142.0,179.0,37.0,34.0,31.0,37.0,33.0,33.75,2.165063509461097,31.0,37.0,6.0,0,False,0,False,0,False,0,False,174
162:2024:과학기술:과학기술연구개발:1100:SPECIAL_ACCOUNT,162,과학기술,과학기술연구개발,1100,2024,SPECIAL_ACCOUNT,미래유망원천기술개발,MODERATE_OR_CONTEXT_REVIEW,BUDGET_PERFORMANCE_MISMATCH,234200000000,0.0,0.0,0.0012809564474807857,0.6715328467153284,164.0,186.0,190.0,134.0,168.5,22.242976419535225,134.0,190.0,56.0,32.0,43.0,42.0,27.0,36.0,6.745368781616021,27.0,43.0,16.0,0,False,0,False,0,False,0,False,175
075:2024:사회복지:사회복지일반:2600:GENERAL_ACCOUNT,075,사회복지,사회복지일반,2600,2024,GENERAL_ACCOUNT,사회복지기반조성,MODERATE_OR_CONTEXT_REVIEW,EXECUTION_MANAGEMENT;ACCOUNTING_ADJUSTMENT_CONTEXT,199538000000,0.0,0.026481171506179273,0.0,0.6277372262773723,169.0,185.0,181.0,140.0,168.75,17.612140698961046,140.0,185.0,45.0,69.0,70.0,69.0,63.0,67.75,2.772634126602353,63.0,70.0,7.0,0,False,0,False,0,False,0,False,176
075:2023:보건:보건의료:2800:FUND,075,보건,보건의료,2800,2023,FUND,응급의료체계운영지원,MODERATE_OR_CONTEXT_REVIEW,EXECUTION_MANAGEMENT,248941000000,0.0,0.0033039957258948907,0.0,0.6594202898550725,167.0,188.0,189.0,135.0,169.75,21.90176933491904,135.0,189.0,54.0,67.0,69.0,70.0,58.0,66.0,4.74341649025257,58.0,70.0,12.0,0,False,0,False,0,False,0,False,177
162:2023:과학기술:과학기술인력및문화:2200:RESPONSIBLE_OPERATION_ACCOUNT,162,과학기술,과학기술인력및문화,2200,2023,RESPONSIBLE_OPERATION_ACCOUNT,국립중앙과학관운영,MODERATE_OR_CONTEXT_REVIEW,PERFORMANCE_BELOW_TARGET,11718000000,0.3333333333333333,0.0,0.0,0.15942028985507245,186.0,130.0,171.0,195.0,170.5,24.90481881082454,130.0,195.0,65.0,46.0,21.0,39.0,49.0,38.75,10.871407452579449,21.0,49.0,28.0,0,False,0,False,0,False,0,False,178
019:2023:사회복지:고용:1300:GENERAL_ACCOUNT,019,사회복지,고용,1300,2023,GENERAL_ACCOUNT,고용평등증진,MODERATE_OR_CONTEXT_REVIEW,PERFORMANCE_BELOW_TARGET;PROGRAM_STRUCTURE_CONTEXT,40333000000,0.25,0.0,0.0,0.2826086956521739,184.0,139.0,180.0,181.0,171.0,18.53375299285064,139.0,184.0,45.0,33.0,29.0,35.0,34.0,32.75,2.277608394786074,29.0,35.0,6.0,0,False,0,False,0,False,0,False,179
162:2024:과학기술:과학기술연구개발:1400:FUND,162,과학기술,과학기술연구개발,1400,2024,FUND,원자력 진흥,MODERATE_OR_CONTEXT_REVIEW,EXECUTION_MANAGEMENT,125611000000,0.0,0.049677177954160066,0.0,0.5547445255474452,175.0,189.0,174.0,154.0,173.0,12.469963913339928,154.0,189.0,35.0,36.0,44.0,35.0,34.0,37.25,3.9607448794387157,34.0,44.0,10.0,0,False,0,False,0,False,0,False,180
102:2024:산업·중소기업및에너지:중소기업및소상공인육성:5400:FUND,102,산업·중소기업및에너지,중소기업및소상공인육성,5400,2024,FUND,중소기업인력지원,MULTIPLE_SIGNAL_REVIEW,EXECUTION_MANAGEMENT;BUDGET_PERFORMANCE_MISMATCH,35542000000,0.0,0.19118226323785945,0.004670530639806427,0.2773722627737226,188.0,187.0,129.0,188.0,173.0,25.406692031825003,129.0,188.0,59.0,37.0,37.0,26.0,37.0,34.25,4.763139720814413,26.0,37.0,11.0,0,False,0,False,0,False,0,False,181
162:2023:과학기술:과학기술인력및문화:1700:SPECIAL_ACCOUNT,162,과학기술,과학기술인력및문화,1700,2023,SPECIAL_ACCOUNT,과학기술인력양성,MODERATE_OR_CONTEXT_REVIEW,PERFORMANCE_BELOW_TARGET,8980000000,0.3333333333333333,0.0,0.0,0.13043478260869565,190.0,132.0,177.0,197.0,174.0,25.28833723280358,132.0,197.0,65.0,51.0,23.0,43.0,53.0,42.5,11.863810517704673,23.0,53.0,30.0,0,False,0,False,0,False,0,False,182
019:2024:사회복지:노동:3000:GENERAL_ACCOUNT,019,사회복지,노동,3000,2024,GENERAL_ACCOUNT,근로조건보호및복지증진,MODERATE_OR_CONTEXT_REVIEW,EXECUTION_MANAGEMENT;ACCOUNTING_ADJUSTMENT_CONTEXT,62340000000,0.0,0.10290343278793712,0.0,0.4306569343065693,183.0,191.0,158.0,170.0,175.5,12.579745625409128,158.0,191.0,33.0,38.0,38.0,32.0,35.0,35.75,2.48746859276655,32.0,38.0,6.0,0,False,0,False,0,False,0,False,183
162:2022:과학기술:과학기술인력및문화:2200:RESPONSIBLE_OPERATION_ACCOUNT,162,과학기술,과학기술인력및문화,2200,2022,RESPONSIBLE_OPERATION_ACCOUNT,국립중앙과학관 운영,MODERATE_OR_CONTEXT_REVIEW,PERFORMANCE_BELOW_TARGET;PROGRAM_STRUCTURE_CONTEXT,10069000000,0.3333333333333333,0.0,0.0,0.125,192.0,134.0,178.0,199.0,175.75,25.262373206015305,134.0,199.0,65.0,47.0,22.0,41.0,50.0,40.0,10.885770528538622,22.0,50.0,28.0,0,False,0,False,0,False,0,False,184
162:2023:통신:정보통신:2100:GENERAL_ACCOUNT,162,통신,정보통신,2100,2023,GENERAL_ACCOUNT,정보통신융합산업,MODERATE_OR_CONTEXT_REVIEW,BUDGET_PERFORMANCE_MISMATCH,165554000000,0.0,0.0,0.03324594996194595,0.572463768115942,174.0,190.0,191.0,151.0,176.5,16.194134740701646,151.0,191.0,40.0,35.0,45.0,44.0,32.0,39.0,5.612486080160912,32.0,45.0,13.0,0,False,0,False,0,False,0,False,185
019:2023:사회복지:고용:1300:SPECIAL_ACCOUNT,019,사회복지,고용,1300,2023,SPECIAL_ACCOUNT,고용평등증진,MODERATE_OR_CONTEXT_REVIEW,PERFORMANCE_BELOW_TARGET;PROGRAM_STRUCTURE_CONTEXT,25696000000,0.25,0.0,0.0,0.21739130434782608,189.0,140.0,184.0,193.0,176.5,21.313141485947114,140.0,193.0,53.0,37.0,30.0,36.0,37.0,35.0,2.9154759474226495,30.0,37.0,7.0,0,False,0,False,0,False,0,False,186
162:2024:통신:정보통신:2100:GENERAL_ACCOUNT,162,통신,정보통신,2100,2024,GENERAL_ACCOUNT,정보통신융합산업,MODERATE_OR_CONTEXT_REVIEW,BUDGET_PERFORMANCE_MISMATCH,138052000000,0.0,0.0,0.017239880624692144,0.5766423357664233,176.0,192.0,193.0,153.0,178.5,16.194134740701646,153.0,193.0,40.0,34.0,46.0,45.0,30.0,38.75,6.905613658466566,30.0,46.0,16.0,0,False,0,False,0,False,0,False,187
102:2023:산업·중소기업및에너지:중소기업및소상공인육성:3300:SPECIAL_ACCOUNT,102,산업·중소기업및에너지,중소기업및소상공인육성,3300,2023,SPECIAL_ACCOUNT,지역중소기업육성,MODERATE_OR_CONTEXT_REVIEW,BUDGET_PERFORMANCE_MISMATCH,77979000000,0.0,0.0,0.11591582349093987,0.4492753623188406,180.0,184.0,188.0,164.0,179.0,9.1104335791443,164.0,188.0,24.0,36.0,38.0,38.0,33.0,36.25,2.046338192968113,33.0,38.0,5.0,0,False,0,False,0,False,0,False,188
019:2023:사회복지:노동:4100:GENERAL_ACCOUNT,019,사회복지,노동,4100,2023,GENERAL_ACCOUNT,산업재해예방,MODERATE_OR_CONTEXT_REVIEW,PERFORMANCE_BELOW_TARGET,4629000000,0.3333333333333333,0.0,0.0,0.06521739130434782,197.0,135.0,183.0,204.0,179.75,26.92002043089864,135.0,204.0,69.0,36.0,26.0,33.0,38.0,33.25,4.548351349665063,26.0,38.0,12.0,0,False,0,False,0,False,0,False,189
162:2024:문화및관광:문화예술:1600:FUND,162,문화및관광,문화예술,1600,2024,FUND,정보통신방송기반조성,MODERATE_OR_CONTEXT_REVIEW,BUDGET_PERFORMANCE_MISMATCH;ACCOUNTING_ADJUSTMENT_CONTEXT,14763000000,0.0,0.0,0.3409198672356567,0.18248175182481752,185.0,173.0,170.0,192.0,180.0,8.916277250063503,170.0,192.0,22.0,45.0,41.0,38.0,48.0,43.0,3.8078865529319543,38.0,48.0,10.0,0,False,0,False,0,False,0,False,190
162:2024:통신:정보통신:2300:GENERAL_ACCOUNT,162,통신,정보통신,2300,2024,GENERAL_ACCOUNT,정보보호및활용,MODERATE_OR_CONTEXT_REVIEW,BUDGET_PERFORMANCE_MISMATCH,127718000000,0.0,0.0,0.004384659953961071,0.5693430656934306,179.0,193.0,194.0,156.0,180.5,15.337861650177967,156.0,194.0,38.0,37.0,47.0,46.0,33.0,40.75,5.931905258852336,33.0,47.0,14.0,0,False,0,False,0,False,0,False,191
162:2023:과학기술:과학기술인력및문화:2300:RESPONSIBLE_OPERATION_ACCOUNT,162,과학기술,과학기술인력및문화,2300,2023,RESPONSIBLE_OPERATION_ACCOUNT,국립과천과학관운영,MODERATE_OR_CONTEXT_REVIEW,PERFORMANCE_BELOW_TARGET;PROGRAM_STRUCTURE_CONTEXT,2994000000,0.3333333333333333,0.0,0.0,0.043478260869565216,199.0,137.0,185.0,206.0,181.75,26.92002043089864,137.0,206.0,69.0,53.0,24.0,47.0,58.0,45.5,13.009611831257688,24.0,58.0,34.0,0,False,0,False,0,False,0,False,192
102:2023:산업·중소기업및에너지:중소기업및소상공인육성:4800:FUND,102,산업·중소기업및에너지,중소기업및소상공인육성,4800,2023,FUND,중소기업육성지원,MODERATE_OR_CONTEXT_REVIEW,PERFORMANCE_BELOW_TARGET,1948000000,0.3333333333333333,0.0,0.0,0.028985507246376812,201.0,138.0,186.0,207.0,183.0,27.08320512790168,138.0,207.0,69.0,38.0,32.0,37.0,38.0,36.25,2.4874685927665503,32.0,38.0,6.0,0,False,0,False,0,False,0,False,193
162:2024:통신:정보통신:2000:GENERAL_ACCOUNT,162,통신,정보통신,2000,2024,GENERAL_ACCOUNT,인터넷융합산업,MODERATE_OR_CONTEXT_REVIEW,BUDGET_PERFORMANCE_MISMATCH,87571000000,0.0,0.0,0.013703166573409005,0.4744525547445255,187.0,194.0,196.0,172.0,187.25,9.417404100918683,172.0,196.0,24.0,41.0,48.0,50.0,37.0,44.0,5.244044240850758,37.0,50.0,13.0,0,False,0,False,0,False,0,False,194
162:2024:과학기술:과학기술연구지원:4600:GENERAL_ACCOUNT,162,과학기술,과학기술연구지원,4600,2024,GENERAL_ACCOUNT,공공연구성과활성화,MODERATE_OR_CONTEXT_REVIEW,BUDGET_PERFORMANCE_MISMATCH,63630000000,0.0,0.0,0.023840955524123842,0.43795620437956206,191.0,197.0,198.0,176.0,190.5,8.789197915623474,176.0,198.0,22.0,44.0,49.0,51.0,38.0,45.5,5.024937810560445,38.0,51.0,13.0,0,False,0,False,0,False,0,False,195
162:2024:통신:방송통신:2500:GENERAL_ACCOUNT,162,통신,방송통신,2500,2024,GENERAL_ACCOUNT,전파활용방송서비스산업,MULTIPLE_SIGNAL_REVIEW,EXECUTION_MANAGEMENT;BUDGET_PERFORMANCE_MISMATCH;ACCOUNTING_ADJUSTMENT_CONTEXT,52205000000,0.0,0.02088880375442965,0.03945982185614405,0.3722627737226277,193.0,195.0,195.0,183.0,191.5,4.9749371855331015,183.0,195.0,12.0,49.0,50.0,49.0,45.0,48.25,1.9202864369671526,45.0,50.0,5.0,0,False,0,False,0,False,0,False,196
162:2024:문화및관광:문화예술:1100:GENERAL_ACCOUNT,162,문화및관광,문화예술,1100,2024,GENERAL_ACCOUNT,콘텐츠방송산업육성,MODERATE_OR_CONTEXT_REVIEW,BUDGET_PERFORMANCE_MISMATCH,52385000000,0.0,0.0,0.050033406509496996,0.3795620437956204,195.0,198.0,199.0,182.0,193.5,6.800735254367723,182.0,199.0,17.0,48.0,51.0,52.0,41.0,48.0,4.301162633521313,41.0,52.0,11.0,0,False,0,False,0,False,0,False,197
162:2023:과학기술:과학기술연구개발:1400:GENERAL_ACCOUNT,162,과학기술,과학기술연구개발,1400,2023,GENERAL_ACCOUNT,원자력 진흥,MODERATE_OR_CONTEXT_REVIEW,BUDGET_PERFORMANCE_MISMATCH,62661000000,0.0,0.0,0.03191777979923716,0.39855072463768115,194.0,199.0,201.0,180.0,193.5,8.200609733428363,180.0,201.0,21.0,50.0,52.0,53.0,43.0,49.5,3.9051248379533265,43.0,53.0,10.0,0,False,0,False,0,False,0,False,198
075:2023:보건:보건의료:3200:GENERAL_ACCOUNT,075,보건,보건의료,3200,2023,GENERAL_ACCOUNT,한의학연구및정책개발,MODERATE_OR_CONTEXT_REVIEW,BUDGET_PERFORMANCE_MISMATCH;ACCOUNTING_ADJUSTMENT_CONTEXT,51805000000,0.0,0.0,0.08570601293311457,0.3188405797101449,196.0,196.0,197.0,191.0,195.0,2.345207879911716,191.0,197.0,6.0,71.0,71.0,71.0,69.0,70.5,0.8660254037844386,69.0,71.0,2.0,0,False,0,False,0,False,0,False,199
162:2024:과학기술:과학기술연구개발:1400:GENERAL_ACCOUNT,162,과학기술,과학기술연구개발,1400,2024,GENERAL_ACCOUNT,원자력 진흥,MULTIPLE_SIGNAL_REVIEW,EXECUTION_MANAGEMENT;BUDGET_PERFORMANCE_MISMATCH,51780000000,0.0,0.014484356894553883,0.010428736964078795,0.36496350364963503,198.0,200.0,203.0,187.0,197.0,6.041522986797287,187.0,203.0,16.0,52.0,53.0,54.0,46.0,51.25,3.112474899497183,46.0,54.0,8.0,0,False,0,False,0,False,0,False,200
075:2024:보건:보건의료:3200:GENERAL_ACCOUNT,075,보건,보건의료,3200,2024,GENERAL_ACCOUNT,한의학연구및정책개발,MODERATE_OR_CONTEXT_REVIEW,EXECUTION_MANAGEMENT,48507000000,0.0,0.011183952831550086,0.0,0.35766423357664234,200.0,201.0,204.0,190.0,198.75,5.261891294962296,190.0,204.0,14.0,72.0,72.0,72.0,70.0,71.5,0.8660254037844386,70.0,72.0,2.0,0,False,0,False,0,False,0,False,201
162:2024:문화및관광:문화예술:1200:FUND,162,문화및관광,문화예술,1200,2024,FUND,정보통신방송국제협력,MODERATE_OR_CONTEXT_REVIEW,EXECUTION_MANAGEMENT,15304000000,0.0,0.08759147935180345,0.0,0.1897810218978102,205.0,202.0,192.0,203.0,200.5,5.024937810560443,192.0,205.0,13.0,57.0,54.0,48.0,57.0,54.0,3.6742346141747673,48.0,57.0,9.0,0,False,0,False,0,False,0,False,202
162:2024:과학기술:과학기술인력및문화:1700:FUND,162,과학기술,과학기술인력및문화,1700,2024,FUND,과학기술인력양성,MODERATE_OR_CONTEXT_REVIEW,EXECUTION_MANAGEMENT,38149000000,0.0,0.02125874859105088,0.0,0.29927007299270075,202.0,204.0,205.0,196.0,201.75,3.491060010942234,196.0,205.0,9.0,54.0,57.0,57.0,52.0,55.0,2.1213203435596424,52.0,57.0,5.0,0,False,0,False,0,False,0,False,203
162:2024:통신:방송통신:7000:GENERAL_ACCOUNT,162,통신,방송통신,7000,2024,GENERAL_ACCOUNT,과학기술정보통신부운영지원,MODERATE_OR_CONTEXT_REVIEW,EXECUTION_MANAGEMENT;ACCOUNTING_ADJUSTMENT_CONTEXT,22184000000,0.0,0.043544897223223945,0.0,0.24087591240875914,204.0,205.0,202.0,200.0,202.75,1.9202864369671488,200.0,205.0,5.0,55.0,56.0,56.0,54.0,55.25,0.8291561975888497,54.0,56.0,2.0,0,False,0,False,0,False,0,False,204
162:2024:과학기술:과학기술연구개발:1500:GENERAL_ACCOUNT,162,과학기술,과학기술연구개발,1500,2024,GENERAL_ACCOUNT,사회문제해결,MODERATE_OR_CONTEXT_REVIEW,BUDGET_PERFORMANCE_MISMATCH,19084000000,0.0,0.0,0.06759589184657304,0.21897810218978103,203.0,203.0,206.0,201.0,203.25,1.7853571071357126,201.0,206.0,5.0,56.0,55.0,58.0,55.0,56.0,1.2247448713915887,55.0,58.0,3.0,0,False,0,False,0,False,0,False,205
162:2024:통신:방송통신:2400:FUND,162,통신,방송통신,2400,2024,FUND,통신정책지원,MODERATE_OR_CONTEXT_REVIEW,EXECUTION_MANAGEMENT,16096000000,0.0,0.054858349900596425,0.0,0.20437956204379562,207.0,208.0,200.0,205.0,205.0,3.082207001484488,200.0,208.0,8.0,58.0,58.0,55.0,56.0,56.75,1.299038105676658,55.0,58.0,3.0,0,False,0,False,0,False,0,False,206
102:2023:산업·중소기업및에너지:창업및벤처:5200:GENERAL_ACCOUNT,102,산업·중소기업및에너지,창업및벤처,5200,2023,GENERAL_ACCOUNT,벤처기업활성화지원,MODERATE_OR_CONTEXT_REVIEW,BUDGET_PERFORMANCE_MISMATCH;PROGRAM_STRUCTURE_CONTEXT,26299000000,0.0,0.0,0.049431537320810674,0.2246376811594203,206.0,207.0,208.0,202.0,205.75,2.277608394786075,202.0,208.0,6.0,39.0,39.0,39.0,39.0,39.0,0.0,39.0,39.0,0.0,0,False,0,False,0,False,0,False,207
102:2024:산업·중소기업및에너지:창업및벤처:5200:GENERAL_ACCOUNT,102,산업·중소기업및에너지,창업및벤처,5200,2024,GENERAL_ACCOUNT,벤처기업활성화지원,MODERATE_OR_CONTEXT_REVIEW,BUDGET_PERFORMANCE_MISMATCH;PROGRAM_STRUCTURE_CONTEXT,9846000000,0.0,0.0,0.08947796059313427,0.145985401459854,208.0,206.0,207.0,208.0,207.25,0.82915619758885,206.0,208.0,2.0,40.0,40.0,40.0,40.0,40.0,0.0,40.0,40.0,0.0,0,False,0,False,0,False,0,False,208
