candidate_id,ministry_code,field_name,sector_name,program_code,fiscal_year,account_type,performance_program_name,program_level_priority_reason_context,all_scenario_top_5,all_scenario_top_5_within_ministry,drilldown_selection_scope,program_level_reported_target_context_signal,program_context_grain,program_context_disclaimer,project_performance_attributed,drilldown_role,project_id,account_code,account_name_budget_api,activity_code,activity_name_budget_api,subactivity_code,project_name,project_original_budget,project_current_budget,project_expenditure,project_remaining_amount,project_carryover,project_unused,execution_rate,budget_share_within_candidate,remaining_share_within_candidate,budget_rank_within_candidate,project_financial_signal_types,project_status,structural_change_type,financial_quality_level,rank_confidence,budget_ranking_eligible,execution_ranking_eligible,source_trace_v2
019:2023:사회복지:고용:1100:FUND,019,사회복지,고용,1100,2023,FUND,직업능력개발,PERFORMANCE_BELOW_TARGET;EXECUTION_MANAGEMENT;ACCOUNTING_ADJUSTMENT_CONTEXT,False,True,WITHIN_MINISTRY,True,PROGRAM_YEAR_ACCOUNT,PROGRAM_LEVEL_REFERENCE_NOT_PROJECT_PERFORMANCE,False,PROJECT_FINANCIAL_CONTEXT_ONLY,code:2023:019:541:1100:1151:352,541,고용보험기금,1151,실업자및근로자능력개발지원,352,내일배움카드(고보),887312000000,887388000000,655434432610,231953567390,32000000,231921567390,0.7386108811590871,0.46830055062702236,0.9014775370387834,1.0,NONE,CONTINUING,,CLEAR,MEDIUM,True,True,C:\00_Sookmyunguniv\2026_SUMMER\2026 재정데이터분석경진대회(본선진출)\본선\프로젝트 수행\code\openapi 명세\실데이터\사업별결산세출지출현황\사업별결산세출지출현황_2023.csv
019:2023:사회복지:고용:1100:FUND,019,사회복지,고용,1100,2023,FUND,직업능력개발,PERFORMANCE_BELOW_TARGET;EXECUTION_MANAGEMENT;ACCOUNTING_ADJUSTMENT_CONTEXT,False,True,WITHIN_MINISTRY,True,PROGRAM_YEAR_ACCOUNT,PROGRAM_LEVEL_REFERENCE_NOT_PROJECT_PERFORMANCE,False,PROJECT_FINANCIAL_CONTEXT_ONLY,code:2023:019:541:1100:1152:350,541,고용보험기금,1152,사업주능력개발지원금,350,사업주직업훈련지원금,401405000000,401405000000,398365509610,3039490390,0,3039490390,0.9924278711276641,0.21185127950984536,0.011812848327627747,2.0,ACCOUNTING_ADJUSTMENT_PATTERN,CONTINUING,,CLEAR,MEDIUM,True,True,C:\00_Sookmyunguniv\2026_SUMMER\2026 재정데이터분석경진대회(본선진출)\본선\프로젝트 수행\code\openapi 명세\실데이터\사업별결산세출지출현황\사업별결산세출지출현황_2023.csv
019:2023:사회복지:고용:1100:FUND,019,사회복지,고용,1100,2023,FUND,직업능력개발,PERFORMANCE_BELOW_TARGET;EXECUTION_MANAGEMENT;ACCOUNTING_ADJUSTMENT_CONTEXT,False,True,WITHIN_MINISTRY,True,PROGRAM_YEAR_ACCOUNT,PROGRAM_LEVEL_REFERENCE_NOT_PROJECT_PERFORMANCE,False,PROJECT_FINANCIAL_CONTEXT_ONLY,code:2023:019:541:1100:1154:356,541,고용보험기금,1154,한국산업인력공단능력개발사업지원,356,산업현장일학습병행지원,299232000000,299232000000,294609108510,4622891490,0,4622891490,0.9845508117781521,0.1579269866351691,0.01796666842116617,3.0,NONE,CONTINUING,,CLEAR,MEDIUM,True,True,C:\00_Sookmyunguniv\2026_SUMMER\2026 재정데이터분석경진대회(본선진출)\본선\프로젝트 수행\code\openapi 명세\실데이터\사업별결산세출지출현황\사업별결산세출지출현황_2023.csv
019:2023:사회복지:고용:1100:FUND,019,사회복지,고용,1100,2023,FUND,직업능력개발,PERFORMANCE_BELOW_TARGET;EXECUTION_MANAGEMENT;ACCOUNTING_ADJUSTMENT_CONTEXT,False,True,WITHIN_MINISTRY,True,PROGRAM_YEAR_ACCOUNT,PROGRAM_LEVEL_REFERENCE_NOT_PROJECT_PERFORMANCE,False,PROJECT_FINANCIAL_CONTEXT_ONLY,code:2023:019:541:1100:1153:350,541,고용보험기금,1153,중소기업능력개발지원,350,국가인적자원개발컨소시엄지원,144521000000,144521000000,144286860890,234139110,0,234139110,0.9983798955861086,0.07627448279429096,0.0009099715541445581,4.0,ACCOUNTING_ADJUSTMENT_PATTERN;MULTIPLE_FINANCIAL_SIGNALS,CONTINUING,,CLEAR,MEDIUM,True,True,C:\00_Sookmyunguniv\2026_SUMMER\2026 재정데이터분석경진대회(본선진출)\본선\프로젝트 수행\code\openapi 명세\실데이터\사업별결산세출지출현황\사업별결산세출지출현황_2023.csv
019:2023:사회복지:고용:1100:FUND,019,사회복지,고용,1100,2023,FUND,직업능력개발,PERFORMANCE_BELOW_TARGET;EXECUTION_MANAGEMENT;ACCOUNTING_ADJUSTMENT_CONTEXT,False,True,WITHIN_MINISTRY,True,PROGRAM_YEAR_ACCOUNT,PROGRAM_LEVEL_REFERENCE_NOT_PROJECT_PERFORMANCE,False,PROJECT_FINANCIAL_CONTEXT_ONLY,code:2023:019:541:1100:1160:352,541,고용보험기금,1160,능력개발융자지원(융자),352,직업훈련생계비대부(융자),95559000000,95559000000,78952920000,16606080000,0,16606080000,0.8262217059617618,0.05043359305111125,0.06453881380965727,5.0,NONE,CONTINUING,,CLEAR,HIGH,True,True,C:\00_Sookmyunguniv\2026_SUMMER\2026 재정데이터분석경진대회(본선진출)\본선\프로젝트 수행\code\openapi 명세\실데이터\사업별결산세출지출현황\사업별결산세출지출현황_2023.csv
019:2023:사회복지:고용:1100:FUND,019,사회복지,고용,1100,2023,FUND,직업능력개발,PERFORMANCE_BELOW_TARGET;EXECUTION_MANAGEMENT;ACCOUNTING_ADJUSTMENT_CONTEXT,False,True,WITHIN_MINISTRY,True,PROGRAM_YEAR_ACCOUNT,PROGRAM_LEVEL_REFERENCE_NOT_PROJECT_PERFORMANCE,False,PROJECT_FINANCIAL_CONTEXT_ONLY,code:2023:019:541:1100:1155:350,541,고용보험기금,1155,한국폴리텍대학능력개발사업지원,350,기능인력양성및장비확충(폴리텍),53132000000,53132000000,52284400000,847600000,0,847600000,0.9840472784762478,0.028041708954589763,0.0032941608486208368,6.0,NONE,CONTINUING,,CLEAR,MEDIUM,True,True,C:\00_Sookmyunguniv\2026_SUMMER\2026 재정데이터분석경진대회(본선진출)\본선\프로젝트 수행\code\openapi 명세\실데이터\사업별결산세출지출현황\사업별결산세출지출현황_2023.csv
019:2023:사회복지:고용:1100:FUND,019,사회복지,고용,1100,2023,FUND,직업능력개발,PERFORMANCE_BELOW_TARGET;EXECUTION_MANAGEMENT;ACCOUNTING_ADJUSTMENT_CONTEXT,False,True,WITHIN_MINISTRY,True,PROGRAM_YEAR_ACCOUNT,PROGRAM_LEVEL_REFERENCE_NOT_PROJECT_PERFORMANCE,False,PROJECT_FINANCIAL_CONTEXT_ONLY,code:2023:019:541:1100:1154:350,541,고용보험기금,1154,한국산업인력공단능력개발사업지원,350,중견.중소기업현장훈련지원,11121000000,11121000000,11121000000,0,0,0,1.0,0.005869379004818052,0.0,7.0,NONE,TERMINATED,TERMINATED,CLEAR,MEDIUM,True,True,C:\00_Sookmyunguniv\2026_SUMMER\2026 재정데이터분석경진대회(본선진출)\본선\프로젝트 수행\code\openapi 명세\실데이터\사업별결산세출지출현황\사업별결산세출지출현황_2023.csv
019:2023:사회복지:고용:1100:FUND,019,사회복지,고용,1100,2023,FUND,직업능력개발,PERFORMANCE_BELOW_TARGET;EXECUTION_MANAGEMENT;ACCOUNTING_ADJUSTMENT_CONTEXT,False,True,WITHIN_MINISTRY,True,PROGRAM_YEAR_ACCOUNT,PROGRAM_LEVEL_REFERENCE_NOT_PROJECT_PERFORMANCE,False,PROJECT_FINANCIAL_CONTEXT_ONLY,code:2023:019:541:1100:1154:355,541,고용보험기금,1154,한국산업인력공단능력개발사업지원,355,외국인력고용지원,2467000000,2467000000,2467000000,0,0,0,1.0,0.001302019423153146,0.0,8.0,NONE,TERMINATED,TERMINATED,CLEAR,MEDIUM,True,True,C:\00_Sookmyunguniv\2026_SUMMER\2026 재정데이터분석경진대회(본선진출)\본선\프로젝트 수행\code\openapi 명세\실데이터\사업별결산세출지출현황\사업별결산세출지출현황_2023.csv
019:2024:사회복지:고용:1100:FUND,019,사회복지,고용,1100,2024,FUND,직업능력개발,PERFORMANCE_BELOW_TARGET;EXECUTION_MANAGEMENT;ACCOUNTING_ADJUSTMENT_CONTEXT,False,True,WITHIN_MINISTRY,True,PROGRAM_YEAR_ACCOUNT,PROGRAM_LEVEL_REFERENCE_NOT_PROJECT_PERFORMANCE,False,PROJECT_FINANCIAL_CONTEXT_ONLY,code:2024:019:541:1100:1151:352,541,고용보험기금,1151,실업자및근로자능력개발지원,352,내일배움카드(고보),721342000000,721374000000,571022294370,150351705630,0,150351705630,0.7915759292267257,0.4429808239098688,0.8203047985575084,1.0,REPEATED_STRONG_LOW_EXECUTION;MULTIPLE_FINANCIAL_SIGNALS,CONTINUING,,INFORMATIONAL,MEDIUM,True,True,C:\00_Sookmyunguniv\2026_SUMMER\2026 재정데이터분석경진대회(본선진출)\본선\프로젝트 수행\code\openapi 명세\실데이터\사업별결산세출지출현황\사업별결산세출지출현황_2024.csv
019:2024:사회복지:고용:1100:FUND,019,사회복지,고용,1100,2024,FUND,직업능력개발,PERFORMANCE_BELOW_TARGET;EXECUTION_MANAGEMENT;ACCOUNTING_ADJUSTMENT_CONTEXT,False,True,WITHIN_MINISTRY,True,PROGRAM_YEAR_ACCOUNT,PROGRAM_LEVEL_REFERENCE_NOT_PROJECT_PERFORMANCE,False,PROJECT_FINANCIAL_CONTEXT_ONLY,code:2024:019:541:1100:1152:350,541,고용보험기금,1152,사업주능력개발지원금,350,사업주직업훈련지원금,369690000000,369690000000,368022942870,1667057130,0,1667057130,0.995490662095269,0.22702903864081034,0.009095307282870283,2.0,NONE,CONTINUING,,CLEAR,MEDIUM,True,True,C:\00_Sookmyunguniv\2026_SUMMER\2026 재정데이터분석경진대회(본선진출)\본선\프로젝트 수행\code\openapi 명세\실데이터\사업별결산세출지출현황\사업별결산세출지출현황_2024.csv
019:2024:사회복지:고용:1100:FUND,019,사회복지,고용,1100,2024,FUND,직업능력개발,PERFORMANCE_BELOW_TARGET;EXECUTION_MANAGEMENT;ACCOUNTING_ADJUSTMENT_CONTEXT,False,True,WITHIN_MINISTRY,True,PROGRAM_YEAR_ACCOUNT,PROGRAM_LEVEL_REFERENCE_NOT_PROJECT_PERFORMANCE,False,PROJECT_FINANCIAL_CONTEXT_ONLY,code:2024:019:541:1100:1154:356,541,고용보험기금,1154,한국산업인력공단능력개발사업지원,356,산업현장일학습병행지원,311632000000,311632000000,301546729910,10085270090,0,10085270090,0.9676372449234996,0.19137524241854798,0.055024287319589846,3.0,NONE,CONTINUING,,CLEAR,MEDIUM,True,True,C:\00_Sookmyunguniv\2026_SUMMER\2026 재정데이터분석경진대회(본선진출)\본선\프로젝트 수행\code\openapi 명세\실데이터\사업별결산세출지출현황\사업별결산세출지출현황_2024.csv
019:2024:사회복지:고용:1100:FUND,019,사회복지,고용,1100,2024,FUND,직업능력개발,PERFORMANCE_BELOW_TARGET;EXECUTION_MANAGEMENT;ACCOUNTING_ADJUSTMENT_CONTEXT,False,True,WITHIN_MINISTRY,True,PROGRAM_YEAR_ACCOUNT,PROGRAM_LEVEL_REFERENCE_NOT_PROJECT_PERFORMANCE,False,PROJECT_FINANCIAL_CONTEXT_ONLY,code:2024:019:541:1100:1153:350,541,고용보험기금,1153,중소기업능력개발지원,350,국가인적자원개발컨소시엄지원,125000000000,125000000000,124801833300,198166700,0,198166700,0.9984146664,0.0767633147504701,0.0010811789214040736,4.0,ACCOUNTING_ADJUSTMENT_PATTERN;MULTIPLE_FINANCIAL_SIGNALS,CONTINUING,,CLEAR,MEDIUM,True,True,C:\00_Sookmyunguniv\2026_SUMMER\2026 재정데이터분석경진대회(본선진출)\본선\프로젝트 수행\code\openapi 명세\실데이터\사업별결산세출지출현황\사업별결산세출지출현황_2024.csv
019:2024:사회복지:고용:1100:FUND,019,사회복지,고용,1100,2024,FUND,직업능력개발,PERFORMANCE_BELOW_TARGET;EXECUTION_MANAGEMENT;ACCOUNTING_ADJUSTMENT_CONTEXT,False,True,WITHIN_MINISTRY,True,PROGRAM_YEAR_ACCOUNT,PROGRAM_LEVEL_REFERENCE_NOT_PROJECT_PERFORMANCE,False,PROJECT_FINANCIAL_CONTEXT_ONLY,code:2024:019:541:1100:1155:350,541,고용보험기금,1155,한국폴리텍대학능력개발사업지원,350,기능인력양성및장비확충(폴리텍),55226000000,55226000000,54678000000,548000000,0,548000000,0.9900771375801253,0.0339146465632757,0.0029898365816730683,5.0,NONE,CONTINUING,,CLEAR,MEDIUM,True,True,C:\00_Sookmyunguniv\2026_SUMMER\2026 재정데이터분석경진대회(본선진출)\본선\프로젝트 수행\code\openapi 명세\실데이터\사업별결산세출지출현황\사업별결산세출지출현황_2024.csv
019:2024:사회복지:고용:1100:FUND,019,사회복지,고용,1100,2024,FUND,직업능력개발,PERFORMANCE_BELOW_TARGET;EXECUTION_MANAGEMENT;ACCOUNTING_ADJUSTMENT_CONTEXT,False,True,WITHIN_MINISTRY,True,PROGRAM_YEAR_ACCOUNT,PROGRAM_LEVEL_REFERENCE_NOT_PROJECT_PERFORMANCE,False,PROJECT_FINANCIAL_CONTEXT_ONLY,code:2024:019:541:1100:1160:352,541,고용보험기금,1160,능력개발융자지원(융자),352,직업훈련생계비대부(융자),45492000000,45492000000,25054590000,20437410000,0,20437410000,0.5507471643365867,0.027936933717027084,0.11150459133695434,6.0,MULTIPLE_FINANCIAL_SIGNALS,CONTINUING,,CLEAR,HIGH,True,True,C:\00_Sookmyunguniv\2026_SUMMER\2026 재정데이터분석경진대회(본선진출)\본선\프로젝트 수행\code\openapi 명세\실데이터\사업별결산세출지출현황\사업별결산세출지출현황_2024.csv
102:2022:산업·중소기업및에너지:중소기업및소상공인육성:4100:FUND,102,산업·중소기업및에너지,중소기업및소상공인육성,4100,2022,FUND,소상공인·전통시장지원,PERFORMANCE_BELOW_TARGET;PROGRAM_STRUCTURE_CONTEXT,False,True,WITHIN_MINISTRY,True,PROGRAM_YEAR_ACCOUNT,PROGRAM_LEVEL_REFERENCE_NOT_PROJECT_PERFORMANCE,False,PROJECT_FINANCIAL_CONTEXT_ONLY,code:2022:102:503:4100:4131:317,503,소상공인시장진흥기금,4131,소상공인지원(기금),317,소상공인성장지원,35427368000000,35427368000000,35425370088140,1997911860,0,1997911860,0.9999436054109354,0.7518581326968388,0.20859037859198337,1.0,PROGRAM_BUDGET_CONCENTRATION,OBSERVATION_START,LEFT_CENSORED,CLEAR,LOW,True,True,C:\00_Sookmyunguniv\2026_SUMMER\2026 재정데이터분석경진대회(본선진출)\본선\프로젝트 수행\code\openapi 명세\실데이터\사업별결산세출지출현황\사업별결산세출지출현황_2022.csv
102:2022:산업·중소기업및에너지:중소기업및소상공인육성:4100:FUND,102,산업·중소기업및에너지,중소기업및소상공인육성,4100,2022,FUND,소상공인·전통시장지원,PERFORMANCE_BELOW_TARGET;PROGRAM_STRUCTURE_CONTEXT,False,True,WITHIN_MINISTRY,True,PROGRAM_YEAR_ACCOUNT,PROGRAM_LEVEL_REFERENCE_NOT_PROJECT_PERFORMANCE,False,PROJECT_FINANCIAL_CONTEXT_ONLY,code:2022:102:503:4100:4131:325,503,소상공인시장진흥기금,4131,소상공인지원(기금),325,소상공인 손실보상 제도화,7393584000000,7393584000000,7390055256630,3528743370,535704420,2993038950,0.9995227289809652,0.15691050659414563,0.36841560943646995,2.0,PROGRAM_BUDGET_CONCENTRATION,OBSERVATION_START,LEFT_CENSORED,CLEAR,LOW,True,True,C:\00_Sookmyunguniv\2026_SUMMER\2026 재정데이터분석경진대회(본선진출)\본선\프로젝트 수행\code\openapi 명세\실데이터\사업별결산세출지출현황\사업별결산세출지출현황_2022.csv
102:2022:산업·중소기업및에너지:중소기업및소상공인육성:4100:FUND,102,산업·중소기업및에너지,중소기업및소상공인육성,4100,2022,FUND,소상공인·전통시장지원,PERFORMANCE_BELOW_TARGET;PROGRAM_STRUCTURE_CONTEXT,False,True,WITHIN_MINISTRY,True,PROGRAM_YEAR_ACCOUNT,PROGRAM_LEVEL_REFERENCE_NOT_PROJECT_PERFORMANCE,False,PROJECT_FINANCIAL_CONTEXT_ONLY,code:2022:102:503:4100:4151:301,503,소상공인시장진흥기금,4151,소상공인지원융자(기금),301,소상공인지원(융자),3508200000000,3508200000000,3508193120000,6880000,0,6880000,0.9999980388803374,0.07445285523686235,0.0007183008587340013,3.0,PROGRAM_BUDGET_CONCENTRATION,OBSERVATION_START,LEFT_CENSORED,CLEAR,MEDIUM,True,True,C:\00_Sookmyunguniv\2026_SUMMER\2026 재정데이터분석경진대회(본선진출)\본선\프로젝트 수행\code\openapi 명세\실데이터\사업별결산세출지출현황\사업별결산세출지출현황_2022.csv
102:2022:산업·중소기업및에너지:중소기업및소상공인육성:4100:FUND,102,산업·중소기업및에너지,중소기업및소상공인육성,4100,2022,FUND,소상공인·전통시장지원,PERFORMANCE_BELOW_TARGET;PROGRAM_STRUCTURE_CONTEXT,False,True,WITHIN_MINISTRY,True,PROGRAM_YEAR_ACCOUNT,PROGRAM_LEVEL_REFERENCE_NOT_PROJECT_PERFORMANCE,False,PROJECT_FINANCIAL_CONTEXT_ONLY,code:2022:102:503:4100:4154:304,503,소상공인시장진흥기금,4154,전통시장활성화지원(기금),304,시장경영혁신지원,430243000000,430243000000,429287376000,955624000,0,955624000,0.9977788737992251,0.009130841969007859,0.0997711540445961,4.0,PROGRAM_BUDGET_CONCENTRATION,OBSERVATION_START,LEFT_CENSORED,CLEAR,MEDIUM,True,True,C:\00_Sookmyunguniv\2026_SUMMER\2026 재정데이터분석경진대회(본선진출)\본선\프로젝트 수행\code\openapi 명세\실데이터\사업별결산세출지출현황\사업별결산세출지출현황_2022.csv
102:2022:산업·중소기업및에너지:중소기업및소상공인육성:4100:FUND,102,산업·중소기업및에너지,중소기업및소상공인육성,4100,2022,FUND,소상공인·전통시장지원,PERFORMANCE_BELOW_TARGET;PROGRAM_STRUCTURE_CONTEXT,False,True,WITHIN_MINISTRY,True,PROGRAM_YEAR_ACCOUNT,PROGRAM_LEVEL_REFERENCE_NOT_PROJECT_PERFORMANCE,False,PROJECT_FINANCIAL_CONTEXT_ONLY,code:2022:102:503:4100:4131:319,503,소상공인시장진흥기금,4131,소상공인지원(기금),319,소상공인재기지원,169554000000,169554000000,169554000000,0,0,0,1.0,0.0035983636670745564,0.0,5.0,PROGRAM_BUDGET_CONCENTRATION,OBSERVATION_START,LEFT_CENSORED,CLEAR,MEDIUM,True,True,C:\00_Sookmyunguniv\2026_SUMMER\2026 재정데이터분석경진대회(본선진출)\본선\프로젝트 수행\code\openapi 명세\실데이터\사업별결산세출지출현황\사업별결산세출지출현황_2022.csv
102:2022:산업·중소기업및에너지:중소기업및소상공인육성:4100:FUND,102,산업·중소기업및에너지,중소기업및소상공인육성,4100,2022,FUND,소상공인·전통시장지원,PERFORMANCE_BELOW_TARGET;PROGRAM_STRUCTURE_CONTEXT,False,True,WITHIN_MINISTRY,True,PROGRAM_YEAR_ACCOUNT,PROGRAM_LEVEL_REFERENCE_NOT_PROJECT_PERFORMANCE,False,PROJECT_FINANCIAL_CONTEXT_ONLY,code:2022:102:503:4100:4131:322,503,소상공인시장진흥기금,4131,소상공인지원(기금),322,소상공인 스마트화 지원,96250000000,96250000000,96250000000,0,0,0,1.0,0.0020426678400741125,0.0,6.0,PROGRAM_BUDGET_CONCENTRATION,OBSERVATION_START,LEFT_CENSORED,CLEAR,MEDIUM,True,True,C:\00_Sookmyunguniv\2026_SUMMER\2026 재정데이터분석경진대회(본선진출)\본선\프로젝트 수행\code\openapi 명세\실데이터\사업별결산세출지출현황\사업별결산세출지출현황_2022.csv
102:2022:산업·중소기업및에너지:중소기업및소상공인육성:4100:FUND,102,산업·중소기업및에너지,중소기업및소상공인육성,4100,2022,FUND,소상공인·전통시장지원,PERFORMANCE_BELOW_TARGET;PROGRAM_STRUCTURE_CONTEXT,False,True,WITHIN_MINISTRY,True,PROGRAM_YEAR_ACCOUNT,PROGRAM_LEVEL_REFERENCE_NOT_PROJECT_PERFORMANCE,False,PROJECT_FINANCIAL_CONTEXT_ONLY,code:2022:102:503:4100:4131:318,503,소상공인시장진흥기금,4131,소상공인지원(기금),318,소공인특화지원,36470000000,36470000000,33381000000,3089000000,0,3089000000,0.9153002467781738,0.0007739854143117182,0.32250455706821657,7.0,PROGRAM_BUDGET_CONCENTRATION;MULTIPLE_FINANCIAL_SIGNALS,OBSERVATION_START,LEFT_CENSORED,CLEAR,MEDIUM,True,True,C:\00_Sookmyunguniv\2026_SUMMER\2026 재정데이터분석경진대회(본선진출)\본선\프로젝트 수행\code\openapi 명세\실데이터\사업별결산세출지출현황\사업별결산세출지출현황_2022.csv
102:2022:산업·중소기업및에너지:중소기업및소상공인육성:4100:FUND,102,산업·중소기업및에너지,중소기업및소상공인육성,4100,2022,FUND,소상공인·전통시장지원,PERFORMANCE_BELOW_TARGET;PROGRAM_STRUCTURE_CONTEXT,False,True,WITHIN_MINISTRY,True,PROGRAM_YEAR_ACCOUNT,PROGRAM_LEVEL_REFERENCE_NOT_PROJECT_PERFORMANCE,False,PROJECT_FINANCIAL_CONTEXT_ONLY,code:2022:102:503:4100:4131:321,503,소상공인시장진흥기금,4131,소상공인지원(기금),321,소상공인지원인프라,31445000000,31445000000,31445000000,0,0,0,1.0,0.0006673422361675893,0.0,8.0,PROGRAM_BUDGET_CONCENTRATION,OBSERVATION_START,LEFT_CENSORED,CLEAR,MEDIUM,True,True,C:\00_Sookmyunguniv\2026_SUMMER\2026 재정데이터분석경진대회(본선진출)\본선\프로젝트 수행\code\openapi 명세\실데이터\사업별결산세출지출현황\사업별결산세출지출현황_2022.csv
102:2022:산업·중소기업및에너지:중소기업및소상공인육성:4100:FUND,102,산업·중소기업및에너지,중소기업및소상공인육성,4100,2022,FUND,소상공인·전통시장지원,PERFORMANCE_BELOW_TARGET;PROGRAM_STRUCTURE_CONTEXT,False,True,WITHIN_MINISTRY,True,PROGRAM_YEAR_ACCOUNT,PROGRAM_LEVEL_REFERENCE_NOT_PROJECT_PERFORMANCE,False,PROJECT_FINANCIAL_CONTEXT_ONLY,code:2022:102:503:4100:4131:316,503,소상공인시장진흥기금,4131,소상공인지원(기금),316,소상공인창업지원,22925000000,22925000000,22925000000,0,0,0,1.0,0.0004865263400903795,0.0,9.0,PROGRAM_BUDGET_CONCENTRATION,OBSERVATION_START,LEFT_CENSORED,CLEAR,MEDIUM,True,True,C:\00_Sookmyunguniv\2026_SUMMER\2026 재정데이터분석경진대회(본선진출)\본선\프로젝트 수행\code\openapi 명세\실데이터\사업별결산세출지출현황\사업별결산세출지출현황_2022.csv
102:2022:산업·중소기업및에너지:중소기업및소상공인육성:4100:FUND,102,산업·중소기업및에너지,중소기업및소상공인육성,4100,2022,FUND,소상공인·전통시장지원,PERFORMANCE_BELOW_TARGET;PROGRAM_STRUCTURE_CONTEXT,False,True,WITHIN_MINISTRY,True,PROGRAM_YEAR_ACCOUNT,PROGRAM_LEVEL_REFERENCE_NOT_PROJECT_PERFORMANCE,False,PROJECT_FINANCIAL_CONTEXT_ONLY,code:2022:102:503:4100:4131:320,503,소상공인시장진흥기금,4131,소상공인지원(기금),320,소상공인 자영업자를 위한 생활혁신형 기술개발(R&D),3712000000,3712000000,3712000000,0,0,0,1.0,7.877800542706603e-05,0.0,10.0,PROGRAM_BUDGET_CONCENTRATION,OBSERVATION_START,LEFT_CENSORED,CLEAR,MEDIUM,True,True,C:\00_Sookmyunguniv\2026_SUMMER\2026 재정데이터분석경진대회(본선진출)\본선\프로젝트 수행\code\openapi 명세\실데이터\사업별결산세출지출현황\사업별결산세출지출현황_2022.csv
102:2023:산업·중소기업및에너지:중소기업및소상공인육성:2100:GENERAL_ACCOUNT,102,산업·중소기업및에너지,중소기업및소상공인육성,2100,2023,GENERAL_ACCOUNT,중소기업기술개발지원,PERFORMANCE_BELOW_TARGET;BUDGET_PERFORMANCE_MISMATCH,False,True,WITHIN_MINISTRY,True,PROGRAM_YEAR_ACCOUNT,PROGRAM_LEVEL_REFERENCE_NOT_PROJECT_PERFORMANCE,False,PROJECT_FINANCIAL_CONTEXT_ONLY,code:2023:102:110:2100:2134:309,110,일반회계,2134,기술개발지원(R&D),309,창업성장기술개발(R&D),442332000000,442332000000,442332000000,0,0,0,1.0,0.29865987511613334,0.0,1.0,NONE,CONTINUING,,CLEAR,HIGH,True,True,C:\00_Sookmyunguniv\2026_SUMMER\2026 재정데이터분석경진대회(본선진출)\본선\프로젝트 수행\code\openapi 명세\실데이터\사업별결산세출지출현황\사업별결산세출지출현황_2023.csv
102:2023:산업·중소기업및에너지:중소기업및소상공인육성:2100:GENERAL_ACCOUNT,102,산업·중소기업및에너지,중소기업및소상공인육성,2100,2023,GENERAL_ACCOUNT,중소기업기술개발지원,PERFORMANCE_BELOW_TARGET;BUDGET_PERFORMANCE_MISMATCH,False,True,WITHIN_MINISTRY,True,PROGRAM_YEAR_ACCOUNT,PROGRAM_LEVEL_REFERENCE_NOT_PROJECT_PERFORMANCE,False,PROJECT_FINANCIAL_CONTEXT_ONLY,code:2023:102:110:2100:2134:302,110,일반회계,2134,기술개발지원(R&D),302,중소기업기술혁신개발(R&D),364113000000,364113000000,364113000000,0,0,0,1.0,0.2458468822245749,0.0,2.0,NONE,CONTINUING,,CLEAR,HIGH,True,True,C:\00_Sookmyunguniv\2026_SUMMER\2026 재정데이터분석경진대회(본선진출)\본선\프로젝트 수행\code\openapi 명세\실데이터\사업별결산세출지출현황\사업별결산세출지출현황_2023.csv
102:2023:산업·중소기업및에너지:중소기업및소상공인육성:2100:GENERAL_ACCOUNT,102,산업·중소기업및에너지,중소기업및소상공인육성,2100,2023,GENERAL_ACCOUNT,중소기업기술개발지원,PERFORMANCE_BELOW_TARGET;BUDGET_PERFORMANCE_MISMATCH,False,True,WITHIN_MINISTRY,True,PROGRAM_YEAR_ACCOUNT,PROGRAM_LEVEL_REFERENCE_NOT_PROJECT_PERFORMANCE,False,PROJECT_FINANCIAL_CONTEXT_ONLY,code:2023:102:110:2100:2134:303,110,일반회계,2134,기술개발지원(R&D),303,중소기업상용화기술개발(R&D),252870000000,252870000000,252870000000,0,0,0,1.0,0.17073628546118444,0.0,3.0,NONE,CONTINUING,,CLEAR,HIGH,True,True,C:\00_Sookmyunguniv\2026_SUMMER\2026 재정데이터분석경진대회(본선진출)\본선\프로젝트 수행\code\openapi 명세\실데이터\사업별결산세출지출현황\사업별결산세출지출현황_2023.csv
102:2023:산업·중소기업및에너지:중소기업및소상공인육성:2100:GENERAL_ACCOUNT,102,산업·중소기업및에너지,중소기업및소상공인육성,2100,2023,GENERAL_ACCOUNT,중소기업기술개발지원,PERFORMANCE_BELOW_TARGET;BUDGET_PERFORMANCE_MISMATCH,False,True,WITHIN_MINISTRY,True,PROGRAM_YEAR_ACCOUNT,PROGRAM_LEVEL_REFERENCE_NOT_PROJECT_PERFORMANCE,False,PROJECT_FINANCIAL_CONTEXT_ONLY,code:2023:102:110:2100:2111:303,110,일반회계,2111,중소기업경쟁력강화,303,ICT융합스마트공장보급확산,167091000000,167091000000,167091000000,0,0,0,1.0,0.11281882656699004,0.0,4.0,NONE,CONTINUING,,CLEAR,MEDIUM,True,True,C:\00_Sookmyunguniv\2026_SUMMER\2026 재정데이터분석경진대회(본선진출)\본선\프로젝트 수행\code\openapi 명세\실데이터\사업별결산세출지출현황\사업별결산세출지출현황_2023.csv
102:2023:산업·중소기업및에너지:중소기업및소상공인육성:2100:GENERAL_ACCOUNT,102,산업·중소기업및에너지,중소기업및소상공인육성,2100,2023,GENERAL_ACCOUNT,중소기업기술개발지원,PERFORMANCE_BELOW_TARGET;BUDGET_PERFORMANCE_MISMATCH,False,True,WITHIN_MINISTRY,True,PROGRAM_YEAR_ACCOUNT,PROGRAM_LEVEL_REFERENCE_NOT_PROJECT_PERFORMANCE,False,PROJECT_FINANCIAL_CONTEXT_ONLY,code:2023:102:110:2100:2134:305,110,일반회계,2134,기술개발지원(R&D),305,공정·품질기술개발(R&D),42042000000,42042000000,42042000000,0,0,0,1.0,0.02838650260354774,0.0,5.0,NONE,CONTINUING,,CLEAR,HIGH,True,True,C:\00_Sookmyunguniv\2026_SUMMER\2026 재정데이터분석경진대회(본선진출)\본선\프로젝트 수행\code\openapi 명세\실데이터\사업별결산세출지출현황\사업별결산세출지출현황_2023.csv
102:2023:산업·중소기업및에너지:중소기업및소상공인육성:2100:GENERAL_ACCOUNT,102,산업·중소기업및에너지,중소기업및소상공인육성,2100,2023,GENERAL_ACCOUNT,중소기업기술개발지원,PERFORMANCE_BELOW_TARGET;BUDGET_PERFORMANCE_MISMATCH,False,True,WITHIN_MINISTRY,True,PROGRAM_YEAR_ACCOUNT,PROGRAM_LEVEL_REFERENCE_NOT_PROJECT_PERFORMANCE,False,PROJECT_FINANCIAL_CONTEXT_ONLY,code:2023:102:110:2100:2134:422,110,일반회계,2134,기술개발지원(R&D),422,중소기업기술정보진흥원 기획평가관리비(일반)(R&D),39872000000,39872000000,39872000000,0,0,0,1.0,0.026921331806494826,0.0,6.0,NONE,CONTINUING,,CLEAR,HIGH,True,True,C:\00_Sookmyunguniv\2026_SUMMER\2026 재정데이터분석경진대회(본선진출)\본선\프로젝트 수행\code\openapi 명세\실데이터\사업별결산세출지출현황\사업별결산세출지출현황_2023.csv
102:2023:산업·중소기업및에너지:중소기업및소상공인육성:2100:GENERAL_ACCOUNT,102,산업·중소기업및에너지,중소기업및소상공인육성,2100,2023,GENERAL_ACCOUNT,중소기업기술개발지원,PERFORMANCE_BELOW_TARGET;BUDGET_PERFORMANCE_MISMATCH,False,True,WITHIN_MINISTRY,True,PROGRAM_YEAR_ACCOUNT,PROGRAM_LEVEL_REFERENCE_NOT_PROJECT_PERFORMANCE,False,PROJECT_FINANCIAL_CONTEXT_ONLY,code:2023:102:110:2100:2134:377,110,일반회계,2134,기술개발지원(R&D),377,스마트 제조혁신 기술개발사업(R&D),32176000000,32176000000,32176000000,0,0,0,1.0,0.021725039431324675,0.0,7.0,NONE,CONTINUING,,CLEAR,HIGH,True,True,C:\00_Sookmyunguniv\2026_SUMMER\2026 재정데이터분석경진대회(본선진출)\본선\프로젝트 수행\code\openapi 명세\실데이터\사업별결산세출지출현황\사업별결산세출지출현황_2023.csv
102:2023:산업·중소기업및에너지:중소기업및소상공인육성:2100:GENERAL_ACCOUNT,102,산업·중소기업및에너지,중소기업및소상공인육성,2100,2023,GENERAL_ACCOUNT,중소기업기술개발지원,PERFORMANCE_BELOW_TARGET;BUDGET_PERFORMANCE_MISMATCH,False,True,WITHIN_MINISTRY,True,PROGRAM_YEAR_ACCOUNT,PROGRAM_LEVEL_REFERENCE_NOT_PROJECT_PERFORMANCE,False,PROJECT_FINANCIAL_CONTEXT_ONLY,code:2023:102:110:2100:2131:302,110,일반회계,2131,기술개발인프라구축,302,기술혁신기반조성,16288000000,16288000000,16286797060,1202940,0,1202940,0.9999261456286836,0.010997558498800856,0.9927377160116857,8.0,NONE,CONTINUING,,INFORMATIONAL,MEDIUM,True,True,C:\00_Sookmyunguniv\2026_SUMMER\2026 재정데이터분석경진대회(본선진출)\본선\프로젝트 수행\code\openapi 명세\실데이터\사업별결산세출지출현황\사업별결산세출지출현황_2023.csv
102:2023:산업·중소기업및에너지:중소기업및소상공인육성:2100:GENERAL_ACCOUNT,102,산업·중소기업및에너지,중소기업및소상공인육성,2100,2023,GENERAL_ACCOUNT,중소기업기술개발지원,PERFORMANCE_BELOW_TARGET;BUDGET_PERFORMANCE_MISMATCH,False,True,WITHIN_MINISTRY,True,PROGRAM_YEAR_ACCOUNT,PROGRAM_LEVEL_REFERENCE_NOT_PROJECT_PERFORMANCE,False,PROJECT_FINANCIAL_CONTEXT_ONLY,code:2023:102:110:2100:2134:310,110,일반회계,2134,기술개발지원(R&D),310,중소기업R&D역량제고(R&D),14283000000,14283000000,14283000000,0,0,0,1.0,0.00964379469783722,0.0,9.0,NONE,CONTINUING,,CLEAR,HIGH,True,True,C:\00_Sookmyunguniv\2026_SUMMER\2026 재정데이터분석경진대회(본선진출)\본선\프로젝트 수행\code\openapi 명세\실데이터\사업별결산세출지출현황\사업별결산세출지출현황_2023.csv
102:2023:산업·중소기업및에너지:중소기업및소상공인육성:2100:GENERAL_ACCOUNT,102,산업·중소기업및에너지,중소기업및소상공인육성,2100,2023,GENERAL_ACCOUNT,중소기업기술개발지원,PERFORMANCE_BELOW_TARGET;BUDGET_PERFORMANCE_MISMATCH,False,True,WITHIN_MINISTRY,True,PROGRAM_YEAR_ACCOUNT,PROGRAM_LEVEL_REFERENCE_NOT_PROJECT_PERFORMANCE,False,PROJECT_FINANCIAL_CONTEXT_ONLY,code:2023:102:110:2100:2134:388,110,일반회계,2134,기술개발지원(R&D),388,스마트서비스 ICT솔루션 개발(R&D),12125000000,12125000000,12125000000,0,0,0,1.0,0.008186726227772617,0.0,10.0,NONE,TERMINATED,TERMINATED,CLEAR,MEDIUM,True,True,C:\00_Sookmyunguniv\2026_SUMMER\2026 재정데이터분석경진대회(본선진출)\본선\프로젝트 수행\code\openapi 명세\실데이터\사업별결산세출지출현황\사업별결산세출지출현황_2023.csv
102:2023:산업·중소기업및에너지:중소기업및소상공인육성:2100:GENERAL_ACCOUNT,102,산업·중소기업및에너지,중소기업및소상공인육성,2100,2023,GENERAL_ACCOUNT,중소기업기술개발지원,PERFORMANCE_BELOW_TARGET;BUDGET_PERFORMANCE_MISMATCH,False,True,WITHIN_MINISTRY,True,PROGRAM_YEAR_ACCOUNT,PROGRAM_LEVEL_REFERENCE_NOT_PROJECT_PERFORMANCE,False,PROJECT_FINANCIAL_CONTEXT_ONLY,code:2023:102:110:2100:2111:304,110,일반회계,2111,중소기업경쟁력강화,304,중소기업 스마트 서비스 지원,10888000000,10888000000,10888000000,0,0,0,1.0,0.007351511354060886,0.0,11.0,NONE,CONTINUING,,CLEAR,MEDIUM,True,True,C:\00_Sookmyunguniv\2026_SUMMER\2026 재정데이터분석경진대회(본선진출)\본선\프로젝트 수행\code\openapi 명세\실데이터\사업별결산세출지출현황\사업별결산세출지출현황_2023.csv
102:2023:산업·중소기업및에너지:중소기업및소상공인육성:2100:GENERAL_ACCOUNT,102,산업·중소기업및에너지,중소기업및소상공인육성,2100,2023,GENERAL_ACCOUNT,중소기업기술개발지원,PERFORMANCE_BELOW_TARGET;BUDGET_PERFORMANCE_MISMATCH,False,True,WITHIN_MINISTRY,True,PROGRAM_YEAR_ACCOUNT,PROGRAM_LEVEL_REFERENCE_NOT_PROJECT_PERFORMANCE,False,PROJECT_FINANCIAL_CONTEXT_ONLY,code:2023:102:110:2100:2134:408,110,일반회계,2134,기술개발지원(R&D),408,성과공유형 공통기술 R&D(R&D),10000000000,10000000000,10000000000,0,0,0,1.0,0.006751939156925869,0.0,12.0,NONE,TERMINATED,TERMINATED,CLEAR,MEDIUM,True,True,C:\00_Sookmyunguniv\2026_SUMMER\2026 재정데이터분석경진대회(본선진출)\본선\프로젝트 수행\code\openapi 명세\실데이터\사업별결산세출지출현황\사업별결산세출지출현황_2023.csv
102:2023:산업·중소기업및에너지:중소기업및소상공인육성:2100:GENERAL_ACCOUNT,102,산업·중소기업및에너지,중소기업및소상공인육성,2100,2023,GENERAL_ACCOUNT,중소기업기술개발지원,PERFORMANCE_BELOW_TARGET;BUDGET_PERFORMANCE_MISMATCH,False,True,WITHIN_MINISTRY,True,PROGRAM_YEAR_ACCOUNT,PROGRAM_LEVEL_REFERENCE_NOT_PROJECT_PERFORMANCE,False,PROJECT_FINANCIAL_CONTEXT_ONLY,code:2023:102:110:2100:2134:430,110,일반회계,2134,기술개발지원(R&D),430,연구장비 활용 바우처 지원사업(R&D),9000000000,9000000000,9000000000,0,0,0,1.0,0.006076745241233282,0.0,13.0,NONE,TERMINATED,TERMINATED,CLEAR,MEDIUM,True,True,C:\00_Sookmyunguniv\2026_SUMMER\2026 재정데이터분석경진대회(본선진출)\본선\프로젝트 수행\code\openapi 명세\실데이터\사업별결산세출지출현황\사업별결산세출지출현황_2023.csv
102:2023:산업·중소기업및에너지:중소기업및소상공인육성:2100:GENERAL_ACCOUNT,102,산업·중소기업및에너지,중소기업및소상공인육성,2100,2023,GENERAL_ACCOUNT,중소기업기술개발지원,PERFORMANCE_BELOW_TARGET;BUDGET_PERFORMANCE_MISMATCH,False,True,WITHIN_MINISTRY,True,PROGRAM_YEAR_ACCOUNT,PROGRAM_LEVEL_REFERENCE_NOT_PROJECT_PERFORMANCE,False,PROJECT_FINANCIAL_CONTEXT_ONLY,code:2023:102:110:2100:2134:371,110,일반회계,2134,기술개발지원(R&D),371,현장수요맞춤형 방역물품 기술개발(R&D),8733000000,8733000000,8733000000,0,0,0,1.0,0.005896468465743362,0.0,14.0,NONE,TERMINATED,TERMINATED,CLEAR,MEDIUM,True,True,C:\00_Sookmyunguniv\2026_SUMMER\2026 재정데이터분석경진대회(본선진출)\본선\프로젝트 수행\code\openapi 명세\실데이터\사업별결산세출지출현황\사업별결산세출지출현황_2023.csv
102:2023:산업·중소기업및에너지:중소기업및소상공인육성:2100:GENERAL_ACCOUNT,102,산업·중소기업및에너지,중소기업및소상공인육성,2100,2023,GENERAL_ACCOUNT,중소기업기술개발지원,PERFORMANCE_BELOW_TARGET;BUDGET_PERFORMANCE_MISMATCH,False,True,WITHIN_MINISTRY,True,PROGRAM_YEAR_ACCOUNT,PROGRAM_LEVEL_REFERENCE_NOT_PROJECT_PERFORMANCE,False,PROJECT_FINANCIAL_CONTEXT_ONLY,code:2023:102:110:2100:2111:305,110,일반회계,2111,중소기업경쟁력강화,305,데이터 인프라구축(정보화),8500000000,8500000000,8500000000,0,0,0,1.0,0.005739148283386989,0.0,15.0,BUDGET_RAPID_DECREASE,CONTINUING,,CLEAR,HIGH,True,True,C:\00_Sookmyunguniv\2026_SUMMER\2026 재정데이터분석경진대회(본선진출)\본선\프로젝트 수행\code\openapi 명세\실데이터\사업별결산세출지출현황\사업별결산세출지출현황_2023.csv
102:2023:산업·중소기업및에너지:중소기업및소상공인육성:2100:GENERAL_ACCOUNT,102,산업·중소기업및에너지,중소기업및소상공인육성,2100,2023,GENERAL_ACCOUNT,중소기업기술개발지원,PERFORMANCE_BELOW_TARGET;BUDGET_PERFORMANCE_MISMATCH,False,True,WITHIN_MINISTRY,True,PROGRAM_YEAR_ACCOUNT,PROGRAM_LEVEL_REFERENCE_NOT_PROJECT_PERFORMANCE,False,PROJECT_FINANCIAL_CONTEXT_ONLY,code:2023:102:110:2100:2134:378,110,일반회계,2134,기술개발지원(R&D),378,제조데이터 공동활용 플랫폼 기술개발(R&D),7122000000,7122000000,7122000000,0,0,0,1.0,0.004808731067562604,0.0,16.0,NONE,TERMINATED,TERMINATED,CLEAR,MEDIUM,True,True,C:\00_Sookmyunguniv\2026_SUMMER\2026 재정데이터분석경진대회(본선진출)\본선\프로젝트 수행\code\openapi 명세\실데이터\사업별결산세출지출현황\사업별결산세출지출현황_2023.csv
102:2023:산업·중소기업및에너지:중소기업및소상공인육성:2100:GENERAL_ACCOUNT,102,산업·중소기업및에너지,중소기업및소상공인육성,2100,2023,GENERAL_ACCOUNT,중소기업기술개발지원,PERFORMANCE_BELOW_TARGET;BUDGET_PERFORMANCE_MISMATCH,False,True,WITHIN_MINISTRY,True,PROGRAM_YEAR_ACCOUNT,PROGRAM_LEVEL_REFERENCE_NOT_PROJECT_PERFORMANCE,False,PROJECT_FINANCIAL_CONTEXT_ONLY,code:2023:102:110:2100:2136:501,110,일반회계,2136,중소기업기술정보진흥원운영,501,중소기업기술정보진흥원운영(R&D),6622000000,6622000000,6622000000,0,0,0,1.0,0.0044711341097163106,0.0,17.0,NONE,CONTINUING,,CLEAR,MEDIUM,True,True,C:\00_Sookmyunguniv\2026_SUMMER\2026 재정데이터분석경진대회(본선진출)\본선\프로젝트 수행\code\openapi 명세\실데이터\사업별결산세출지출현황\사업별결산세출지출현황_2023.csv
102:2023:산업·중소기업및에너지:중소기업및소상공인육성:2100:GENERAL_ACCOUNT,102,산업·중소기업및에너지,중소기업및소상공인육성,2100,2023,GENERAL_ACCOUNT,중소기업기술개발지원,PERFORMANCE_BELOW_TARGET;BUDGET_PERFORMANCE_MISMATCH,False,True,WITHIN_MINISTRY,True,PROGRAM_YEAR_ACCOUNT,PROGRAM_LEVEL_REFERENCE_NOT_PROJECT_PERFORMANCE,False,PROJECT_FINANCIAL_CONTEXT_ONLY,code:2023:102:110:2100:2134:398,110,일반회계,2134,기술개발지원(R&D),398,리빙랩 활용 기술개발 지원(R&D),6000000000,6000000000,6000000000,0,0,0,1.0,0.004051163494155521,0.0,18.0,NONE,CONTINUING,,CLEAR,HIGH,True,True,C:\00_Sookmyunguniv\2026_SUMMER\2026 재정데이터분석경진대회(본선진출)\본선\프로젝트 수행\code\openapi 명세\실데이터\사업별결산세출지출현황\사업별결산세출지출현황_2023.csv
102:2023:산업·중소기업및에너지:중소기업및소상공인육성:2100:GENERAL_ACCOUNT,102,산업·중소기업및에너지,중소기업및소상공인육성,2100,2023,GENERAL_ACCOUNT,중소기업기술개발지원,PERFORMANCE_BELOW_TARGET;BUDGET_PERFORMANCE_MISMATCH,False,True,WITHIN_MINISTRY,True,PROGRAM_YEAR_ACCOUNT,PROGRAM_LEVEL_REFERENCE_NOT_PROJECT_PERFORMANCE,False,PROJECT_FINANCIAL_CONTEXT_ONLY,code:2023:102:110:2100:2134:416,110,일반회계,2134,기술개발지원(R&D),416,건강기능식품 개발 지원사업(R&D),5733000000,5733000000,5733000000,0,0,0,1.0,0.0038708867186656006,0.0,19.0,BUDGET_RAPID_INCREASE,CONTINUING,,CLEAR,HIGH,True,True,C:\00_Sookmyunguniv\2026_SUMMER\2026 재정데이터분석경진대회(본선진출)\본선\프로젝트 수행\code\openapi 명세\실데이터\사업별결산세출지출현황\사업별결산세출지출현황_2023.csv
102:2023:산업·중소기업및에너지:중소기업및소상공인육성:2100:GENERAL_ACCOUNT,102,산업·중소기업및에너지,중소기업및소상공인육성,2100,2023,GENERAL_ACCOUNT,중소기업기술개발지원,PERFORMANCE_BELOW_TARGET;BUDGET_PERFORMANCE_MISMATCH,False,True,WITHIN_MINISTRY,True,PROGRAM_YEAR_ACCOUNT,PROGRAM_LEVEL_REFERENCE_NOT_PROJECT_PERFORMANCE,False,PROJECT_FINANCIAL_CONTEXT_ONLY,code:2023:102:110:2100:2135:503,110,일반회계,2135,중소기업정보화지원(정보화),503,중소기업정보화역량강화(정보화),4828000000,4828000000,4828000000,0,0,0,1.0,0.0032598362249638096,0.0,20.0,NONE,CONTINUING,,CLEAR,HIGH,True,True,C:\00_Sookmyunguniv\2026_SUMMER\2026 재정데이터분석경진대회(본선진출)\본선\프로젝트 수행\code\openapi 명세\실데이터\사업별결산세출지출현황\사업별결산세출지출현황_2023.csv
102:2023:산업·중소기업및에너지:중소기업및소상공인육성:2100:GENERAL_ACCOUNT,102,산업·중소기업및에너지,중소기업및소상공인육성,2100,2023,GENERAL_ACCOUNT,중소기업기술개발지원,PERFORMANCE_BELOW_TARGET;BUDGET_PERFORMANCE_MISMATCH,False,True,WITHIN_MINISTRY,True,PROGRAM_YEAR_ACCOUNT,PROGRAM_LEVEL_REFERENCE_NOT_PROJECT_PERFORMANCE,False,PROJECT_FINANCIAL_CONTEXT_ONLY,code:2023:102:110:2100:2134:384,110,일반회계,2134,기술개발지원(R&D),384,제조중소기업 글로벌역량강화(R&D),4164000000,4164000000,4164000000,0,0,0,1.0,0.002811507464943932,0.0,21.0,NONE,TERMINATED,TERMINATED,CLEAR,MEDIUM,True,True,C:\00_Sookmyunguniv\2026_SUMMER\2026 재정데이터분석경진대회(본선진출)\본선\프로젝트 수행\code\openapi 명세\실데이터\사업별결산세출지출현황\사업별결산세출지출현황_2023.csv
102:2023:산업·중소기업및에너지:중소기업및소상공인육성:2100:GENERAL_ACCOUNT,102,산업·중소기업및에너지,중소기업및소상공인육성,2100,2023,GENERAL_ACCOUNT,중소기업기술개발지원,PERFORMANCE_BELOW_TARGET;BUDGET_PERFORMANCE_MISMATCH,False,True,WITHIN_MINISTRY,True,PROGRAM_YEAR_ACCOUNT,PROGRAM_LEVEL_REFERENCE_NOT_PROJECT_PERFORMANCE,False,PROJECT_FINANCIAL_CONTEXT_ONLY,code:2023:102:110:2100:2131:304,110,일반회계,2131,기술개발인프라구축,304,중소기업 기술거래 활성화 지원,3135000000,3135000000,3135000000,0,0,0,1.0,0.00211673292569626,0.0,22.0,BUDGET_RAPID_DECREASE,CONTINUING,,CLEAR,MEDIUM,True,True,C:\00_Sookmyunguniv\2026_SUMMER\2026 재정데이터분석경진대회(본선진출)\본선\프로젝트 수행\code\openapi 명세\실데이터\사업별결산세출지출현황\사업별결산세출지출현황_2023.csv
102:2023:산업·중소기업및에너지:중소기업및소상공인육성:2100:GENERAL_ACCOUNT,102,산업·중소기업및에너지,중소기업및소상공인육성,2100,2023,GENERAL_ACCOUNT,중소기업기술개발지원,PERFORMANCE_BELOW_TARGET;BUDGET_PERFORMANCE_MISMATCH,False,True,WITHIN_MINISTRY,True,PROGRAM_YEAR_ACCOUNT,PROGRAM_LEVEL_REFERENCE_NOT_PROJECT_PERFORMANCE,False,PROJECT_FINANCIAL_CONTEXT_ONLY,code:2023:102:110:2100:2134:344,110,일반회계,2134,기술개발지원(R&D),344,해외원천기술 상용화 기술개발(R&D),2557000000,2557000000,2557000000,0,0,0,1.0,0.0017264708424259447,0.0,23.0,NONE,TERMINATED,TERMINATED,CLEAR,MEDIUM,True,True,C:\00_Sookmyunguniv\2026_SUMMER\2026 재정데이터분석경진대회(본선진출)\본선\프로젝트 수행\code\openapi 명세\실데이터\사업별결산세출지출현황\사업별결산세출지출현황_2023.csv
102:2023:산업·중소기업및에너지:중소기업및소상공인육성:2100:GENERAL_ACCOUNT,102,산업·중소기업및에너지,중소기업및소상공인육성,2100,2023,GENERAL_ACCOUNT,중소기업기술개발지원,PERFORMANCE_BELOW_TARGET;BUDGET_PERFORMANCE_MISMATCH,False,True,WITHIN_MINISTRY,True,PROGRAM_YEAR_ACCOUNT,PROGRAM_LEVEL_REFERENCE_NOT_PROJECT_PERFORMANCE,False,PROJECT_FINANCIAL_CONTEXT_ONLY,code:2023:102:110:2100:2111:312,110,일반회계,2111,중소기업경쟁력강화,312,지역특화 제조데이터 활성화,2000000000,2000000000,2000000000,0,0,0,1.0,0.0013503878313851738,0.0,24.0,NONE,CONTINUING,,CLEAR,MEDIUM,True,True,C:\00_Sookmyunguniv\2026_SUMMER\2026 재정데이터분석경진대회(본선진출)\본선\프로젝트 수행\code\openapi 명세\실데이터\사업별결산세출지출현황\사업별결산세출지출현황_2023.csv
102:2023:산업·중소기업및에너지:중소기업및소상공인육성:2100:GENERAL_ACCOUNT,102,산업·중소기업및에너지,중소기업및소상공인육성,2100,2023,GENERAL_ACCOUNT,중소기업기술개발지원,PERFORMANCE_BELOW_TARGET;BUDGET_PERFORMANCE_MISMATCH,False,True,WITHIN_MINISTRY,True,PROGRAM_YEAR_ACCOUNT,PROGRAM_LEVEL_REFERENCE_NOT_PROJECT_PERFORMANCE,False,PROJECT_FINANCIAL_CONTEXT_ONLY,code:2023:102:110:2100:2134:429,110,일반회계,2134,기술개발지원(R&D),429,혁신제품 고도화 기술개발 지원사업(R&D),1995000000,1995000000,1995000000,0,0,0,1.0,0.0013470118618067108,0.0,25.0,NONE,NEW,NEW,CLEAR,MEDIUM,True,True,C:\00_Sookmyunguniv\2026_SUMMER\2026 재정데이터분석경진대회(본선진출)\본선\프로젝트 수행\code\openapi 명세\실데이터\사업별결산세출지출현황\사업별결산세출지출현황_2023.csv
102:2023:산업·중소기업및에너지:중소기업및소상공인육성:2100:GENERAL_ACCOUNT,102,산업·중소기업및에너지,중소기업및소상공인육성,2100,2023,GENERAL_ACCOUNT,중소기업기술개발지원,PERFORMANCE_BELOW_TARGET;BUDGET_PERFORMANCE_MISMATCH,False,True,WITHIN_MINISTRY,True,PROGRAM_YEAR_ACCOUNT,PROGRAM_LEVEL_REFERENCE_NOT_PROJECT_PERFORMANCE,False,PROJECT_FINANCIAL_CONTEXT_ONLY,code:2023:102:110:2100:2134:354,110,일반회계,2134,기술개발지원(R&D),354,스마트센서선도프로젝트기술개발(R&D),1875000000,1875000000,1875000000,0,0,0,1.0,0.0012659885919236004,0.0,26.0,NONE,TERMINATED,TERMINATED,CLEAR,MEDIUM,True,True,C:\00_Sookmyunguniv\2026_SUMMER\2026 재정데이터분석경진대회(본선진출)\본선\프로젝트 수행\code\openapi 명세\실데이터\사업별결산세출지출현황\사업별결산세출지출현황_2023.csv
102:2023:산업·중소기업및에너지:중소기업및소상공인육성:2100:GENERAL_ACCOUNT,102,산업·중소기업및에너지,중소기업및소상공인육성,2100,2023,GENERAL_ACCOUNT,중소기업기술개발지원,PERFORMANCE_BELOW_TARGET;BUDGET_PERFORMANCE_MISMATCH,False,True,WITHIN_MINISTRY,True,PROGRAM_YEAR_ACCOUNT,PROGRAM_LEVEL_REFERENCE_NOT_PROJECT_PERFORMANCE,False,PROJECT_FINANCIAL_CONTEXT_ONLY,code:2023:102:110:2100:2134:405,110,일반회계,2134,기술개발지원(R&D),405,스마트 전통시장·상점가 R&D 지원사업(R&D),1666000000,1666000000,1666000000,0,0,0,1.0,0.0011248730635438498,0.0,27.0,NONE,TERMINATED,TERMINATED,CLEAR,MEDIUM,True,True,C:\00_Sookmyunguniv\2026_SUMMER\2026 재정데이터분석경진대회(본선진출)\본선\프로젝트 수행\code\openapi 명세\실데이터\사업별결산세출지출현황\사업별결산세출지출현황_2023.csv
102:2023:산업·중소기업및에너지:중소기업및소상공인육성:2100:GENERAL_ACCOUNT,102,산업·중소기업및에너지,중소기업및소상공인육성,2100,2023,GENERAL_ACCOUNT,중소기업기술개발지원,PERFORMANCE_BELOW_TARGET;BUDGET_PERFORMANCE_MISMATCH,False,True,WITHIN_MINISTRY,True,PROGRAM_YEAR_ACCOUNT,PROGRAM_LEVEL_REFERENCE_NOT_PROJECT_PERFORMANCE,False,PROJECT_FINANCIAL_CONTEXT_ONLY,code:2023:102:110:2100:2134:355,110,일반회계,2134,기술개발지원(R&D),355,제조기술융합센터 테스트베드(R&D),1350000000,1350000000,1350000000,0,0,0,1.0,0.0009115117861849924,0.0,28.0,NONE,TERMINATED,TERMINATED,CLEAR,MEDIUM,True,True,C:\00_Sookmyunguniv\2026_SUMMER\2026 재정데이터분석경진대회(본선진출)\본선\프로젝트 수행\code\openapi 명세\실데이터\사업별결산세출지출현황\사업별결산세출지출현황_2023.csv
102:2023:산업·중소기업및에너지:중소기업및소상공인육성:2100:GENERAL_ACCOUNT,102,산업·중소기업및에너지,중소기업및소상공인육성,2100,2023,GENERAL_ACCOUNT,중소기업기술개발지원,PERFORMANCE_BELOW_TARGET;BUDGET_PERFORMANCE_MISMATCH,False,True,WITHIN_MINISTRY,True,PROGRAM_YEAR_ACCOUNT,PROGRAM_LEVEL_REFERENCE_NOT_PROJECT_PERFORMANCE,False,PROJECT_FINANCIAL_CONTEXT_ONLY,code:2023:102:110:2100:2111:308,110,일반회계,2111,중소기업경쟁력강화,308,중소기업 우수연구개발 혁신제품 지정 및 시범구매사업,1000000000,1000000000,999991200,8800,0,8800,0.9999912,0.0006751939156925869,0.007262283988314325,29.0,NONE,CONTINUING,,CLEAR,HIGH,True,True,C:\00_Sookmyunguniv\2026_SUMMER\2026 재정데이터분석경진대회(본선진출)\본선\프로젝트 수행\code\openapi 명세\실데이터\사업별결산세출지출현황\사업별결산세출지출현황_2023.csv
102:2023:산업·중소기업및에너지:중소기업및소상공인육성:2100:GENERAL_ACCOUNT,102,산업·중소기업및에너지,중소기업및소상공인육성,2100,2023,GENERAL_ACCOUNT,중소기업기술개발지원,PERFORMANCE_BELOW_TARGET;BUDGET_PERFORMANCE_MISMATCH,False,True,WITHIN_MINISTRY,True,PROGRAM_YEAR_ACCOUNT,PROGRAM_LEVEL_REFERENCE_NOT_PROJECT_PERFORMANCE,False,PROJECT_FINANCIAL_CONTEXT_ONLY,code:2023:102:110:2100:2134:382,110,일반회계,2134,기술개발지원(R&D),382,글로벌창업기업 기술개발(R&D),696000000,696000000,696000000,0,0,0,1.0,0.0004699349653220405,0.0,30.0,NONE,TERMINATED,TERMINATED,CLEAR,MEDIUM,True,True,C:\00_Sookmyunguniv\2026_SUMMER\2026 재정데이터분석경진대회(본선진출)\본선\프로젝트 수행\code\openapi 명세\실데이터\사업별결산세출지출현황\사업별결산세출지출현황_2023.csv
102:2023:산업·중소기업및에너지:중소기업및소상공인육성:4100:FUND,102,산업·중소기업및에너지,중소기업및소상공인육성,4100,2023,FUND,소상공인·전통시장지원,PERFORMANCE_BELOW_TARGET;PROGRAM_STRUCTURE_CONTEXT,False,True,WITHIN_MINISTRY,True,PROGRAM_YEAR_ACCOUNT,PROGRAM_LEVEL_REFERENCE_NOT_PROJECT_PERFORMANCE,False,PROJECT_FINANCIAL_CONTEXT_ONLY,code:2023:102:503:4100:4151:301,503,소상공인시장진흥기금,4151,소상공인지원융자(기금),301,소상공인지원(융자),3000000000000,3000000000000,2945875690000,54124310000,0,54124310000,0.9819585633333333,0.7701640500770934,0.9970183927162161,1.0,PROGRAM_BUDGET_CONCENTRATION,CONTINUING,,CLEAR,HIGH,True,True,C:\00_Sookmyunguniv\2026_SUMMER\2026 재정데이터분석경진대회(본선진출)\본선\프로젝트 수행\code\openapi 명세\실데이터\사업별결산세출지출현황\사업별결산세출지출현황_2023.csv
102:2023:산업·중소기업및에너지:중소기업및소상공인육성:4100:FUND,102,산업·중소기업및에너지,중소기업및소상공인육성,4100,2023,FUND,소상공인·전통시장지원,PERFORMANCE_BELOW_TARGET;PROGRAM_STRUCTURE_CONTEXT,False,True,WITHIN_MINISTRY,True,PROGRAM_YEAR_ACCOUNT,PROGRAM_LEVEL_REFERENCE_NOT_PROJECT_PERFORMANCE,False,PROJECT_FINANCIAL_CONTEXT_ONLY,code:2023:102:503:4100:4154:304,503,소상공인시장진흥기금,4154,전통시장활성화지원(기금),304,시장경영혁신지원,359498000000,359498000000,359498000000,0,0,0,1.0,0.09229081189153832,0.0,2.0,PROGRAM_BUDGET_CONCENTRATION,CONTINUING,,CLEAR,MEDIUM,True,True,C:\00_Sookmyunguniv\2026_SUMMER\2026 재정데이터분석경진대회(본선진출)\본선\프로젝트 수행\code\openapi 명세\실데이터\사업별결산세출지출현황\사업별결산세출지출현황_2023.csv
102:2023:산업·중소기업및에너지:중소기업및소상공인육성:4100:FUND,102,산업·중소기업및에너지,중소기업및소상공인육성,4100,2023,FUND,소상공인·전통시장지원,PERFORMANCE_BELOW_TARGET;PROGRAM_STRUCTURE_CONTEXT,False,True,WITHIN_MINISTRY,True,PROGRAM_YEAR_ACCOUNT,PROGRAM_LEVEL_REFERENCE_NOT_PROJECT_PERFORMANCE,False,PROJECT_FINANCIAL_CONTEXT_ONLY,code:2023:102:503:4100:4131:319,503,소상공인시장진흥기금,4131,소상공인지원(기금),319,소상공인재기지원,151400000000,151400000000,151400000000,0,0,0,1.0,0.038867612393890645,0.0,3.0,PROGRAM_BUDGET_CONCENTRATION,CONTINUING,,CLEAR,MEDIUM,True,True,C:\00_Sookmyunguniv\2026_SUMMER\2026 재정데이터분석경진대회(본선진출)\본선\프로젝트 수행\code\openapi 명세\실데이터\사업별결산세출지출현황\사업별결산세출지출현황_2023.csv
102:2023:산업·중소기업및에너지:중소기업및소상공인육성:4100:FUND,102,산업·중소기업및에너지,중소기업및소상공인육성,4100,2023,FUND,소상공인·전통시장지원,PERFORMANCE_BELOW_TARGET;PROGRAM_STRUCTURE_CONTEXT,False,True,WITHIN_MINISTRY,True,PROGRAM_YEAR_ACCOUNT,PROGRAM_LEVEL_REFERENCE_NOT_PROJECT_PERFORMANCE,False,PROJECT_FINANCIAL_CONTEXT_ONLY,code:2023:102:503:4100:4131:317,503,소상공인시장진흥기금,4131,소상공인지원(기금),317,소상공인성장지원,141654000000,141654000000,141654000000,0,0,0,1.0,0.036365606116540196,0.0,4.0,BUDGET_RAPID_DECREASE;PROGRAM_BUDGET_CONCENTRATION;MULTIPLE_FINANCIAL_SIGNALS,CONTINUING,,CLEAR,LOW,True,True,C:\00_Sookmyunguniv\2026_SUMMER\2026 재정데이터분석경진대회(본선진출)\본선\프로젝트 수행\code\openapi 명세\실데이터\사업별결산세출지출현황\사업별결산세출지출현황_2023.csv
102:2023:산업·중소기업및에너지:중소기업및소상공인육성:4100:FUND,102,산업·중소기업및에너지,중소기업및소상공인육성,4100,2023,FUND,소상공인·전통시장지원,PERFORMANCE_BELOW_TARGET;PROGRAM_STRUCTURE_CONTEXT,False,True,WITHIN_MINISTRY,True,PROGRAM_YEAR_ACCOUNT,PROGRAM_LEVEL_REFERENCE_NOT_PROJECT_PERFORMANCE,False,PROJECT_FINANCIAL_CONTEXT_ONLY,code:2023:102:503:4100:4131:322,503,소상공인시장진흥기금,4131,소상공인지원(기금),322,소상공인스마트화지원,104800000000,104800000000,104800000000,0,0,0,1.0,0.02690439748269313,0.0,5.0,PROGRAM_BUDGET_CONCENTRATION,CONTINUING,,CLEAR,MEDIUM,True,True,C:\00_Sookmyunguniv\2026_SUMMER\2026 재정데이터분석경진대회(본선진출)\본선\프로젝트 수행\code\openapi 명세\실데이터\사업별결산세출지출현황\사업별결산세출지출현황_2023.csv
102:2023:산업·중소기업및에너지:중소기업및소상공인육성:4100:FUND,102,산업·중소기업및에너지,중소기업및소상공인육성,4100,2023,FUND,소상공인·전통시장지원,PERFORMANCE_BELOW_TARGET;PROGRAM_STRUCTURE_CONTEXT,False,True,WITHIN_MINISTRY,True,PROGRAM_YEAR_ACCOUNT,PROGRAM_LEVEL_REFERENCE_NOT_PROJECT_PERFORMANCE,False,PROJECT_FINANCIAL_CONTEXT_ONLY,code:2023:102:503:4100:4131:316,503,소상공인시장진흥기금,4131,소상공인지원(기금),316,소상공인창업지원,33286000000,33286000000,33286000000,0,0,0,1.0,0.008545226856955378,0.0,6.0,PROGRAM_BUDGET_CONCENTRATION,RENAMED,RENAMED,CLEAR,MEDIUM,True,True,C:\00_Sookmyunguniv\2026_SUMMER\2026 재정데이터분석경진대회(본선진출)\본선\프로젝트 수행\code\openapi 명세\실데이터\사업별결산세출지출현황\사업별결산세출지출현황_2023.csv
102:2023:산업·중소기업및에너지:중소기업및소상공인육성:4100:FUND,102,산업·중소기업및에너지,중소기업및소상공인육성,4100,2023,FUND,소상공인·전통시장지원,PERFORMANCE_BELOW_TARGET;PROGRAM_STRUCTURE_CONTEXT,False,True,WITHIN_MINISTRY,True,PROGRAM_YEAR_ACCOUNT,PROGRAM_LEVEL_REFERENCE_NOT_PROJECT_PERFORMANCE,False,PROJECT_FINANCIAL_CONTEXT_ONLY,code:2023:102:503:4100:4131:318,503,소상공인시장진흥기금,4131,소상공인지원(기금),318,소공인특화지원,32670000000,32670000000,32670000000,0,0,0,1.0,0.008387086505339548,0.0,7.0,PROGRAM_BUDGET_CONCENTRATION,CONTINUING,,CLEAR,MEDIUM,True,True,C:\00_Sookmyunguniv\2026_SUMMER\2026 재정데이터분석경진대회(본선진출)\본선\프로젝트 수행\code\openapi 명세\실데이터\사업별결산세출지출현황\사업별결산세출지출현황_2023.csv
102:2023:산업·중소기업및에너지:중소기업및소상공인육성:4100:FUND,102,산업·중소기업및에너지,중소기업및소상공인육성,4100,2023,FUND,소상공인·전통시장지원,PERFORMANCE_BELOW_TARGET;PROGRAM_STRUCTURE_CONTEXT,False,True,WITHIN_MINISTRY,True,PROGRAM_YEAR_ACCOUNT,PROGRAM_LEVEL_REFERENCE_NOT_PROJECT_PERFORMANCE,False,PROJECT_FINANCIAL_CONTEXT_ONLY,code:2023:102:503:4100:4154:305,503,소상공인시장진흥기금,4154,전통시장활성화지원(기금),305,상권활성화,30361000000,30361000000,30361000000,0,0,0,1.0,0.007794316908130211,0.0,8.0,PROGRAM_BUDGET_CONCENTRATION,TERMINATED,TERMINATED,CLEAR,MEDIUM,True,True,C:\00_Sookmyunguniv\2026_SUMMER\2026 재정데이터분석경진대회(본선진출)\본선\프로젝트 수행\code\openapi 명세\실데이터\사업별결산세출지출현황\사업별결산세출지출현황_2023.csv
102:2023:산업·중소기업및에너지:중소기업및소상공인육성:4100:FUND,102,산업·중소기업및에너지,중소기업및소상공인육성,4100,2023,FUND,소상공인·전통시장지원,PERFORMANCE_BELOW_TARGET;PROGRAM_STRUCTURE_CONTEXT,False,True,WITHIN_MINISTRY,True,PROGRAM_YEAR_ACCOUNT,PROGRAM_LEVEL_REFERENCE_NOT_PROJECT_PERFORMANCE,False,PROJECT_FINANCIAL_CONTEXT_ONLY,code:2023:102:503:4100:4131:321,503,소상공인시장진흥기금,4131,소상공인지원(기금),321,소상공인지원인프라,22827000000,22827000000,22827000000,0,0,0,1.0,0.0058601782570366035,0.0,9.0,PROGRAM_BUDGET_CONCENTRATION,CONTINUING,,CLEAR,MEDIUM,True,True,C:\00_Sookmyunguniv\2026_SUMMER\2026 재정데이터분석경진대회(본선진출)\본선\프로젝트 수행\code\openapi 명세\실데이터\사업별결산세출지출현황\사업별결산세출지출현황_2023.csv
102:2023:산업·중소기업및에너지:중소기업및소상공인육성:4100:FUND,102,산업·중소기업및에너지,중소기업및소상공인육성,4100,2023,FUND,소상공인·전통시장지원,PERFORMANCE_BELOW_TARGET;PROGRAM_STRUCTURE_CONTEXT,False,True,WITHIN_MINISTRY,True,PROGRAM_YEAR_ACCOUNT,PROGRAM_LEVEL_REFERENCE_NOT_PROJECT_PERFORMANCE,False,PROJECT_FINANCIAL_CONTEXT_ONLY,code:2023:102:503:4100:4131:327,503,소상공인시장진흥기금,4131,소상공인지원(기금),327,소상공인 빅데이터 플랫폼 구축(정보화),9189000000,9189000000,9189000000,0,0,0,1.0,0.0023590124853861373,0.0,10.0,PROGRAM_BUDGET_CONCENTRATION,NEW,NEW,CLEAR,MEDIUM,True,True,C:\00_Sookmyunguniv\2026_SUMMER\2026 재정데이터분석경진대회(본선진출)\본선\프로젝트 수행\code\openapi 명세\실데이터\사업별결산세출지출현황\사업별결산세출지출현황_2023.csv
102:2023:산업·중소기업및에너지:중소기업및소상공인육성:4100:FUND,102,산업·중소기업및에너지,중소기업및소상공인육성,4100,2023,FUND,소상공인·전통시장지원,PERFORMANCE_BELOW_TARGET;PROGRAM_STRUCTURE_CONTEXT,False,True,WITHIN_MINISTRY,True,PROGRAM_YEAR_ACCOUNT,PROGRAM_LEVEL_REFERENCE_NOT_PROJECT_PERFORMANCE,False,PROJECT_FINANCIAL_CONTEXT_ONLY,code:2023:102:503:4100:4131:305,503,소상공인시장진흥기금,4131,소상공인지원(기금),305,지역기반 로컬크리에이터 활성화,5444000000,5444000000,5444000000,0,0,0,1.0,0.0013975910295398988,0.0,11.0,PROGRAM_BUDGET_CONCENTRATION,TERMINATED,TERMINATED,CLEAR,MEDIUM,True,True,C:\00_Sookmyunguniv\2026_SUMMER\2026 재정데이터분석경진대회(본선진출)\본선\프로젝트 수행\code\openapi 명세\실데이터\사업별결산세출지출현황\사업별결산세출지출현황_2023.csv
102:2023:산업·중소기업및에너지:중소기업및소상공인육성:4100:FUND,102,산업·중소기업및에너지,중소기업및소상공인육성,4100,2023,FUND,소상공인·전통시장지원,PERFORMANCE_BELOW_TARGET;PROGRAM_STRUCTURE_CONTEXT,False,True,WITHIN_MINISTRY,True,PROGRAM_YEAR_ACCOUNT,PROGRAM_LEVEL_REFERENCE_NOT_PROJECT_PERFORMANCE,False,PROJECT_FINANCIAL_CONTEXT_ONLY,code:2023:102:503:4100:4131:326,503,소상공인시장진흥기금,4131,소상공인지원(기금),326,소상공인스마트기술육성R&D,2397000000,2397000000,2397000000,0,0,0,1.0,0.0006153610760115977,0.0,12.0,PROGRAM_BUDGET_CONCENTRATION,RENAMED,RENAMED,CLEAR,MEDIUM,True,True,C:\00_Sookmyunguniv\2026_SUMMER\2026 재정데이터분석경진대회(본선진출)\본선\프로젝트 수행\code\openapi 명세\실데이터\사업별결산세출지출현황\사업별결산세출지출현황_2023.csv
102:2023:산업·중소기업및에너지:중소기업및소상공인육성:4100:FUND,102,산업·중소기업및에너지,중소기업및소상공인육성,4100,2023,FUND,소상공인·전통시장지원,PERFORMANCE_BELOW_TARGET;PROGRAM_STRUCTURE_CONTEXT,False,True,WITHIN_MINISTRY,True,PROGRAM_YEAR_ACCOUNT,PROGRAM_LEVEL_REFERENCE_NOT_PROJECT_PERFORMANCE,False,PROJECT_FINANCIAL_CONTEXT_ONLY,code:2023:102:503:4100:4131:320,503,소상공인시장진흥기금,4131,소상공인지원(기금),320,소상공인 자영업자를 위한 생활혁신형 기술개발(R&D),1748000000,1748000000,1748000000,0,0,0,1.0,0.00044874891984491975,0.0,13.0,PROGRAM_BUDGET_CONCENTRATION,TERMINATED,TERMINATED,CLEAR,MEDIUM,True,True,C:\00_Sookmyunguniv\2026_SUMMER\2026 재정데이터분석경진대회(본선진출)\본선\프로젝트 수행\code\openapi 명세\실데이터\사업별결산세출지출현황\사업별결산세출지출현황_2023.csv
102:2023:산업·중소기업및에너지:중소기업및소상공인육성:4100:FUND,102,산업·중소기업및에너지,중소기업및소상공인육성,4100,2023,FUND,소상공인·전통시장지원,PERFORMANCE_BELOW_TARGET;PROGRAM_STRUCTURE_CONTEXT,False,True,WITHIN_MINISTRY,True,PROGRAM_YEAR_ACCOUNT,PROGRAM_LEVEL_REFERENCE_NOT_PROJECT_PERFORMANCE,False,PROJECT_FINANCIAL_CONTEXT_ONLY,code:2023:102:503:4100:4131:325,503,소상공인시장진흥기금,4131,소상공인지원(기금),325,소상공인 손실보상 제도화,0,535704420,373844380,161860040,0,161860040,0.6978556943771344,0.0,0.002981607283783986,14.0,PROGRAM_BUDGET_CONCENTRATION;MULTIPLE_FINANCIAL_SIGNALS,TERMINATED,TERMINATED,CLEAR,LOW,True,True,C:\00_Sookmyunguniv\2026_SUMMER\2026 재정데이터분석경진대회(본선진출)\본선\프로젝트 수행\code\openapi 명세\실데이터\사업별결산세출지출현황\사업별결산세출지출현황_2023.csv
102:2024:산업·중소기업및에너지:창업및벤처:5100:FUND,102,산업·중소기업및에너지,창업및벤처,5100,2024,FUND,창업환경조성,PERFORMANCE_BELOW_TARGET,False,True,WITHIN_MINISTRY,True,PROGRAM_YEAR_ACCOUNT,PROGRAM_LEVEL_REFERENCE_NOT_PROJECT_PERFORMANCE,False,PROJECT_FINANCIAL_CONTEXT_ONLY,code:2024:102:584:5100:5152:301,584,중소벤처기업창업및진흥기금,5152,창업기업지원융자(기금),301,혁신창업사업화자금(융자),2047800000000,2047800000000,2039969755174,7830244826,0,7830244826,0.9961762648569196,0.750483757476252,0.9762986681253637,1.0,NONE,CONTINUING,,CLEAR,HIGH,True,True,C:\00_Sookmyunguniv\2026_SUMMER\2026 재정데이터분석경진대회(본선진출)\본선\프로젝트 수행\code\openapi 명세\실데이터\사업별결산세출지출현황\사업별결산세출지출현황_2024.csv
102:2024:산업·중소기업및에너지:창업및벤처:5100:FUND,102,산업·중소기업및에너지,창업및벤처,5100,2024,FUND,창업환경조성,PERFORMANCE_BELOW_TARGET,False,True,WITHIN_MINISTRY,True,PROGRAM_YEAR_ACCOUNT,PROGRAM_LEVEL_REFERENCE_NOT_PROJECT_PERFORMANCE,False,PROJECT_FINANCIAL_CONTEXT_ONLY,code:2024:102:584:5100:5161:301,584,중소벤처기업창업및진흥기금,5161,재도약지원(기금),301,재도약지원자금(융자),571800000000,571800000000,571800000000,0,0,0,1.0,0.20955494312184825,0.0,2.0,NONE,CONTINUING,,CLEAR,HIGH,True,True,C:\00_Sookmyunguniv\2026_SUMMER\2026 재정데이터분석경진대회(본선진출)\본선\프로젝트 수행\code\openapi 명세\실데이터\사업별결산세출지출현황\사업별결산세출지출현황_2024.csv
102:2024:산업·중소기업및에너지:창업및벤처:5100:FUND,102,산업·중소기업및에너지,창업및벤처,5100,2024,FUND,창업환경조성,PERFORMANCE_BELOW_TARGET,False,True,WITHIN_MINISTRY,True,PROGRAM_YEAR_ACCOUNT,PROGRAM_LEVEL_REFERENCE_NOT_PROJECT_PERFORMANCE,False,PROJECT_FINANCIAL_CONTEXT_ONLY,code:2024:102:584:5100:5152:302,584,중소벤처기업창업및진흥기금,5152,창업기업지원융자(기금),302,창업성공패키지,97481000000,97481000000,97367987695,113012305,0,113012305,0.9988406735158646,0.03572512313826668,0.014090716868381783,3.0,NONE,CONTINUING,,CLEAR,HIGH,True,True,C:\00_Sookmyunguniv\2026_SUMMER\2026 재정데이터분석경진대회(본선진출)\본선\프로젝트 수행\code\openapi 명세\실데이터\사업별결산세출지출현황\사업별결산세출지출현황_2024.csv
102:2024:산업·중소기업및에너지:창업및벤처:5100:FUND,102,산업·중소기업및에너지,창업및벤처,5100,2024,FUND,창업환경조성,PERFORMANCE_BELOW_TARGET,False,True,WITHIN_MINISTRY,True,PROGRAM_YEAR_ACCOUNT,PROGRAM_LEVEL_REFERENCE_NOT_PROJECT_PERFORMANCE,False,PROJECT_FINANCIAL_CONTEXT_ONLY,code:2024:102:584:5100:5161:302,584,중소벤처기업창업및진흥기금,5161,재도약지원(기금),302,재도약촉진,11559000000,11559000000,11481919624,77080376,0,77080376,0.9933315705510858,0.004236176263633165,0.0096106150062545,4.0,NONE,CONTINUING,,CLEAR,MEDIUM,True,True,C:\00_Sookmyunguniv\2026_SUMMER\2026 재정데이터분석경진대회(본선진출)\본선\프로젝트 수행\code\openapi 명세\실데이터\사업별결산세출지출현황\사업별결산세출지출현황_2024.csv
162:2023:과학기술:과학기술연구지원:1600:GENERAL_ACCOUNT,162,과학기술,과학기술연구지원,1600,2023,GENERAL_ACCOUNT,과학기술기반조성,PERFORMANCE_BELOW_TARGET;EXECUTION_MANAGEMENT;PROGRAM_STRUCTURE_CONTEXT,False,True,WITHIN_MINISTRY,True,PROGRAM_YEAR_ACCOUNT,PROGRAM_LEVEL_REFERENCE_NOT_PROJECT_PERFORMANCE,False,PROJECT_FINANCIAL_CONTEXT_ONLY,code:2023:162:110:1600:1640:300,110,일반회계,1640,국제과학비즈니스벨트조성,300,국제과학비즈니스벨트조성(R&D),52132000000,61573645630,31812907590,29760738040,29493480940,267257100,0.5166643498935536,0.8151228969916818,1.0,1.0,PROGRAM_BUDGET_CONCENTRATION;MULTIPLE_FINANCIAL_SIGNALS,CONTINUING,,CLEAR,HIGH,True,True,C:\00_Sookmyunguniv\2026_SUMMER\2026 재정데이터분석경진대회(본선진출)\본선\프로젝트 수행\code\openapi 명세\실데이터\사업별결산세출지출현황\사업별결산세출지출현황_2023.csv
162:2023:과학기술:과학기술연구지원:1600:GENERAL_ACCOUNT,162,과학기술,과학기술연구지원,1600,2023,GENERAL_ACCOUNT,과학기술기반조성,PERFORMANCE_BELOW_TARGET;EXECUTION_MANAGEMENT;PROGRAM_STRUCTURE_CONTEXT,False,True,WITHIN_MINISTRY,True,PROGRAM_YEAR_ACCOUNT,PROGRAM_LEVEL_REFERENCE_NOT_PROJECT_PERFORMANCE,False,PROJECT_FINANCIAL_CONTEXT_ONLY,code:2023:162:110:1600:1639:402,110,일반회계,1639,연구실안전환경구축,402,연구실안전환경구축(R&D),11824000000,11824000000,11824000000,0,0,0,1.0,0.18487710300831822,0.0,2.0,PROGRAM_BUDGET_CONCENTRATION,CONTINUING,,CLEAR,HIGH,True,True,C:\00_Sookmyunguniv\2026_SUMMER\2026 재정데이터분석경진대회(본선진출)\본선\프로젝트 수행\code\openapi 명세\실데이터\사업별결산세출지출현황\사업별결산세출지출현황_2023.csv
