source_indicator_id,ministry_code,ministry_name,fiscal_year,strategic_goal_number,program_goal_number,source_program_code,performance_program_name,manual_indicator_name_plan,manual_indicator_name_report,manual_indicator_unit,manual_indicator_direction_raw,manual_planned_target_raw,manual_actual_value_raw,manual_official_achievement_rate_raw,pdf_plan_program_name,pdf_plan_indicator_name,pdf_plan_unit,pdf_plan_direction_raw,pdf_plan_target_raw,documented_change_target_before_raw,documented_change_target_after_raw,documented_change_reason_raw,documented_change_source_file,documented_change_split_pdf_page,documented_change_source_pdf_page,documented_change_printed_page,documented_change_ocr_conflict,documented_change_report_conflict,pdf_report_program_name,pdf_report_indicator_name,pdf_report_unit,pdf_report_target_raw,pdf_report_actual_raw,pdf_report_official_achievement_rate_raw,planned_target_numeric_manual,planned_target_numeric_pdf,report_target_numeric_pdf,actual_value_numeric_manual,actual_value_numeric_pdf,official_achievement_rate_numeric_manual,official_achievement_rate_numeric_pdf,computed_achievement_rate,plan_target_change_abs,plan_target_change_pct,report_target_change_abs,report_target_change_pct,report_actual_change_abs,report_actual_change_pct,report_achievement_rate_change_abs_pp,plan_vs_report_target_change_abs,plan_vs_report_target_change_pct,plan_name_match_status,plan_target_match_status,report_name_match_status,report_target_match_status,report_actual_match_status,report_achievement_rate_match_status,page_evidence_status,ocr_status,overall_reconciliation_status,review_reason,review_instruction,reviewer,review_status,review_note,review_confirmed_at,plan_source_file,plan_split_pdf_page,plan_source_pdf_page,plan_printed_page,plan_source_text,report_source_file,report_split_pdf_page,report_source_pdf_page,report_printed_page,report_source_text,source_trace
MOEL-2022-I1-01,019,고용노동부,2022,Ⅰ,Ⅰ-1,,고용창출,15~64세 고용률,15~64세 고용률,%,,66.4,68.5,103.2,,15~64세 고용률,,,66.4,66.4,66.4,예산 변경,2022년도 성과보고서_고용노동부-174-222.pdf,38,211,,False,False,,15~64세 고용률,,66.4,68.5,103.2,66.4,66.4,66.4,68.5,68.5,103.2,103.2,,0.0,0.0,0.0,0.0,0.0,0.0,0.0,0.0,0.0,MATCH_AFTER_CHANGE,EXACT_MATCH,EXACT_MATCH,EXACT_MATCH,EXACT_MATCH,EXACT_MATCH,EXACT_MATCH,OCR_REQUIRED,OCR_REQUIRED,PLAN_TARGET_FROM_CHANGE_TABLE_ONLY;TARGET_CHANGE_REASON_DOCUMENTED_IN_별첨6,[계획서] 2022년도 성과계획서_고용노동부-201-249.pdf ?쪽(원본 ?쪽) / [별첨6 변경표] 2022년도 성과보고서_고용노동부-174-222.pdf 38쪽(원본 211쪽),,,,,2022년도 성과계획서_고용노동부-201-249.pdf,,,,,2022년도 성과보고서_고용노동부.pdf,38,38,,"104.6
15~64세 고용률
(%)
ㅇ 측정산식 : (만15세 이상 취업자
수/만15세 이상 인구)*100
목표
신규
신규
신규
66.4
실적
신규
신규
신규
68.5
달성률(%)
-
-
-
103.2",plan:별첨6만;plan_method:TEXT;report_method:FULL_TEXT
MOEL-2022-I1-02,019,고용노동부,2022,Ⅰ,Ⅰ-1,,고용창출,상용직 근로자비율,상용직 근로자비율,%,,69.8,73,104.6,,상용직 근로자비율,,,69.8,69.8,69.8,예산 변경,2022년도 성과보고서_고용노동부-174-222.pdf,38,211,,False,False,,상용직 근로자비율,,69.8,73.0,104.6,69.8,69.8,69.8,73.0,73.0,104.6,104.6,,0.0,0.0,0.0,0.0,0.0,0.0,0.0,0.0,0.0,MATCH_AFTER_CHANGE,EXACT_MATCH,EXACT_MATCH,EXACT_MATCH,EXACT_MATCH,EXACT_MATCH,EXACT_MATCH,OCR_REQUIRED,OCR_REQUIRED,PLAN_TARGET_FROM_CHANGE_TABLE_ONLY;TARGET_CHANGE_REASON_DOCUMENTED_IN_별첨6,[계획서] 2022년도 성과계획서_고용노동부-201-249.pdf ?쪽(원본 ?쪽) / [별첨6 변경표] 2022년도 성과보고서_고용노동부-174-222.pdf 38쪽(원본 211쪽),,,,,2022년도 성과계획서_고용노동부-201-249.pdf,,,,,2022년도 성과보고서_고용노동부.pdf,38,38,,"상용직 
근로자비율
(%)
ㅇ 측정산식 : 상용근로자 수 / 임
금근로자 수 × 100
목표
신규
신규
신규
69.8
실적
신규
신규
신규
73.0
달성률(%)
-
-
-
104.6",plan:별첨6만;plan_method:TEXT;report_method:FULL_TEXT
MOEL-2022-I1-03,019,고용노동부,2022,Ⅰ,Ⅰ-1,,고용창출,청년고용률,청년고용률,%,,42.5,46.6,109.6,,청년고용률,,,42.5,42.5,42.5,예산 변경,2022년도 성과보고서_고용노동부-174-222.pdf,38,211,,False,False,,청년고용률,,42.5,46.6,109.6,42.5,42.5,42.5,46.6,46.6,109.6,109.6,,0.0,0.0,0.0,0.0,0.0,0.0,0.0,0.0,0.0,MATCH_AFTER_CHANGE,EXACT_MATCH,EXACT_MATCH,EXACT_MATCH,EXACT_MATCH,EXACT_MATCH,EXACT_MATCH,OCR_REQUIRED,OCR_REQUIRED,PLAN_TARGET_FROM_CHANGE_TABLE_ONLY;TARGET_CHANGE_REASON_DOCUMENTED_IN_별첨6,[계획서] 2022년도 성과계획서_고용노동부-201-249.pdf ?쪽(원본 ?쪽) / [별첨6 변경표] 2022년도 성과보고서_고용노동부-174-222.pdf 38쪽(원본 211쪽),,,,,2022년도 성과계획서_고용노동부-201-249.pdf,,,,,2022년도 성과보고서_고용노동부.pdf,38,38,,"103.2
청년고용률
(%)
ㅇ 측정산식: 고용률(%)=(청년취업자
/청년층 인구)×100
목표
신규
신규
신규
42.5
실적
신규
신규
신규
46.6
달성률(%)
-
-
-
109.6",plan:별첨6만;plan_method:TEXT;report_method:FULL_TEXT
MOEL-2022-I1-04,019,고용노동부,2022,Ⅰ,Ⅰ-1,,고용창출,청년공제 가입자의 2년 이상 고용(공제)유지율,청년공제 가입자의 2년 이상 고용(공제)유지율,%,,63.1,69.7,110.5,,청년공제 가입자의 2년 이상 고용(공제)유지율,,,63.1,63.1,63.1,예산 변경,2022년도 성과보고서_고용노동부-174-222.pdf,38,211,,False,False,,청년공제 가입자의 2년 이상 고용(공제)유지율,,63.1,69.7,110.5,63.1,63.1,63.1,69.7,69.7,110.5,110.5,,0.0,0.0,0.0,0.0,0.0,0.0,0.0,0.0,0.0,MATCH_AFTER_CHANGE,EXACT_MATCH,EXACT_MATCH,EXACT_MATCH,EXACT_MATCH,EXACT_MATCH,EXACT_MATCH,OCR_REQUIRED,OCR_REQUIRED,PLAN_TARGET_FROM_CHANGE_TABLE_ONLY;TARGET_CHANGE_REASON_DOCUMENTED_IN_별첨6,[계획서] 2022년도 성과계획서_고용노동부-201-249.pdf ?쪽(원본 ?쪽) / [별첨6 변경표] 2022년도 성과보고서_고용노동부-174-222.pdf 38쪽(원본 211쪽),,,,,2022년도 성과계획서_고용노동부-201-249.pdf,,,,,2022년도 성과보고서_고용노동부.pdf,38,38,,"2년이상 고용 
(공제) 유지율(%)
ㅇ 측정산식: (t-2)년 청년공제 가입자 
중 2년 이상 유지자수(만기자 포함) 
/(t-2)년 청년공제 가입인원(철회・취소 
제외)×100, t:당해연도
목표
신규
신규
신규
63.1
실적
신규
신규
신규
69.7
달성률(%)
-
-
-
110.5",plan:별첨6만;plan_method:TEXT;report_method:FULL_TEXT
MOEL-2022-I2-01,019,고용노동부,2022,Ⅰ,Ⅰ-2,,장애인고용증진,근로지원인 수혜장애인 비율,근로지원인 수혜장애인 비율,%,,1.35,1.89,113.9,,근로지원인 수혜장애인 비율,,,1.66,1.35,1.66,"목표 산정근거('20년도 말 15세 이상 중증장애인수 (792,521명) 대비 ’21년도 말 근로지원인 수혜인원(12,407명) 비율 1.56%에 의욕치인 0.1%p를 부여하여, 1.66%(수혜장애인수",2022년도 성과보고서_고용노동부-174-222.pdf,39,212,,False,False,,근로지원인 수혜장애인 비율,,1.66,1.89,113.9,1.35,1.66,1.66,1.89,1.89,113.9,113.9,,0.30999999999999983,22.962962962962948,0.30999999999999983,22.962962962962948,0.0,0.0,0.0,0.0,0.0,MATCH_AFTER_CHANGE,VALUE_MISMATCH,EXACT_MATCH,MATCH_AFTER_CHANGE,EXACT_MATCH,EXACT_MATCH,EXACT_MATCH,OCR_REQUIRED,OCR_REQUIRED,PLAN_TARGET_FROM_CHANGE_TABLE_ONLY;TARGET_CHANGE_REASON_DOCUMENTED_IN_별첨6;REPORT_TARGET_CHANGE_CONFIRMED_BY_별첨6,[계획서] 2022년도 성과계획서_고용노동부-201-249.pdf ?쪽(원본 ?쪽) / [보고서] 2022년도 성과보고서_고용노동부.pdf 66쪽(원본 66쪽) / [별첨6 변경표] 2022년도 성과보고서_고용노동부-174-222.pdf 39쪽(원본 212쪽),,,,,2022년도 성과계획서_고용노동부-201-249.pdf,,,,,2022년도 성과보고서_고용노동부.pdf,66,66,,"근로지원인 
수혜장애인 비율
(%)
ㅇ 측정산식: (근로지원인 수혜장애인
수 / 15세 이상 중증장애인수) × 100 
▪ 측정방법
- 측정대상기간: ’22. 1. 1. ~ ’22. 
12. 31.
- 실적치 집계 완료 시점 : ’23. 1월
말 예정
- 측정수행기관: 한국장애인고용공단 
- 측정대상 표본수 및 선정방법: 근로
지원인 수혜인원 전수 조사
목표
신규
신규
신규
1.66
실적
신규
신규
신규
1.89
달성률(%)
-
-
-
113.9",plan:별첨6만;plan_method:TEXT;report_method:FULL_TEXT
MOEL-2022-I2-02,019,고용노동부,2022,Ⅰ,Ⅰ-2,,장애인고용증진,의무고용사업체의 장애인고용률,의무고용사업체의 장애인고용률,%,,3.06,3.19,100.3,,의무고용사업체의 장애인고용률,,,3.18,3.06,3.18,'21년 실적(3.14) 감안하여 목표치 상향조정 타당,2022년도 성과보고서_고용노동부-174-222.pdf,39,212,,False,False,,의무고용사업체의 장애인고용률,,3.18,3.19,100.3,3.06,3.18,3.18,3.19,3.19,100.3,100.3,,0.1200000000000001,3.921568627450984,0.1200000000000001,3.921568627450984,0.0,0.0,0.0,0.0,0.0,MATCH_AFTER_CHANGE,VALUE_MISMATCH,EXACT_MATCH,MATCH_AFTER_CHANGE,EXACT_MATCH,EXACT_MATCH,EXACT_MATCH,OCR_REQUIRED,OCR_REQUIRED,PLAN_TARGET_FROM_CHANGE_TABLE_ONLY;TARGET_CHANGE_REASON_DOCUMENTED_IN_별첨6;REPORT_TARGET_CHANGE_CONFIRMED_BY_별첨6,[계획서] 2022년도 성과계획서_고용노동부-201-249.pdf ?쪽(원본 ?쪽) / [보고서] 2022년도 성과보고서_고용노동부.pdf 65쪽(원본 65쪽) / [별첨6 변경표] 2022년도 성과보고서_고용노동부-174-222.pdf 39쪽(원본 212쪽),,,,,2022년도 성과계획서_고용노동부-201-249.pdf,,,,,2022년도 성과보고서_고용노동부.pdf,65,65,,"의무고용사업체의 
장애인고용률
(%)
ㅇ 측정산식 : 의무고용사업체 해당
연도 6월말 장애인수 / 의무고용사업
체 해당연도 6월말 상시근로자수 × 
100
목표
2.89
2.94
3.03
3.18
실적
2.92
3.02
3.14
3.19
달성률(%)
101.0
102.7
103.6
100.3",plan:별첨6만;plan_method:TEXT;report_method:FULL_TEXT
MOEL-2022-II1-01,019,고용노동부,2022,Ⅱ,Ⅱ-1,,직업능력개발,K-Digital Training 수료율,K-Digital Training 수료율,%,,89.2,89.7,101.9,,K-Digital Training 수료율,,,88.0,89.2,88.0,"훈련의 품질 향상을 위한 도전적 목표치 설정의 필요성 및 '20년 수료율(88.2%)을 고려하여, '22년 목표치는 '21년 수료율이 87%로 확정됨에 따라, '22년 목표 수료율을 88%(1%p 향상)로 설정하고자 함",2022년도 성과보고서_고용노동부-174-222.pdf,39,212,,False,False,,K-Digital Training 수료율,,88.0,89.7,101.9,89.2,88.0,88.0,89.7,89.7,101.9,101.9,,-1.2000000000000028,-1.345291479820631,-1.2000000000000028,-1.345291479820631,0.0,0.0,0.0,0.0,0.0,MATCH_AFTER_CHANGE,VALUE_MISMATCH,EXACT_MATCH,MATCH_AFTER_CHANGE,EXACT_MATCH,EXACT_MATCH,EXACT_MATCH,OCR_REQUIRED,OCR_REQUIRED,PLAN_TARGET_FROM_CHANGE_TABLE_ONLY;TARGET_CHANGE_REASON_DOCUMENTED_IN_별첨6;REPORT_TARGET_CHANGE_CONFIRMED_BY_별첨6,[계획서] 2022년도 성과계획서_고용노동부-201-249.pdf ?쪽(원본 ?쪽) / [보고서] 2022년도 성과보고서_고용노동부.pdf 79쪽(원본 79쪽) / [별첨6 변경표] 2022년도 성과보고서_고용노동부-174-222.pdf 39쪽(원본 212쪽),,,,,2022년도 성과계획서_고용노동부-201-249.pdf,,,,,2022년도 성과보고서_고용노동부.pdf,79,79,,"K-Digital Training 
수료율
(%)
  ㅇ 측정산식 : 훈련수료인원/(훈
련참여인원-조기취업인원-불가피한 
사유로 인해 수료가 불가능한 인
원) × 100
   ▪ 측정방법
    - 
측정대상기간 
: 
당해연도 
1.1.~12.31. 종료된 훈련과정 기준
    - 실적치 집계 완료 시점 : 익
년도 1월말~2월초
    - 측정수행기관 : HRD-Net 전
산확인, 한국고용정보원
목표
신규
신규
88.2
88.0
실적
신규
신규
87.0
89.7
달성률(%)
-
-
98.6
101.9",plan:별첨6만;plan_method:TEXT;report_method:FULL_TEXT
MOEL-2022-II1-02,019,고용노동부,2022,Ⅱ,Ⅱ-1,,직업능력개발,폴리텍 하이테크과정 취업률(%),폴리텍 하이테크과정 취업률(%),%,,73,81.7,111.9,,폴리텍 하이테크과정 취업률(%),,,73,73,73,예산 변경,2022년도 성과보고서_고용노동부-174-222.pdf,39,212,,False,False,,폴리텍 하이테크과정 취업률(%),,73,81.7,111.9,73.0,73.0,73.0,81.7,81.7,111.9,111.9,,0.0,0.0,0.0,0.0,0.0,0.0,0.0,0.0,0.0,MATCH_AFTER_CHANGE,EXACT_MATCH,EXACT_MATCH,EXACT_MATCH,EXACT_MATCH,EXACT_MATCH,EXACT_MATCH,OCR_REQUIRED,OCR_REQUIRED,PLAN_TARGET_FROM_CHANGE_TABLE_ONLY;TARGET_CHANGE_REASON_DOCUMENTED_IN_별첨6,[계획서] 2022년도 성과계획서_고용노동부-201-249.pdf ?쪽(원본 ?쪽) / [별첨6 변경표] 2022년도 성과보고서_고용노동부-174-222.pdf 39쪽(원본 212쪽),,,,,2022년도 성과계획서_고용노동부-201-249.pdf,,,,,2022년도 성과보고서_고용노동부.pdf,79,79,,"하이테크과정 
취업률(%)
(%)
  ㅇ 측정산식 : 취업자/취업대상자
×100
   - 취업자 : 고용보험 및 기타 3대 
보험 가입자, 자영업자(증빙포함)
   - 취업대상자 : 수료자-평가제
외자
      * 수료자 : 해당연도 2월 수
료생(전년도 9월, 12월 수료생 포함)
      * 평가제외자 : 진학자, 입대자, 
수형자, 사망자, 해외이민자, 장기
입원, 출산예정자 
 ▪ 측정방법
    - 측정대상기간 :해당 수료 연
도 3.31. 시점
    - 
실적치 
집계 
완료 
시점 
: 
’23.2월말 예정
    - 측정수행기관 : 학교법인 한
국폴리텍
    - 측정대상 표본수 및 선정방법
        : 전수조사(51개 학과)
목표
신규
신규
72
73
실적
신규
신규
84
81.7
달성률(%)
-
-
116.7
111.9",plan:별첨6만;plan_method:TEXT;report_method:FULL_TEXT
MOEL-2022-II1-03,019,고용노동부,2022,Ⅱ,Ⅱ-1,,직업능력개발,일학습병행 학습근로자 수,일학습병행 학습근로자 수,명,,120000,132005,101.5,,일학습병행 학습근로자 수,,,"130,000","120,000","130,000","21년 학습근로자수(118,155명, 누적) 감안하여 목표치 상항",2022년도 성과보고서_고용노동부-174-222.pdf,39,212,,False,False,,일학습병행 학습근로자 수,,"130,000","132,005",101.5,120000.0,130000.0,130000.0,132005.0,132005.0,101.5,101.5,,10000.0,8.333333333333332,10000.0,8.333333333333332,0.0,0.0,0.0,0.0,0.0,MATCH_AFTER_CHANGE,VALUE_MISMATCH,EXACT_MATCH,MATCH_AFTER_CHANGE,EXACT_MATCH,EXACT_MATCH,EXACT_MATCH,OCR_REQUIRED,OCR_REQUIRED,PLAN_TARGET_FROM_CHANGE_TABLE_ONLY;TARGET_CHANGE_REASON_DOCUMENTED_IN_별첨6;REPORT_TARGET_CHANGE_CONFIRMED_BY_별첨6,[계획서] 2022년도 성과계획서_고용노동부-201-249.pdf ?쪽(원본 ?쪽) / [보고서] 2022년도 성과보고서_고용노동부.pdf 80쪽(원본 80쪽) / [별첨6 변경표] 2022년도 성과보고서_고용노동부-174-222.pdf 39쪽(원본 212쪽),,,,,2022년도 성과계획서_고용노동부-201-249.pdf,,,,,2022년도 성과보고서_고용노동부.pdf,80,80,,"일학습병행 
학습근로자 수
(명)
 ㅇ 측정산식 : 일학습병행에 참여
한 학습근로자 수
 ▪ 측정방법 (자료수집 방법/출처)
   - 
측정대상기간 
: 
사업시작일
∼’22.12월
   - 실적치 집계 완료 시점 : ‘23.2월
   - 측정수행기관 : 한국산업인력공단
    - 측정대상 표본수 및 선정방법 
: 전수조사(HRD-NET 전산 확인)
목표
80,000
100,000
110,000
130,000
실적
90,696
104,967
118,155
132,005
달성률(%)
113.4
105.0
107.4
101.5",plan:별첨6만;plan_method:TEXT;report_method:FULL_TEXT
MOEL-2022-II2-01,019,고용노동부,2022,Ⅱ,Ⅱ-2,,고용안전망확충,고용보험 피보험자 수,고용보험 피보험자 수,천명,,17000,15555,99.5,,고용보험 피보험자 수,,,"15,640",17000,"15,640","코로나19 긴급 고용안정지원금으로 예산증액(8,000억원)되었으나, 이는 코로나19 장기화에 따른 고용상황 악화에 대응하여 고용보험 사각지대의 특고·프리랜서 등에 대한 긴급지원으로 본 지표와는",2022년도 성과보고서_고용노동부-174-222.pdf,40,213,,False,False,,고용보험 피보험자 수,,"15,640","15,555",99.5,17000.0,15640.0,15640.0,15555.0,15555.0,99.5,99.5,,-1360.0,-8.0,-1360.0,-8.0,0.0,0.0,0.0,0.0,0.0,MATCH_AFTER_CHANGE,VALUE_MISMATCH,EXACT_MATCH,MATCH_AFTER_CHANGE,EXACT_MATCH,EXACT_MATCH,EXACT_MATCH,OCR_REQUIRED,OCR_REQUIRED,PLAN_TARGET_FROM_CHANGE_TABLE_ONLY;TARGET_CHANGE_REASON_DOCUMENTED_IN_별첨6;REPORT_TARGET_CHANGE_CONFIRMED_BY_별첨6,[계획서] 2022년도 성과계획서_고용노동부-201-249.pdf ?쪽(원본 ?쪽) / [보고서] 2022년도 성과보고서_고용노동부.pdf 90쪽(원본 90쪽) / [별첨6 변경표] 2022년도 성과보고서_고용노동부-174-222.pdf 40쪽(원본 213쪽),,,,,2022년도 성과계획서_고용노동부-201-249.pdf,,,,,2022년도 성과보고서_고용노동부.pdf,90,90,,"(천명)
ㅇ 고용보험 피보험자수= (n-1)년 
12.31. 
기준 
취득자수 
+ 
n년 
신규취득자수 - n년 신규상실자수
목표
13,748
14,280
14,535
15,640
실적
13,864
14,111
14,550
15,555
달성률(%)
100.8
98.8
100.1
99.5",plan:별첨6만;plan_method:TEXT;report_method:FULL_TEXT
MOEL-2022-II2-02,019,고용노동부,2022,Ⅱ,Ⅱ-2,,고용안전망확충,국민취업지원제도 참여자 수,국민취업지원제도 참여자 수,명,,480000,207258,44.1,,국민취업지원제도 참여자 수,,,"470,000",480000,"470,000","코로나19 긴급 고용안정지원금으로 예산증액(8,000억원)되었으나, 이는 코로나19 장기화에 따른 고용상황 악화에 대응하여 고용보험 사각지대의 특고·프리랜서 등에 대한 긴급지원으로 본 지표와는",2022년도 성과보고서_고용노동부-174-222.pdf,40,213,,False,False,,국민취업지원제도 참여자 수,,"470,000","207,258",44.1,480000.0,470000.0,470000.0,207258.0,207258.0,44.1,44.1,,-10000.0,-2.083333333333333,-10000.0,-2.083333333333333,0.0,0.0,0.0,0.0,0.0,MATCH_AFTER_CHANGE,VALUE_MISMATCH,EXACT_MATCH,MATCH_AFTER_CHANGE,EXACT_MATCH,EXACT_MATCH,EXACT_MATCH,OCR_REQUIRED,OCR_REQUIRED,PLAN_TARGET_FROM_CHANGE_TABLE_ONLY;TARGET_CHANGE_REASON_DOCUMENTED_IN_별첨6;REPORT_TARGET_CHANGE_CONFIRMED_BY_별첨6,[계획서] 2022년도 성과계획서_고용노동부-201-249.pdf ?쪽(원본 ?쪽) / [보고서] 2022년도 성과보고서_고용노동부.pdf 90쪽(원본 90쪽) / [별첨6 변경표] 2022년도 성과보고서_고용노동부-174-222.pdf 40쪽(원본 213쪽),,,,,2022년도 성과계획서_고용노동부-201-249.pdf,,,,,2022년도 성과보고서_고용노동부.pdf,90,90,,"국민취업지원제도 
참여자 수
(명)
ㅇ 측정산식 : ‘22년 1월~12월 
국민취업지원제도 Ⅰ유형 총 
수혜자 수 
목표
신규
신규
376,000
470,000
실적
신규
신규
324,427
207,258
달성률(%)
-
-
86.3
44.1",plan:별첨6만;plan_method:TEXT;report_method:FULL_TEXT
MOEL-2022-II2-03,019,고용노동부,2022,Ⅱ,Ⅱ-2,,고용안전망확충,,국민취업지원제도 취업률,%,,56,53.4,95.4,,국민취업지원제도 취업률,,,56,0.2,56,"코로나19 긴급 고용안정지원금으로 예산증액(8,000억원)되었으나, 이는 코로나19 장기화에 따른 고용상황 악화에 대응하여 고용보험 사각지대의 특고·프리랜서 등에 대한 긴급지원으로 본 지표와는",2022년도 성과보고서_고용노동부-174-222.pdf,40,213,,False,False,,국민취업지원제도 취업률,,56,(53.4),95.4,56.0,56.0,56.0,53.4,53.4,95.4,95.4,,0.0,0.0,0.0,0.0,0.0,0.0,0.0,0.0,0.0,MATCH_AFTER_CHANGE,EXACT_MATCH,EXACT_MATCH,EXACT_MATCH,EXACT_MATCH,EXACT_MATCH,EXACT_MATCH,OCR_REQUIRED,OCR_REQUIRED,PLAN_TARGET_FROM_CHANGE_TABLE_ONLY;TARGET_CHANGE_REASON_DOCUMENTED_IN_별첨6;PLAN_REPORT_NAME_CHANGE_DOCUMENTED_IN_별첨6,[계획서] 2022년도 성과계획서_고용노동부-201-249.pdf ?쪽(원본 ?쪽) / [별첨6 변경표] 2022년도 성과보고서_고용노동부-174-222.pdf 40쪽(원본 213쪽),,,,,2022년도 성과계획서_고용노동부-201-249.pdf,,,,,2022년도 성과보고서_고용노동부.pdf,90,90,,"국민취업지원제도 
취업률
(%)
ㅇ 국민취업지원제도 ‘22년 
Ⅰ·Ⅱ유형 취업자 수 ÷ ’22년 
종료자 수(이월자 포함)
목표
신규
신규
신규
56
실적
신규
신규
신규
(53.4)
달성률(%)
-
-
-
95.4",plan:별첨6만;plan_method:TEXT;report_method:FULL_TEXT
MOEL-2022-III1-01,019,고용노동부,2022,Ⅲ,Ⅲ-1,,노사정책,경사노위 내 의제·업종별 노사정 합의율,경사노위 내 의제·업종별 노사정 합의율,%,,30,40,133.3,,경사노위 내 의제·업종별 노사정 합의율,,,30.0,30.0,30.0,예산 변경,2022년도 성과보고서_고용노동부-174-222.pdf,40,213,,False,False,,경사노위 내 의제·업종별 노사정 합의율,,30.0,40.0,133.3,30.0,30.0,30.0,40.0,40.0,133.3,133.3,,0.0,0.0,0.0,0.0,0.0,0.0,0.0,0.0,0.0,MATCH_AFTER_CHANGE,EXACT_MATCH,EXACT_MATCH,EXACT_MATCH,EXACT_MATCH,EXACT_MATCH,EXACT_MATCH,OCR_REQUIRED,OCR_REQUIRED,PLAN_TARGET_FROM_CHANGE_TABLE_ONLY;TARGET_CHANGE_REASON_DOCUMENTED_IN_별첨6,[계획서] 2022년도 성과계획서_고용노동부-201-249.pdf ?쪽(원본 ?쪽) / [별첨6 변경표] 2022년도 성과보고서_고용노동부-174-222.pdf 40쪽(원본 213쪽),,,,,2022년도 성과계획서_고용노동부-201-249.pdf,,,,,2022년도 성과보고서_고용노동부.pdf,102,102,,"ㅇ 측정산식 : 경사노위 내 의제·업
종별 노사정 합의율 
   ▪ 측정방법
    - 
측정대상기간 
: 
’22.1.1 
~ 
’22.12.31   
    - 
실적치 
집계 
완료 
시점 
: 
’23.1월말 예정
    - 측정수행기관 : 고용노동부
    - 측정대상 표본수 및 선정방법
  : ‘22년 경사노위 내 운영 중인 의
제·업종별 위원회
목표
신규
신규
신규
30.0
실적
신규
신규
신규
40.0
달성률(%)
-
-
-
133.3",plan:별첨6만;plan_method:TEXT;report_method:FULL_TEXT
MOEL-2022-III1-02,019,고용노동부,2022,Ⅲ,Ⅲ-1,,노사정책,지역노사민정 사회적 대화 추진율,지역노사민정 사회적 대화 추진율,%,,78.1,81,103.7,,지역노사민정 사회적 대화 추진율,,,78.1,78.1,78.1,예산 변경,2022년도 성과보고서_고용노동부-174-222.pdf,40,213,,False,False,,지역노사민정 사회적 대화 추진율,,78.1,81,103.7,78.1,78.1,78.1,81.0,81.0,103.7,103.7,,0.0,0.0,0.0,0.0,0.0,0.0,0.0,0.0,0.0,MATCH_AFTER_CHANGE,EXACT_MATCH,EXACT_MATCH,EXACT_MATCH,EXACT_MATCH,EXACT_MATCH,EXACT_MATCH,OCR_REQUIRED,OCR_REQUIRED,PLAN_TARGET_FROM_CHANGE_TABLE_ONLY;TARGET_CHANGE_REASON_DOCUMENTED_IN_별첨6,[계획서] 2022년도 성과계획서_고용노동부-201-249.pdf ?쪽(원본 ?쪽) / [별첨6 변경표] 2022년도 성과보고서_고용노동부-174-222.pdf 40쪽(원본 213쪽),,,,,2022년도 성과계획서_고용노동부-201-249.pdf,,,,,2022년도 성과보고서_고용노동부.pdf,102,102,,"사회적 대화 
추진율
(%)
ㅇ 측정산식 : 국고보조사업 수행 
자치단체의 사회적 합의 비율
   ▪ 측정방법
    - 
측정대상기간 
: 
’22.1.1 
~ 
’22.12.31   
    - 
실적치 
집계 
완료 
시점 
: 
’23.1월말 예정
    - 측정수행기관 : 고용노동부
    - 측정대상 표본수 및 선정방법
    :‘22년 지역노사민정협력활성화 
국고보조사업 수행 자치단체 전체 
대상
목표
신규
신규
신규
78.1
실적
신규
신규
신규
81
달성률(%)
-
-
-
103.7",plan:별첨6만;plan_method:TEXT;report_method:FULL_TEXT
MOEL-2022-III1-03,019,고용노동부,2022,Ⅲ,Ⅲ-1,,노사정책,일터혁신 지수,일터혁신 지수,점,,55.3,51.8,93.7,,일터혁신 지수,,,55.3,55.3,55.3,예산 변경,2022년도 성과보고서_고용노동부-174-222.pdf,41,214,,False,False,,일터혁신 지수,,55.3,51.8,93.7,55.3,55.3,55.3,51.8,51.8,93.7,93.7,,0.0,0.0,0.0,0.0,0.0,0.0,0.0,0.0,0.0,MATCH_AFTER_CHANGE,EXACT_MATCH,EXACT_MATCH,EXACT_MATCH,EXACT_MATCH,EXACT_MATCH,EXACT_MATCH,OCR_REQUIRED,OCR_REQUIRED,PLAN_TARGET_FROM_CHANGE_TABLE_ONLY;TARGET_CHANGE_REASON_DOCUMENTED_IN_별첨6,[계획서] 2022년도 성과계획서_고용노동부-201-249.pdf ?쪽(원본 ?쪽) / [별첨6 변경표] 2022년도 성과보고서_고용노동부-174-222.pdf 41쪽(원본 214쪽),,,,,2022년도 성과계획서_고용노동부-201-249.pdf,,,,,2022년도 성과보고서_고용노동부.pdf,102,102,,"103.7
일터혁신 지수
(점)
ㅇ 측정산식 : 설문조사를 통해 관
련 항목을 접수로 하여 100점 만점
으로 환산
   ▪ 측정방법
    - 
측정대상기간 
: 
’22.4.1 
~ 
’22.12.31   
    - 
실적치 
집계 
완료 
시점 
: 
’22.12월말 예정
    - 측정수행기관 : 외부전문 연
구기관(매년초 공모로 선정)
    - 측정대상 표본수 및 선정방법
        : 
전국 
100인이상 
사업장 
목표
신규
신규
신규
55.3
실적
신규
신규
신규
51.8
달성률(%)
-
-
-
93.7",plan:별첨6만;plan_method:TEXT;report_method:FULL_TEXT
MOEL-2022-III2-01,019,고용노동부,2022,Ⅲ,Ⅲ-2,,고용평등증진,30~40대 여성고용률,30~40대 여성고용률,%,,63.5,64.5,101.6,,30~40대 여성고용률,,,63.5,63.5,63.5,예산 변경,2022년도 성과보고서_고용노동부-174-222.pdf,41,214,,False,False,,30~40대 여성고용률,,63.5,64.5,101.6,63.5,63.5,63.5,64.5,64.5,101.6,101.6,,0.0,0.0,0.0,0.0,0.0,0.0,0.0,0.0,0.0,MATCH_AFTER_CHANGE,EXACT_MATCH,EXACT_MATCH,EXACT_MATCH,EXACT_MATCH,EXACT_MATCH,EXACT_MATCH,OCR_REQUIRED,OCR_REQUIRED,PLAN_TARGET_FROM_CHANGE_TABLE_ONLY;TARGET_CHANGE_REASON_DOCUMENTED_IN_별첨6,[계획서] 2022년도 성과계획서_고용노동부-201-249.pdf ?쪽(원본 ?쪽) / [별첨6 변경표] 2022년도 성과보고서_고용노동부-174-222.pdf 41쪽(원본 214쪽),,,,,2022년도 성과계획서_고용노동부-201-249.pdf,,,,,2022년도 성과보고서_고용노동부.pdf,123,123,,"30~40대 
여성고용률
(%)
30∼40대 여성취업자 수/30∼40대 여성 
생산인구 X 100
목표
신규
신규
신규
63.5
실적
신규
신규
62.8
64.5
달성률(%)
-
-
-
101.6",plan:별첨6만;plan_method:TEXT;report_method:FULL_TEXT
MOEL-2022-III2-02,019,고용노동부,2022,Ⅲ,Ⅲ-2,,고용평등증진,육아휴직종료 1년 후 고용유지율,육아휴직종료 1년 후 고용유지율,%,,80,78.6,98.3,,육아휴직종료 1년 후 고용유지율,,,80.0,80.0,80.0,예산 변경,2022년도 성과보고서_고용노동부-174-222.pdf,41,214,,False,False,,육아휴직종료 1년 후 고용유지율,,80.0,78.6,98.3,80.0,80.0,80.0,78.6,78.6,98.3,98.3,,0.0,0.0,0.0,0.0,0.0,0.0,0.0,0.0,0.0,MATCH_AFTER_CHANGE,EXACT_MATCH,EXACT_MATCH,EXACT_MATCH,EXACT_MATCH,EXACT_MATCH,EXACT_MATCH,OCR_REQUIRED,OCR_REQUIRED,PLAN_TARGET_FROM_CHANGE_TABLE_ONLY;TARGET_CHANGE_REASON_DOCUMENTED_IN_별첨6,[계획서] 2022년도 성과계획서_고용노동부-201-249.pdf ?쪽(원본 ?쪽) / [별첨6 변경표] 2022년도 성과보고서_고용노동부-174-222.pdf 41쪽(원본 214쪽),,,,,2022년도 성과계획서_고용노동부-201-249.pdf,,,,,2022년도 성과보고서_고용노동부.pdf,123,123,,"육아휴직종료 1년 
후 고용유지율
(%)
휴가종료일 기준 12개월 이상 고용
유지자/전년도 
육아휴직종료자) 
× 
100
목표
신규
신규
신규
80.0
실적
신규
신규
79.7
78.6
달성률(%)
-
-
-
98.3",plan:별첨6만;plan_method:TEXT;report_method:FULL_TEXT
MOEL-2022-III2-03,019,고용노동부,2022,Ⅲ,Ⅲ-2,,고용평등증진,장년고용률,장년고용률,%,,66.1,68.1,102.6,,장년고용률,,,66.4,66.1,66.4,예산 변경,2022년도 성과보고서_고용노동부-174-222.pdf,41,214,,False,False,,장년고용률,,66.4,68.1,102.6,66.1,66.4,66.4,68.1,68.1,102.6,102.6,,0.30000000000001137,0.4538577912254333,0.30000000000001137,0.4538577912254333,0.0,0.0,0.0,0.0,0.0,MATCH_AFTER_CHANGE,VALUE_MISMATCH,EXACT_MATCH,MATCH_AFTER_CHANGE,EXACT_MATCH,EXACT_MATCH,EXACT_MATCH,OCR_REQUIRED,OCR_REQUIRED,PLAN_TARGET_FROM_CHANGE_TABLE_ONLY;TARGET_CHANGE_REASON_DOCUMENTED_IN_별첨6;REPORT_TARGET_CHANGE_CONFIRMED_BY_별첨6,[계획서] 2022년도 성과계획서_고용노동부-201-249.pdf ?쪽(원본 ?쪽) / [보고서] 2022년도 성과보고서_고용노동부.pdf 123쪽(원본 123쪽) / [별첨6 변경표] 2022년도 성과보고서_고용노동부-174-222.pdf 41쪽(원본 214쪽),,,,,2022년도 성과계획서_고용노동부-201-249.pdf,,,,,2022년도 성과보고서_고용노동부.pdf,123,123,,"101.6
장년고용률
(%)
(장년취업자수/ 
장년생산가능인구) 
X 
100
목표
66.4
67.2
67.05
66.4
실적
66.9
66.2
66.4
68.1
달성률(%)
100.8
98.5
99.0
102.6",plan:별첨6만;plan_method:TEXT;report_method:FULL_TEXT
MOEL-2022-III2-04,019,고용노동부,2022,Ⅲ,Ⅲ-2,,고용평등증진,육아휴직 근로자수,육아휴직 근로자수,명,,120812,131087,115.6,,육아휴직 근로자수,,,113429,120812,113429,"21년 실적치 저조에 따라 성과지표를 조정 2,374,318 2,374,299 30~40대 여성고용률 0.3 30~40대 여성고용률 0.3 63.5 63.5",2022년도 성과보고서_고용노동부-174-222.pdf,41,214,,False,False,,육아휴직 근로자수,,113429,131087,115.6,120812.0,113429.0,113429.0,131087.0,131087.0,115.6,115.6,,-7383.0,-6.11114789921531,-7383.0,-6.11114789921531,0.0,0.0,0.0,0.0,0.0,MATCH_AFTER_CHANGE,VALUE_MISMATCH,EXACT_MATCH,MATCH_AFTER_CHANGE,EXACT_MATCH,EXACT_MATCH,EXACT_MATCH,OCR_REQUIRED,OCR_REQUIRED,PLAN_TARGET_FROM_CHANGE_TABLE_ONLY;TARGET_CHANGE_REASON_DOCUMENTED_IN_별첨6;REPORT_TARGET_CHANGE_CONFIRMED_BY_별첨6,[계획서] 2022년도 성과계획서_고용노동부-201-249.pdf ?쪽(원본 ?쪽) / [보고서] 2022년도 성과보고서_고용노동부.pdf 123쪽(원본 123쪽) / [별첨6 변경표] 2022년도 성과보고서_고용노동부-174-222.pdf 41쪽(원본 214쪽),,,,,2022년도 성과계획서_고용노동부-201-249.pdf,,,,,2022년도 성과보고서_고용노동부.pdf,123,123,,"육아휴직 
근로자수
(명)
육아휴직급여 수급자수
목표
신규
신규
116426
113429
실적
신규
신규
110555
131087
달성률(%)
-
-
95.0
115.6",plan:별첨6만;plan_method:TEXT;report_method:FULL_TEXT
MOEL-2022-III3-01,019,고용노동부,2022,Ⅲ,Ⅲ-3,,고용평등증진,신고사건 기한내 처리율,신고사건 기한내 처리율,%,,85.8,89.6,104.4,,신고사건 기한내 처리율,,,85.8,85.8,85.8,예산변경,2022년도 성과보고서_고용노동부-174-222.pdf,41,214,,False,False,,신고사건 기한내 처리율,,85.8,89.6,104.4,85.8,85.8,85.8,89.6,89.6,104.4,104.4,,0.0,0.0,0.0,0.0,0.0,0.0,0.0,0.0,0.0,MATCH_AFTER_CHANGE,EXACT_MATCH,EXACT_MATCH,EXACT_MATCH,EXACT_MATCH,EXACT_MATCH,EXACT_MATCH,OCR_REQUIRED,OCR_REQUIRED,PLAN_TARGET_FROM_CHANGE_TABLE_ONLY;TARGET_CHANGE_REASON_DOCUMENTED_IN_별첨6,[계획서] 2022년도 성과계획서_고용노동부-201-249.pdf ?쪽(원본 ?쪽) / [별첨6 변경표] 2022년도 성과보고서_고용노동부-174-222.pdf 41쪽(원본 214쪽),,,,,2022년도 성과계획서_고용노동부-201-249.pdf,,,,,2022년도 성과보고서_고용노동부.pdf,134,134,,"신고사건 기한내 
처리율
(%)
ㅇ 측정산식:신고사건 기한 내 처리
건수/신고사건 총 처리 건수*100
   ▪ 측정방법
    - 측정대상기간 : ’22.1.1 ~ 
’22.12.31   
    - 
실적치 
집계 
완료 
시점 
: 
’23.1월 말 예정
    - 측정수행기관 : 고용노동부
    - 측정대상 표본수 및 선정방
법 : 해당없음
목표
85.5
85.5
85.6
85.8
실적
85.6
88.1
89.1
89.6
달성률(%)
100.1
103.0
104.1
104.4",plan:별첨6만;plan_method:TEXT;report_method:FULL_TEXT
MOEL-2022-III3-02,019,고용노동부,2022,Ⅲ,Ⅲ-3,,근로조건보호 및 복지증진,융자지원율,융자지원율,%,,96.3,96.3,103.5,,융자지원율,,,93.0,96.3,93.0,’21년 실적치 확정(85.1%)에 따라 목표치 설정,2022년도 성과보고서_고용노동부-174-222.pdf,41,214,,False,False,,융자지원율,,93.0,96.3,103.5,96.3,93.0,93.0,96.3,96.3,103.5,103.5,,-3.299999999999997,-3.426791277258564,-3.299999999999997,-3.426791277258564,0.0,0.0,0.0,0.0,0.0,MATCH_AFTER_CHANGE,VALUE_MISMATCH,EXACT_MATCH,MATCH_AFTER_CHANGE,EXACT_MATCH,EXACT_MATCH,EXACT_MATCH,OCR_REQUIRED,OCR_REQUIRED,PLAN_TARGET_FROM_CHANGE_TABLE_ONLY;TARGET_CHANGE_REASON_DOCUMENTED_IN_별첨6;REPORT_TARGET_CHANGE_CONFIRMED_BY_별첨6,[계획서] 2022년도 성과계획서_고용노동부-201-249.pdf ?쪽(원본 ?쪽) / [보고서] 2022년도 성과보고서_고용노동부.pdf 135쪽(원본 135쪽) / [별첨6 변경표] 2022년도 성과보고서_고용노동부-174-222.pdf 41쪽(원본 214쪽),,,,,2022년도 성과계획서_고용노동부-201-249.pdf,,,,,2022년도 성과보고서_고용노동부.pdf,135,135,,"     - 품질확인: 전산시스템 자동 집계(매월말 누적 집계)
융자지원율
(%)
  ㅇ 측정산식 : 생활안정자금 융
자실행액 / 생활안정자금 융
자예산
   ▪ 측정방법
      - 측정대상기간 : ’22.1.1 ∼ 
’22.12.31.   
      - 실적치 집계 완료 시점 : 
’23. 1. 2.
      - 측정수행기관 : 근로복지공단
      - 측정대상 표본수 및 선정
방법 : 전수조사
목표
신규
신규
신규
93.0
실적
신규
신규
신규
96.3
달성률(%)
-
-
-
103.5",plan:별첨6만;plan_method:TEXT;report_method:FULL_TEXT
MOEL-2022-III3-03,019,고용노동부,2022,Ⅲ,Ⅲ-3,,근로조건보호 및 복지증진,임금체불 피해근로자 권리구제율,임금체불 피해근로자 권리구제율,%,,0.751,81.9,109.1,,임금체불 피해근로자 권리구제율,,,75.1,0.751,75.1,백분율 환산 표기값 변경 기재,2022년도 성과보고서_고용노동부-174-222.pdf,41,214,,False,False,,임금체불 피해근로자 권리구제율,,75.1,81.9,109.1,0.751,75.1,75.1,81.9,81.9,109.1,109.1,,74.34899999999999,9899.999999999998,74.34899999999999,9899.999999999998,0.0,0.0,0.0,0.0,0.0,MATCH_AFTER_CHANGE,VALUE_MISMATCH,EXACT_MATCH,MATCH_AFTER_CHANGE,EXACT_MATCH,EXACT_MATCH,EXACT_MATCH,OCR_REQUIRED,OCR_REQUIRED,PLAN_TARGET_FROM_CHANGE_TABLE_ONLY;TARGET_CHANGE_REASON_DOCUMENTED_IN_별첨6;REPORT_TARGET_CHANGE_CONFIRMED_BY_별첨6,[계획서] 2022년도 성과계획서_고용노동부-201-249.pdf ?쪽(원본 ?쪽) / [보고서] 2022년도 성과보고서_고용노동부.pdf 134쪽(원본 134쪽) / [별첨6 변경표] 2022년도 성과보고서_고용노동부-174-222.pdf 41쪽(원본 214쪽),,,,,2022년도 성과계획서_고용노동부-201-249.pdf,,,,,2022년도 성과보고서_고용노동부.pdf,134,134,,"피해근로자 
권리구제율
(%)
ㅇ측정산식:(지도해결근로자수+체당
금지급근로자수+체불사업주융자
지원근로자수)/체불근로자수
▪ 측정방법
- 측정대상기간: '22.1.1.-'22.12.31
- 실적치 집계 완료 시점: '23.1월 
말(예정)
 - 측정수행기관: 고용노동부
- 측정대상 표본수 및 선정방법: 
해당없음
목표
신규
신규
신규
75.1
실적
신규
신규
신규
81.9
달성률(%)
-
-
-
109.1",plan:별첨6만;plan_method:TEXT;report_method:FULL_TEXT
MOEL-2022-IV1-01,019,고용노동부,2022,Ⅳ,Ⅳ-1,,산재보험,산재노동자 직업복귀율,산재노동자 직업복귀율,%,,68.4,69.2,100.6,,산재노동자 직업복귀율,,,68.8,68.4,68.8,`21년도 실적치 잠정확정(67.3%)에 따라 `22년 목표치 변경,2022년도 성과보고서_고용노동부-174-222.pdf,42,215,,False,False,,산재노동자 직업복귀율,,68.8,69.2,100.6,68.4,68.8,68.8,69.2,69.2,100.6,100.6,,0.3999999999999915,0.5847953216374144,0.3999999999999915,0.5847953216374144,0.0,0.0,0.0,0.0,0.0,MATCH_AFTER_CHANGE,VALUE_MISMATCH,EXACT_MATCH,MATCH_AFTER_CHANGE,EXACT_MATCH,EXACT_MATCH,EXACT_MATCH,OCR_REQUIRED,OCR_REQUIRED,PLAN_TARGET_FROM_CHANGE_TABLE_ONLY;TARGET_CHANGE_REASON_DOCUMENTED_IN_별첨6;REPORT_TARGET_CHANGE_CONFIRMED_BY_별첨6,[계획서] 2022년도 성과계획서_고용노동부-201-249.pdf ?쪽(원본 ?쪽) / [보고서] 2022년도 성과보고서_고용노동부.pdf 147쪽(원본 147쪽) / [별첨6 변경표] 2022년도 성과보고서_고용노동부-174-222.pdf 42쪽(원본 215쪽),,,,,2022년도 성과계획서_고용노동부-201-249.pdf,,,,,2022년도 성과보고서_고용노동부.pdf,147,147,,"산재노동자 
직업복귀율
(%)
(직장복귀자수 / 
산재요양종결자수) 
× 100
목표
신규
신규
67.0
68.8
실적
65.8
66.3
67.3
69.2
달성률(%)
-
-
100.5
100.6",plan:별첨6만;plan_method:TEXT;report_method:FULL_TEXT
MOEL-2022-IV1-02,019,고용노동부,2022,Ⅳ,Ⅳ-1,,산재보험,산재보험 신속성,산재보험 신속성,일,하향,96.74,121.3,81.2,,산재보험 신속성,,,102.1,96.74,102.1,"국회단계에서 예산규모는 증가하였으나, 앞으로 재해조사 인력 확충 등이 뒷받침되지 않는 한 본 성과지표 목표수준은 관리되기가 곤란하므로 목표치 하향",2022년도 성과보고서_고용노동부-174-222.pdf,42,215,,False,False,,산재보험 신속성,,102.1,121.3,81.2,96.74,102.1,102.1,121.3,121.3,81.2,81.2,84.1714756801319,5.359999999999999,5.540624353938392,5.359999999999999,5.540624353938392,0.0,0.0,0.0,0.0,0.0,MATCH_AFTER_CHANGE,VALUE_MISMATCH,EXACT_MATCH,MATCH_AFTER_CHANGE,EXACT_MATCH,EXACT_MATCH,EXACT_MATCH,OCR_REQUIRED,OCR_REQUIRED,PLAN_TARGET_FROM_CHANGE_TABLE_ONLY;TARGET_CHANGE_REASON_DOCUMENTED_IN_별첨6;REPORT_TARGET_CHANGE_CONFIRMED_BY_별첨6,[계획서] 2022년도 성과계획서_고용노동부-201-249.pdf ?쪽(원본 ?쪽) / [보고서] 2022년도 성과보고서_고용노동부.pdf 147쪽(원본 147쪽) / [별첨6 변경표] 2022년도 성과보고서_고용노동부-174-222.pdf 42쪽(원본 215쪽),,,,,2022년도 성과계획서_고용노동부-201-249.pdf,,,,,2022년도 성과보고서_고용노동부.pdf,147,147,,"100.6
산재보험 신속성
(일)(하향지표)
산재신청서 처리 일수의 합 
/ 산재신청서 처리건수의 합
목표
신규
신규
신규
102.1
실적
99.15
99.22
111.02
121.3
달성률(%)
-
-
-
81.2",plan:별첨6만;plan_method:TEXT;report_method:FULL_TEXT
MOEL-2022-IV2-01,019,고용노동부,2022,Ⅳ,Ⅳ-2,,산업재해예방,중상해 사고 재해율,중상해 사고 재해율,%,하향,0.09,0.084,106.7,,중상해 사고 재해율,,,0.090,0.090,0.090,예산 변경,2022년도 성과보고서_고용노동부-174-222.pdf,42,215,,False,False,,중상해 사고 재해율,,신규,신규,-,0.09,0.09,,0.084,,106.7,,,0.0,0.0,,,,,,,,MATCH_AFTER_CHANGE,EXACT_MATCH,EXACT_MATCH,PDF_MISSING_MANUAL_PRESENT,PDF_MISSING_MANUAL_PRESENT,PDF_MISSING_MANUAL_PRESENT,EXACT_MATCH,OCR_REQUIRED,OCR_REQUIRED,PLAN_TARGET_FROM_CHANGE_TABLE_ONLY;TARGET_CHANGE_REASON_DOCUMENTED_IN_별첨6,[계획서] 2022년도 성과계획서_고용노동부-201-249.pdf ?쪽(원본 ?쪽) / [보고서] 2022년도 성과보고서_고용노동부.pdf 159쪽(원본 159쪽) / [별첨6 변경표] 2022년도 성과보고서_고용노동부-174-222.pdf 42쪽(원본 215쪽),,,,,2022년도 성과계획서_고용노동부-201-249.pdf,,,,,2022년도 성과보고서_고용노동부.pdf,159,159,,"(%)(하향지표)
 ㅇ 측정산식 : 중상해 사고재해율
(%)=A/B×100
   A : 휴업일수 90일 이상 사고부
상자수*(명)
      * 사고부상자수는 고용노동부
의 산업재해현황통계에 따른 당해연
도 전체 산업에서 발생한 업무상 
사고부상자수로 함
   B : 전체 근로자수*(명)
      * 
근로자수는 
고용노동부의 
산업재해현황통계에 따른 당해연도 
전체 산업의 근로자수 합계
목표
신규
신규
신규
0.090
실적
신규
신규
신규
0.084
달성률(%)
-
-
-",plan:별첨6만;plan_method:TEXT;report_method:FULL_TEXT
MOEL-2022-IV2-02,019,고용노동부,2022,Ⅳ,Ⅳ-2,,산업재해예방,지원사업장 사망사고예방실적,지원사업장 사망사고예방실적,%,하향,15.1,14,107.3,,지원사업장 사망사고예방실적,,,15.1,15.1,15.1,예산 변경,2022년도 성과보고서_고용노동부-174-222.pdf,42,215,,False,False,,지원사업장 사망사고예방실적,,15.1,14.0,107.3,15.1,15.1,15.1,14.0,14.0,107.3,107.3,107.85714285714285,0.0,0.0,0.0,0.0,0.0,0.0,0.0,0.0,0.0,MATCH_AFTER_CHANGE,EXACT_MATCH,EXACT_MATCH,EXACT_MATCH,EXACT_MATCH,EXACT_MATCH,EXACT_MATCH,OCR_REQUIRED,OCR_REQUIRED,PLAN_TARGET_FROM_CHANGE_TABLE_ONLY;TARGET_CHANGE_REASON_DOCUMENTED_IN_별첨6,[계획서] 2022년도 성과계획서_고용노동부-201-249.pdf ?쪽(원본 ?쪽) / [별첨6 변경표] 2022년도 성과보고서_고용노동부-174-222.pdf 42쪽(원본 215쪽),,,,,2022년도 성과계획서_고용노동부-201-249.pdf,,,,,2022년도 성과보고서_고용노동부.pdf,158,158,,"지원사업장 
사망사고예방실적
(%)(하향지표)
 ㅇ 측정산식 : 지원사업장의 사망
사고 예방 실적(%)=(A-B)/A×100
   A : 공단 지원사업장* 사고사망
만인율(‱)
목표
신규
신규
신규
15.1
실적
신규
신규
신규
14.0
달성률(%)
-
-
-
107.3",plan:별첨6만;plan_method:TEXT;report_method:FULL_TEXT
MOEL-2022-IV2-03,019,고용노동부,2022,Ⅳ,Ⅳ-2,,산업재해예방,50인미만 사업장 작업환경측정 및 특수건강진단 연계율,50인미만 사업장 작업환경측정 및 특수건강진단 연계율,%,,77.6,66.2,85.3,,50인미만 사업장 작업환경측정 및 특수건강진단 연계율,,,77.6,77.6,77.6,예산 변경,2022년도 성과보고서_고용노동부-174-222.pdf,42,215,,False,False,,50인미만 사업장 작업환경측정 및 특수건강진단 연계율,,신규,신규,-,77.6,77.6,,66.2,,85.3,,,0.0,0.0,,,,,,,,MATCH_AFTER_CHANGE,EXACT_MATCH,EXACT_MATCH,PDF_MISSING_MANUAL_PRESENT,PDF_MISSING_MANUAL_PRESENT,PDF_MISSING_MANUAL_PRESENT,EXACT_MATCH,OCR_REQUIRED,OCR_REQUIRED,PLAN_TARGET_FROM_CHANGE_TABLE_ONLY;TARGET_CHANGE_REASON_DOCUMENTED_IN_별첨6,[계획서] 2022년도 성과계획서_고용노동부-201-249.pdf ?쪽(원본 ?쪽) / [보고서] 2022년도 성과보고서_고용노동부.pdf 159쪽(원본 159쪽) / [별첨6 변경표] 2022년도 성과보고서_고용노동부-174-222.pdf 42쪽(원본 215쪽),,,,,2022년도 성과계획서_고용노동부-201-249.pdf,,,,,2022년도 성과보고서_고용노동부.pdf,159,159,,"특수건강진단 
연계율
(%)
ㅇ 측정산식 : 50인미만 산업보건
기초제도 연계율(%)=(A/B)×100
   ※ ‣ A: 50인미만 작업환경측정사업장
(당해연도, 당해연도 이전연도 2년 연속) 중 
당해연도 특수건강진단실시 사업장수
‣ B: 50인미만 작업환경측정사업장*(당해
연도, 당해연도 이전연도 2년 연속)
       * 측정·특검 연계율 산출이 
어려운 소음·분진(측정 및 특검 주
기 차이), 건설업(사업장의 생성·소
멸 빈번)은 대상에서 제외
목표
신규
신규
신규
77.6
실적
신규
신규
신규
66.2
달성률(%)
-
-
-",plan:별첨6만;plan_method:TEXT;report_method:FULL_TEXT
MOEL-2023-I1-01,019,고용노동부,2023,Ⅰ,Ⅰ-1,,고용창출,15~64세 고용률,15~64세 고용률,%,,66.5,69.2,101.8,,15~64세 고용률,,,68.0,66.5,68.0,목표치 변경,2023년도 성과보고서_고용노동부-181-237.pdf,43,223,,False,False,,15~64세 고용률,,68.0,69.2,101.8,66.5,68.0,68.0,69.2,69.2,101.8,101.8,,1.5,2.2556390977443606,1.5,2.2556390977443606,0.0,0.0,0.0,0.0,0.0,MATCH_AFTER_CHANGE,VALUE_MISMATCH,EXACT_MATCH,MATCH_AFTER_CHANGE,EXACT_MATCH,EXACT_MATCH,EXACT_MATCH,NOT_APPLICABLE,VALUE_MISMATCH,PLAN_TARGET_FROM_CHANGE_TABLE_ONLY;TARGET_CHANGE_REASON_DOCUMENTED_IN_별첨6;REPORT_TARGET_CHANGE_CONFIRMED_BY_별첨6,[계획서] 2023년도 성과계획서_고용노동부-211-255.pdf ?쪽(원본 ?쪽) / [보고서] 2023년도 성과보고서_고용노동부.pdf 38쪽(원본 38쪽) / [별첨6 변경표] 2023년도 성과보고서_고용노동부-181-237.pdf 43쪽(원본 223쪽),,,,,2023년도 성과계획서_고용노동부-211-255.pdf,,,,,2023년도 성과보고서_고용노동부.pdf,38,38,,"103.8
15~64세 고용률
(%)
ㅇ 측정산식 : (만15~64세 취업
자수/만15~64세 인구)*100
목표
신규
신규
66.4
68.0
실적
신규
신규
68.5
69.2
달성률(%)
-
-
103.2
101.8",plan:별첨6만;plan_method:TEXT;report_method:FULL_TEXT
MOEL-2023-I1-02,019,고용노동부,2023,Ⅰ,Ⅰ-1,,고용창출,상용직 근로자비율,상용직 근로자비율,%,,70.8,74.1,103.8,,상용직 근로자비율,,,70.8,70.8,71.4,목표치 변경,2023년도 성과보고서_고용노동부-181-237.pdf,43,223,,False,False,,상용직 근로자비율,,71.4,74.1,103.8,70.8,70.8,71.4,74.1,74.1,103.8,103.8,,0.0,0.0,0.6000000000000085,0.8474576271186562,0.0,0.0,0.0,0.6000000000000085,0.8474576271186562,EXACT_MATCH,EXACT_MATCH,EXACT_MATCH,MATCH_AFTER_CHANGE,EXACT_MATCH,EXACT_MATCH,EXACT_MATCH,NOT_APPLICABLE,MATCH_AFTER_CHANGE,TARGET_CHANGE_REASON_DOCUMENTED_IN_별첨6;REPORT_TARGET_CHANGE_CONFIRMED_BY_별첨6,[보고서] 2023년도 성과보고서_고용노동부.pdf 38쪽(원본 38쪽) / [별첨6 변경표] 2023년도 성과보고서_고용노동부-181-237.pdf 43쪽(원본 223쪽),,,,,2023년도 성과계획서_고용노동부-211-255.pdf,1.0,211.0,203.0,상용직 근로자비율 ① 0.4 일반재정 70.8(%) 정량 결과 세 고용률 15~64 ② 0.2 일반재정 66.5(%) 정량 결과 청년고용률 ③ 0.3 일반재정 43.0(%) 정성 산출 청년공제 가입자의 년 2 ④ 이상 고용공제유지율 ( ) 0.1 일반재정 65.6(%) 정성 산출,2023년도 성과보고서_고용노동부.pdf,38,38,,"상용직 
근로자비율
(%)
ㅇ 측정산식 : 상용근로자 수 / 
임금근로자 수 × 100
목표
신규
신규
69.8
71.4
실적
신규
신규
73.0
74.1
달성률(%)
-
-
104.6
103.8",plan:별첨1;plan_method:TEXT;report_method:FULL_TEXT
MOEL-2023-I1-03,019,고용노동부,2023,Ⅰ,Ⅰ-1,,고용창출,청년고용률,청년고용률,%,,43,46.5,106.2,,청년고용률,,,43.0,43.0,43.8,목표치 변경,2023년도 성과보고서_고용노동부-181-237.pdf,43,223,,False,False,,청년고용률,,43.8,46.5,106.2,43.0,43.0,43.8,46.5,46.5,106.2,106.2,,0.0,0.0,0.7999999999999972,1.860465116279063,0.0,0.0,0.0,0.7999999999999972,1.860465116279063,EXACT_MATCH,EXACT_MATCH,EXACT_MATCH,MATCH_AFTER_CHANGE,EXACT_MATCH,EXACT_MATCH,EXACT_MATCH,NOT_APPLICABLE,MATCH_AFTER_CHANGE,TARGET_CHANGE_REASON_DOCUMENTED_IN_별첨6;REPORT_TARGET_CHANGE_CONFIRMED_BY_별첨6,[보고서] 2023년도 성과보고서_고용노동부.pdf 38쪽(원본 38쪽) / [별첨6 변경표] 2023년도 성과보고서_고용노동부-181-237.pdf 43쪽(원본 223쪽),,,,,2023년도 성과계획서_고용노동부-211-255.pdf,1.0,211.0,203.0,청년고용률 ③ 0.3 일반재정 43.0(%) 정성 산출 청년공제 가입자의 년 2 ④ 이상 고용공제유지율 ( ) 0.1 일반재정 65.6(%) 정성 산출 프로그램목표 장애인의 일자리기회를 확대 -2. Ⅰ 장애인고용증진,2023년도 성과보고서_고용노동부.pdf,38,38,,"101.8
청년고용률
(%)
ㅇ 측정산식: 고용률(%)=(청년취
업자/청년층 인구)×100
목표
신규
신규
42.5
43.8
실적
신규
신규
46.6
46.5
달성률(%)
-
-
109.6
106.2",plan:별첨1;plan_method:TEXT;report_method:FULL_TEXT
MOEL-2023-I1-04,019,고용노동부,2023,Ⅰ,Ⅰ-1,,고용창출,청년공제 가입자의 2년 이상 고용(공제)유지율,청년공제 가입자의 2년 이상 고용(공제)유지율,%,,65.6,64.6,95,,청년공제 가입자의 2년 이상 고용(공제)유지율,,,68.0,65.6,68.0,목표치 변경,2023년도 성과보고서_고용노동부-181-237.pdf,43,223,,False,False,,청년공제 가입자의 2년 이상 고용(공제)유지율,,68.0,64.6,95.0,65.6,68.0,68.0,64.6,64.6,95.0,95.0,,2.4000000000000057,3.6585365853658622,2.4000000000000057,3.6585365853658622,0.0,0.0,0.0,0.0,0.0,MATCH_AFTER_CHANGE,VALUE_MISMATCH,EXACT_MATCH,MATCH_AFTER_CHANGE,EXACT_MATCH,EXACT_MATCH,EXACT_MATCH,NOT_APPLICABLE,VALUE_MISMATCH,PLAN_TARGET_FROM_CHANGE_TABLE_ONLY;TARGET_CHANGE_REASON_DOCUMENTED_IN_별첨6;REPORT_TARGET_CHANGE_CONFIRMED_BY_별첨6,[계획서] 2023년도 성과계획서_고용노동부-211-255.pdf ?쪽(원본 ?쪽) / [보고서] 2023년도 성과보고서_고용노동부.pdf 38쪽(원본 38쪽) / [별첨6 변경표] 2023년도 성과보고서_고용노동부-181-237.pdf 43쪽(원본 223쪽),,,,,2023년도 성과계획서_고용노동부-211-255.pdf,,,,,2023년도 성과보고서_고용노동부.pdf,38,38,,"고용(공제)유지
율(%)
ㅇ 측정산식: (t-2)년 청년공제 
가입자 중 2년 이상 유지 
자수(만기자 포함) / (t-2)년 
청년공제 가입인원(철회 및 취소 
제외)×100, (t:당해연도)
목표
신규
신규
63.1
68.0
실적
신규
신규
69.7
64.6
달성률(%)
-
-
110.5
95.0",plan:별첨6만;plan_method:TEXT;report_method:FULL_TEXT
MOEL-2023-I2-01,019,고용노동부,2023,Ⅰ,Ⅰ-2,,장애인고용증진,근로지원인 수혜장애인 비율,근로지원인 수혜장애인 비율,%,,1.76,2.07,105.6,,근로지원인 수혜장애인 비율,,,1.76,1.76,1.96,실적치 확정 및 예산 증액,2023년도 성과보고서_고용노동부-181-237.pdf,44,224,,False,False,,근로지원인 수혜장애인 비율,,1.96,2.07,105.6,1.76,1.76,1.96,2.07,2.07,105.6,105.6,,0.0,0.0,0.19999999999999996,11.36363636363636,0.0,0.0,0.0,0.19999999999999996,11.36363636363636,EXACT_MATCH,EXACT_MATCH,EXACT_MATCH,MATCH_AFTER_CHANGE,EXACT_MATCH,EXACT_MATCH,EXACT_MATCH,NOT_APPLICABLE,MATCH_AFTER_CHANGE,TARGET_CHANGE_REASON_DOCUMENTED_IN_별첨6;REPORT_TARGET_CHANGE_CONFIRMED_BY_별첨6,[보고서] 2023년도 성과보고서_고용노동부.pdf 66쪽(원본 66쪽) / [별첨6 변경표] 2023년도 성과보고서_고용노동부-181-237.pdf 44쪽(원본 224쪽),,,,,2023년도 성과계획서_고용노동부-211-255.pdf,1.0,211.0,203.0,근로지원인 수혜장애인 ② 비율 0.2 일반재정 1.76(%) 정량 산출 -,2023년도 성과보고서_고용노동부.pdf,66,66,,"수혜장애인 
비율
(%)
ㅇ측정산식 : 근로지원인 수혜 
장애인수 / 15세 이상 중증
장애인수 × 100
▪ 측정방법
 - 측정대상기간 : ’23.1.1 ~ ’23.12.31   
 - 실적치 집계 완료 시점 : ’24.1월말 
예정
 - 측정수행기관 : 한국장애인고용공단 
 - 측정대상 표본수 및 선정방법
   : 근로지원인 수혜인원 전수조사
목표
신규
신규
1.66
1.96
실적
신규
신규
1.89
2.07
달성률(%)
-
-
113.9
105.6",plan:별첨1;plan_method:TEXT;report_method:FULL_TEXT
MOEL-2023-I2-02,019,고용노동부,2023,Ⅰ,Ⅰ-2,,장애인고용증진,의무고용사업체의 장애인고용률,의무고용사업체의 장애인고용률,%,,3.19,3.24,101.3,,의무고용사업체의 장애인고용률,,,3.19,3.19,3.20,실적치 확정 및 예산 증액,2023년도 성과보고서_고용노동부-181-237.pdf,44,224,,False,False,,의무고용사업체의 장애인고용률,,3.20,3.24,101.3,3.19,3.19,3.2,3.24,3.24,101.3,101.3,,0.0,0.0,0.010000000000000231,0.31347962382445865,0.0,0.0,0.0,0.010000000000000231,0.31347962382445865,EXACT_MATCH,EXACT_MATCH,EXACT_MATCH,MATCH_AFTER_CHANGE,EXACT_MATCH,EXACT_MATCH,EXACT_MATCH,NOT_APPLICABLE,MATCH_AFTER_CHANGE,TARGET_CHANGE_REASON_DOCUMENTED_IN_별첨6;REPORT_TARGET_CHANGE_CONFIRMED_BY_별첨6,[보고서] 2023년도 성과보고서_고용노동부.pdf 66쪽(원본 66쪽) / [별첨6 변경표] 2023년도 성과보고서_고용노동부-181-237.pdf 44쪽(원본 224쪽),,,,,2023년도 성과계획서_고용노동부-211-255.pdf,1.0,211.0,203.0,의무고용사업체의 ① 장애인고용률 0.8 일반재정 3.19(%) 정량 결과 - 근로지원인 수혜장애인 ② 비율 0.2 일반재정 1.76(%) 정량 산출 -,2023년도 성과보고서_고용노동부.pdf,66,66,,"의 
장애인고용률
(%)
ㅇ측정산식: 장애인 의무고용사업체 
장애인 고용인원(A) / 상시근로자 
수(B) = (A)/(B)(장애인 의무고용
사업체의 상시근로자 수 대비 
고용하고 있는 장애인 수의 백
분율)
 ▪ 측정방법
 - 측정대상기간 : ’23.6.1. ~ ’23.6.30.  
 - 실적치 집계 완료 시점 : ’23.11월말 
예정
 - 측정수행기관 : 한국장애인고용공단
 - 측정대상 표본수 및 선정방법
 : 당해연도 장애인 의무고용사업체 전수
조사(총 31,000개)
목표
2.94
3.03
3.18
3.20
실적
3.02
3.14
3.19
3.24
달성률(%)
102.7
103.6
100.3
101.3",plan:별첨1;plan_method:TEXT;report_method:FULL_TEXT
MOEL-2023-II1-01,019,고용노동부,2023,Ⅱ,Ⅱ-1,,직업능력개발,K-Digital Training 취업률,K-Digital Training 취업률,%,,67,57.5,84.3,,K-Digital Training 취업률,,,67.0,67,68.2,목표치 변경,2023년도 성과보고서_고용노동부-181-237.pdf,44,224,,False,False,,K-Digital Training 취업률,,68.2,57.5,84.3,67.0,67.0,68.2,57.5,57.5,84.3,84.3,,0.0,0.0,1.2000000000000028,1.7910447761194073,0.0,0.0,0.0,1.2000000000000028,1.7910447761194073,EXACT_MATCH,EXACT_MATCH,EXACT_MATCH,MATCH_AFTER_CHANGE,EXACT_MATCH,EXACT_MATCH,EXACT_MATCH,NOT_APPLICABLE,MATCH_AFTER_CHANGE,TARGET_CHANGE_REASON_DOCUMENTED_IN_별첨6;REPORT_TARGET_CHANGE_CONFIRMED_BY_별첨6,[보고서] 2023년도 성과보고서_고용노동부.pdf 79쪽(원본 79쪽) / [별첨6 변경표] 2023년도 성과보고서_고용노동부-181-237.pdf 44쪽(원본 224쪽),,,,,2023년도 성과계획서_고용노동부-211-255.pdf,2.0,212.0,204.0,K-Digital Training ① 취업률 0.2 일반재정 67(%) 정량 결과 폴리텍 하이테크과정 ② 취업률(%) 0.4 일반재정 75.3(%) 정량 결과 일학습병행 ③ 학습근로자 수료율(%) 0.4 일반재정 78(%) 정량 결과 프로그램목표 구직활동 촉진 및 고용안전망 강화 -2. Ⅱ,2023년도 성과보고서_고용노동부.pdf,79,79,,"K-Digital 
Training 취업률
(%)
  ㅇ측정산식 : 취업인원/(수료
인원-훈련시작 당시 실업 
상태가 아닌 자-훈련수료 
후 불가피한 사유로 취업
이 어려운 자) × 100
 ▪ 측정방법
   - 측정대상기간 : 전년도 6월~금년도 
5월 종료된 훈련과정 기준
   - 실적치 집계 완료 시점 : 금년도 12월 
마감 기준
   - 측정수행기관 : HRD-Net 
전산확인,한국고용정보원
목표
신규
신규
신규
68.2
실적
신규
신규
신규
57.5
달성률(%)
-
-
-
84.3",plan:별첨1;plan_method:TEXT;report_method:FULL_TEXT
MOEL-2023-II1-02,019,고용노동부,2023,Ⅱ,Ⅱ-1,,직업능력개발,폴리텍 하이테크과정 취업률(%),폴리텍 하이테크과정 취업률(%),%,,75.3,80.1,99.8,,폴리텍 하이테크과정 취업률(%),,,75.3,75.3,80.3,예산 증액,2023년도 성과보고서_고용노동부-181-237.pdf,44,224,,False,False,,폴리텍 하이테크과정 취업률(%),,80.3,80.1,99.8,75.3,75.3,80.3,80.1,80.1,99.8,99.8,,0.0,0.0,5.0,6.640106241699867,0.0,0.0,0.0,5.0,6.640106241699867,EXACT_MATCH,EXACT_MATCH,EXACT_MATCH,MATCH_AFTER_CHANGE,EXACT_MATCH,EXACT_MATCH,EXACT_MATCH,NOT_APPLICABLE,MATCH_AFTER_CHANGE,TARGET_CHANGE_REASON_DOCUMENTED_IN_별첨6;REPORT_TARGET_CHANGE_CONFIRMED_BY_별첨6,[보고서] 2023년도 성과보고서_고용노동부.pdf 79쪽(원본 79쪽) / [별첨6 변경표] 2023년도 성과보고서_고용노동부-181-237.pdf 44쪽(원본 224쪽),,,,,2023년도 성과계획서_고용노동부-211-255.pdf,2.0,212.0,204.0,폴리텍 하이테크과정 ② 취업률(%) 0.4 일반재정 75.3(%) 정량 결과 일학습병행 ③ 학습근로자 수료율(%) 0.4 일반재정 78(%) 정량 결과 프로그램목표 구직활동 촉진 및 고용안전망 강화 -2. Ⅱ 고용안전망확충,2023년도 성과보고서_고용노동부.pdf,79,79,,"하이테크과정 
취업률(%)
(%)
  ㅇ측정산식 : 취업자/취업대
상자×100
  - 취업자 : 고용보험 및 기타 
3대 보험 가입자, 자영업자
(증빙포함)
  - 취업대상자 : 수료자-평가제
외자
    * 수료자 : 해당연도 2월 수
료생(전년도 9월, 12월 수
료생 포함)
목표
신규
72
73
80.3
실적
신규
78.9
81.7
80.1
달성률(%)
-
109.6
111.9
99.8",plan:별첨1;plan_method:TEXT;report_method:FULL_TEXT
MOEL-2023-II1-03,019,고용노동부,2023,Ⅱ,Ⅱ-1,,직업능력개발,일학습병행 학습근로자 수료율(%),일학습병행 학습근로자 수료율(%),%,,78,78.6,99.7,,일학습병행 학습근로자 수료율(%),,,78.0,78,78.8,예산 증액,2023년도 성과보고서_고용노동부-181-237.pdf,44,224,,False,False,,일학습병행 학습근로자 수료율(%),,신규,신규,-,78.0,78.0,,78.6,,99.7,,,0.0,0.0,,,,,,,,EXACT_MATCH,EXACT_MATCH,EXACT_MATCH,PDF_MISSING_MANUAL_PRESENT,PDF_MISSING_MANUAL_PRESENT,PDF_MISSING_MANUAL_PRESENT,EXACT_MATCH,NOT_APPLICABLE,PDF_MISSING_MANUAL_PRESENT,TARGET_CHANGE_REASON_DOCUMENTED_IN_별첨6,[보고서] 2023년도 성과보고서_고용노동부.pdf 80쪽(원본 80쪽) / [별첨6 변경표] 2023년도 성과보고서_고용노동부-181-237.pdf 44쪽(원본 224쪽),,,,,2023년도 성과계획서_고용노동부-211-255.pdf,2.0,212.0,204.0,"일학습병행 ③ 학습근로자 수료율(%) 0.4 일반재정 78(%) 정량 결과 프로그램목표 구직활동 촉진 및 고용안전망 강화 -2. Ⅱ 고용안전망확충 고용보험 피보험자 수 ① 0.7 일반재정 15,900 천명 ( ) 정량 결과",2023년도 성과보고서_고용노동부.pdf,80,80,,"학습근로자 
수료율(%)
(%)
 ㅇ측정산식 : 해당연도 일학습
병행 종료예정자의 일학습
병행 수료 비율
 ▪측정방법 (자료수집 
방법/출처)
  - 측정대상기간 : 
사업시작일∼’23.12월
  - 실적치 집계 완료 시점 : 
‘24.3월
  - 측정수행기관 : 
한국산업인력공단
  - 측정대상 표본수 및 선정방법 
: 전수조사(HRD-NET 전산 
확인)
목표
신규
신규
신규
78.8
실적
신규
신규
신규
78.6
달성률(%)
-
-
-",plan:별첨1;plan_method:TEXT;report_method:FULL_TEXT
MOEL-2023-II2-01,019,고용노동부,2023,Ⅱ,Ⅱ-2,,고용안전망확충,고용보험 피보험자 수,고용보험 피보험자 수,천명,,15900,15835,100.8,,고용보험 피보험자 수,,,15900.0,0.7,"15,900",목표치 변경,2023년도 성과보고서_고용노동부-181-237.pdf,45,225,,False,True,,고용보험 피보험자 수,,"15,710",15835,100.8,15900.0,15900.0,15710.0,15835.0,15835.0,100.8,100.8,,0.0,0.0,-190.0,-1.1949685534591197,0.0,0.0,0.0,-190.0,-1.1949685534591197,EXACT_MATCH,EXACT_MATCH,EXACT_MATCH,VALUE_MISMATCH,EXACT_MATCH,EXACT_MATCH,EXACT_MATCH,NOT_APPLICABLE,VALUE_MISMATCH,TARGET_CHANGE_REASON_DOCUMENTED_IN_별첨6;CHANGE_TABLE_TARGET_CONTRADICTS_REPORT_TABLE,[보고서] 2023년도 성과보고서_고용노동부.pdf 100쪽(원본 100쪽) / [별첨6 변경표] 2023년도 성과보고서_고용노동부-181-237.pdf 45쪽(원본 225쪽),,,,,2023년도 성과계획서_고용노동부-211-255.pdf,2.0,212.0,204.0,"고용보험 피보험자 수 ① 0.7 일반재정 15,900 천명 ( ) 정량 결과 국민취업지원제도 ② 취업률 0.2 일반재정 56(%) 정성 투입 국민취업지원제도 ③ 참여자 수 0.1 일반재정 376,000 명 ( ) 정량 결과 전략목표 노동의 가치가 존중받는 사회 실현의 기틀을 마련하고 노동기본권을 보장한다 . . Ⅲ",2023년도 성과보고서_고용노동부.pdf,100,100,,"(천명)
ㅇ 고용보험 피보험자수= 
'22.12.31.기준 취득자수 + 
'23년 신규취득자수 - '23년 
신규상실자수
목표
14,280
14,535
15,640
15,710
실적
14,111
14,550
15,555
15835
달성률(%)
98.8
100.1
99.5
100.8",plan:별첨1;plan_method:TEXT;report_method:FULL_TEXT
MOEL-2023-III1-02,019,고용노동부,2023,Ⅲ,Ⅲ-1,,노사정책,지역노사민정 사회적 대화 추진율,지역노사민정 사회적 대화 추진율,%,,76,75,94.1,,지역노사민정 사회적 대화 추진율,,,76.0,76,79.7,목표치 변경,2023년도 성과보고서_고용노동부-181-237.pdf,45,225,,False,False,,지역노사민정 사회적 대화 추진율,,79.7,75,94.1,76.0,76.0,79.7,75.0,75.0,94.1,94.1,,0.0,0.0,3.700000000000003,4.868421052631583,0.0,0.0,0.0,3.700000000000003,4.868421052631583,EXACT_MATCH,EXACT_MATCH,EXACT_MATCH,MATCH_AFTER_CHANGE,EXACT_MATCH,EXACT_MATCH,EXACT_MATCH,NOT_APPLICABLE,MATCH_AFTER_CHANGE,TARGET_CHANGE_REASON_DOCUMENTED_IN_별첨6;REPORT_TARGET_CHANGE_CONFIRMED_BY_별첨6,[보고서] 2023년도 성과보고서_고용노동부.pdf 112쪽(원본 112쪽) / [별첨6 변경표] 2023년도 성과보고서_고용노동부-181-237.pdf 45쪽(원본 225쪽),,,,,2023년도 성과계획서_고용노동부-211-255.pdf,2.0,212.0,204.0,지역노사민정 사회적 ① 대화 추진율 0.5 일반재정 76(%) 정량 산출 일터혁신 지수 ② 0.5 일반재정 점 55.4( ) 정성 결과 프로그램목표 중장년 여성 고용촉진과 고용노동평등 환경 기반 강화 -2. · Ⅲ 고용평등증진,2023년도 성과보고서_고용노동부.pdf,112,112,,"사회적 대화 
추진율
(%)
ㅇ측정산식 : 국고보조사업 수행 
자치단체의 사회적 합의 비율
▪측정방법
- 측정대상기간 : ’23.1.1 ~ ’23.12.31   
- 실적치 집계 완료 시점 : ’24.1월말 
예정
- 측정수행기관 : 고용노동부
- 측정대상 표본수 및 선정방법
  :‘ 23년 지역노사민정협력 활성화 
국고보조사업 수행 자치단체 전체 
대상
목표
신규
신규
78.1
79.7
실적
신규
신규
81
75
달성률(%)
-
-
103.7
94.1",plan:별첨1;plan_method:TEXT;report_method:FULL_TEXT
MOEL-2023-III2-01,019,고용노동부,2023,Ⅲ,Ⅲ-2,,고용평등증진,30~40대 여성고용률,여성고용률(30~40대),%,,63.7,66.9,104.9,,30~40대 여성고용률,,,63.8,63.7,63.8,목표치 변경,2023년도 성과보고서_고용노동부-181-237.pdf,46,226,,False,False,,여성고용률(30~40대),,63.8,66.9,104.9,63.7,63.8,63.8,66.9,66.9,104.9,104.9,,0.09999999999999432,0.15698587127157662,0.09999999999999432,0.15698587127157662,0.0,0.0,0.0,0.0,0.0,MATCH_AFTER_CHANGE,VALUE_MISMATCH,EXACT_MATCH,MATCH_AFTER_CHANGE,EXACT_MATCH,EXACT_MATCH,EXACT_MATCH,NOT_APPLICABLE,VALUE_MISMATCH,PLAN_TARGET_FROM_CHANGE_TABLE_ONLY;TARGET_CHANGE_REASON_DOCUMENTED_IN_별첨6;REPORT_TARGET_CHANGE_CONFIRMED_BY_별첨6;PLAN_REPORT_NAME_CHANGE_DOCUMENTED_IN_별첨6,[계획서] 2023년도 성과계획서_고용노동부-211-255.pdf ?쪽(원본 ?쪽) / [보고서] 2023년도 성과보고서_고용노동부.pdf 127쪽(원본 127쪽) / [별첨6 변경표] 2023년도 성과보고서_고용노동부-181-237.pdf 46쪽(원본 226쪽),,,,,2023년도 성과계획서_고용노동부-211-255.pdf,,,,,2023년도 성과보고서_고용노동부.pdf,127,127,,"여성고용률(30~4
0대)(%)
30∼40대 여성 취업자수/30∼40대 
여성 인구) × 100
목표
신규
신규
신규
63.8
실적
신규
62.8
64.5
66.9
달성률(%)
-
-
-
104.9",plan:별첨6만;plan_method:TEXT;report_method:FULL_TEXT
MOEL-2023-III2-02,019,고용노동부,2023,Ⅲ,Ⅲ-2,,고용평등증진,육아휴직 근로자수,육아휴직 근로자수,명,,116378,126008,93.7,,육아휴직 근로자수,,,116378.0,116378,134495,목표치 변경,2023년도 성과보고서_고용노동부-181-237.pdf,46,226,,False,False,,육아휴직 근로자수,,134495,126008,93.7,116378.0,116378.0,134495.0,126008.0,126008.0,93.7,93.7,,0.0,0.0,18117.0,15.567375277114232,0.0,0.0,0.0,18117.0,15.567375277114232,EXACT_MATCH,EXACT_MATCH,EXACT_MATCH,MATCH_AFTER_CHANGE,EXACT_MATCH,EXACT_MATCH,EXACT_MATCH,NOT_APPLICABLE,MATCH_AFTER_CHANGE,TARGET_CHANGE_REASON_DOCUMENTED_IN_별첨6;REPORT_TARGET_CHANGE_CONFIRMED_BY_별첨6,[보고서] 2023년도 성과보고서_고용노동부.pdf 127쪽(원본 127쪽) / [별첨6 변경표] 2023년도 성과보고서_고용노동부-181-237.pdf 46쪽(원본 226쪽),,,,,2023년도 성과계획서_고용노동부-211-255.pdf,2.0,212.0,204.0,육아휴직 근로자수 ④ 0.2 일반재정 116378 명 ( ) 정량 결과 프로그램목표 취약근로자 권익보호 및 근로자복지 증진 -3. Ⅲ 근로조건보호및복지증진 신고사건 기한 내 ① 처리율 0.3 일반재정 87.5(%) 정량 산출,2023년도 성과보고서_고용노동부.pdf,127,127,,"육아휴직 
근로자수(명)
육아휴직급여 수급자수
목표
신규
116426
113429
134495
실적
신규
110555
131087
126008
달성률(%)
-
95.0
115.6
93.7",plan:별첨1;plan_method:TEXT;report_method:FULL_TEXT
MOEL-2023-III2-03,019,고용노동부,2023,Ⅲ,Ⅲ-2,,고용평등증진,육아휴직종료 1년 후 고용유지율,육아휴직종료 1년 후 고용유지율,%,,80.1,79.7,100.3,,육아휴직종료 1년 후 고용유지율,,,79.5,80.1,79.5,목표치 변경,2023년도 성과보고서_고용노동부-181-237.pdf,45,225,,False,False,,육아휴직종료 1년 후 고용유지율,,79.5,79.7,100.3,80.1,79.5,79.5,79.7,79.7,100.3,100.3,,-0.5999999999999943,-0.749063670411978,-0.5999999999999943,-0.749063670411978,0.0,0.0,0.0,0.0,0.0,MATCH_AFTER_CHANGE,VALUE_MISMATCH,EXACT_MATCH,MATCH_AFTER_CHANGE,EXACT_MATCH,EXACT_MATCH,EXACT_MATCH,NOT_APPLICABLE,VALUE_MISMATCH,PLAN_TARGET_FROM_CHANGE_TABLE_ONLY;TARGET_CHANGE_REASON_DOCUMENTED_IN_별첨6;REPORT_TARGET_CHANGE_CONFIRMED_BY_별첨6,[계획서] 2023년도 성과계획서_고용노동부-211-255.pdf ?쪽(원본 ?쪽) / [보고서] 2023년도 성과보고서_고용노동부.pdf 127쪽(원본 127쪽) / [별첨6 변경표] 2023년도 성과보고서_고용노동부-181-237.pdf 45쪽(원본 225쪽),,,,,2023년도 성과계획서_고용노동부-211-255.pdf,,,,,2023년도 성과보고서_고용노동부.pdf,127,127,,"1년 후 
고용유지율(%)
휴가종료일 기준 12개월 이상 
고용유지자/전년도 
육아휴직종
료자) × 100
목표
신규
신규
80.0
79.5
실적
신규
79.7
78.6
79.7
달성률(%)
-
-
98.3
100.3",plan:별첨6만;plan_method:TEXT;report_method:FULL_TEXT
MOEL-2023-III2-04,019,고용노동부,2023,Ⅲ,Ⅲ-2,,고용평등증진,장년고용률,장년고용률,%,,66.6,68.7,100.9,,장년고용률,,,66.6,66.6,68.1,목표치 변경,2023년도 성과보고서_고용노동부-181-237.pdf,46,226,,False,False,,장년고용률,,68.1,68.7,100.9,66.6,66.6,68.1,68.7,68.7,100.9,100.9,,0.0,0.0,1.5,2.2522522522522523,0.0,0.0,0.0,1.5,2.2522522522522523,EXACT_MATCH,EXACT_MATCH,EXACT_MATCH,MATCH_AFTER_CHANGE,EXACT_MATCH,EXACT_MATCH,EXACT_MATCH,NOT_APPLICABLE,MATCH_AFTER_CHANGE,TARGET_CHANGE_REASON_DOCUMENTED_IN_별첨6;REPORT_TARGET_CHANGE_CONFIRMED_BY_별첨6,[보고서] 2023년도 성과보고서_고용노동부.pdf 127쪽(원본 127쪽) / [별첨6 변경표] 2023년도 성과보고서_고용노동부-181-237.pdf 46쪽(원본 226쪽),,,,,2023년도 성과계획서_고용노동부-211-255.pdf,2.0,212.0,204.0,장년고용률 ② 0.3 일반재정 66.6(%) 정량 결과 육아휴직종료 년 후 1 ③ 고용유지율 0.2 일반재정 80.1(%) 정량 결과 육아휴직 근로자수 ④ 0.2 일반재정 116378 명 ( ) 정량 결과 프로그램목표 취약근로자 권익보호 및 근로자복지 증진 -3. Ⅲ,2023년도 성과보고서_고용노동부.pdf,127,127,,"104.9
장년고용률
(%)
(장년취업자수/ 장년생산가능인구) 
X 100
목표
67.2
67.05
66.4
68.1
실적
66.2
66.4
68.1
68.7
달성률(%)
98.5
99.0
102.6
100.9",plan:별첨1;plan_method:TEXT;report_method:FULL_TEXT
MOEL-2023-III3-01,019,고용노동부,2023,Ⅲ,Ⅲ-3,,근로조건보호및복지증진,신고사건 기한 내 처리율,신고사건 기한 내 처리율,%,,87.5,95.5,107.3,,신고사건 기한 내 처리율,,,87.5,87.5,89.0,목표치 변경,2023년도 성과보고서_고용노동부-181-237.pdf,46,226,,False,False,,신고사건 기한 내 처리율,,89.0,95.5,107.3,87.5,87.5,89.0,95.5,95.5,107.3,107.3,,0.0,0.0,1.5,1.7142857142857144,0.0,0.0,0.0,1.5,1.7142857142857144,EXACT_MATCH,EXACT_MATCH,EXACT_MATCH,MATCH_AFTER_CHANGE,EXACT_MATCH,EXACT_MATCH,EXACT_MATCH,NOT_APPLICABLE,MATCH_AFTER_CHANGE,TARGET_CHANGE_REASON_DOCUMENTED_IN_별첨6;REPORT_TARGET_CHANGE_CONFIRMED_BY_별첨6,[보고서] 2023년도 성과보고서_고용노동부.pdf 140쪽(원본 140쪽) / [별첨6 변경표] 2023년도 성과보고서_고용노동부-181-237.pdf 46쪽(원본 226쪽),,,,,2023년도 성과계획서_고용노동부-211-255.pdf,2.0,212.0,204.0,신고사건 기한 내 ① 처리율 0.3 일반재정 87.5(%) 정량 산출 임금체불 피해근로자 ② 권리구제율 0.2 일반재정 75.6(%) 정량 결과 융자지원율 ③ 0.5 일반재정 93.4(%) 정량 산출,2023년도 성과보고서_고용노동부.pdf,140,140,,"신고사건 기한 
내 처리율
(%)
ㅇ 측정산식: (신고사건 기한 내 
처리건수/ 신고사건 총 처리 
건수)×100
 ▪ 측정방법
 - 
측정대상기간: 
'23.1.1 
~ 
'23.12.31   
 - 실적치 집계 완료 시점 : '24.1
월 말(예정)
 - 측정수행기관 : 고용노동부
 - 측정대상 표본수 및 선정방법 : 
해당없음
목표
85.5
85.6
85.8
89.0
실적
88.1
89.1
89.6
95.5
달성률(%)
103.0
104.1
104.4
107.3",plan:별첨1;plan_method:TEXT;report_method:FULL_TEXT
MOEL-2023-III3-02,019,고용노동부,2023,Ⅲ,Ⅲ-3,,근로조건보호및복지증진,임금체불 피해근로자 권리구제율,임금체불 피해근로자 권리구제율,%,,75.6,83.9,106.9,,임금체불 피해근로자 권리구제율,,,75.6,75.6,78.5,목표치 변경,2023년도 성과보고서_고용노동부-181-237.pdf,46,226,,False,False,,임금체불 피해근로자 권리구제율,,78.5,83.9,106.9,75.6,75.6,78.5,83.9,83.9,106.9,106.9,,0.0,0.0,2.9000000000000057,3.8359788359788443,0.0,0.0,0.0,2.9000000000000057,3.8359788359788443,EXACT_MATCH,EXACT_MATCH,EXACT_MATCH,MATCH_AFTER_CHANGE,EXACT_MATCH,EXACT_MATCH,EXACT_MATCH,NOT_APPLICABLE,MATCH_AFTER_CHANGE,TARGET_CHANGE_REASON_DOCUMENTED_IN_별첨6;REPORT_TARGET_CHANGE_CONFIRMED_BY_별첨6,[보고서] 2023년도 성과보고서_고용노동부.pdf 140쪽(원본 140쪽) / [별첨6 변경표] 2023년도 성과보고서_고용노동부-181-237.pdf 46쪽(원본 226쪽),,,,,2023년도 성과계획서_고용노동부-211-255.pdf,2.0,212.0,204.0,임금체불 피해근로자 ② 권리구제율 0.2 일반재정 75.6(%) 정량 결과 융자지원율 ③ 0.5 일반재정 93.4(%) 정량 산출,2023년도 성과보고서_고용노동부.pdf,140,140,,"피해근로자 
권리구제율
(%)
ㅇ측정산식: (지도해결 근로자수
+ 대지급금 지급 근로자수+
체불사업주 융자지원 
근로자수) / 체불근로자수
▪ 측정방법
 - 측정대상기간: '23.1.1. ~ '23.12.31
 - 실적치 집계 완료 시점: '24.1월 
말(예정)
 - 측정수행기관: 고용노동부
 - 측정대상 표본수 및 선정방법: 
해당없음
목표
신규
신규
75.1
78.5
실적
75.0
78.4
81.9
83.9
달성률(%)
-
-
109.1
106.9",plan:별첨1;plan_method:TEXT;report_method:FULL_TEXT
MOEL-2023-IV1-01,019,고용노동부,2023,Ⅳ,Ⅳ-1,,산재보험,산재노동자 직업복귀율,산재노동자 직업복귀율,%,,70,70.6,100.1,,산재노동자 직업복귀율,,,70.0,70.0,70.5,목표치 변경,2023년도 성과보고서_고용노동부-181-237.pdf,47,227,,False,False,,산재노동자 직업복귀율,,70.5,70.6,100.1,70.0,70.0,70.5,70.6,70.6,100.1,100.1,,0.0,0.0,0.5,0.7142857142857143,0.0,0.0,0.0,0.5,0.7142857142857143,EXACT_MATCH,EXACT_MATCH,EXACT_MATCH,MATCH_AFTER_CHANGE,EXACT_MATCH,EXACT_MATCH,EXACT_MATCH,NOT_APPLICABLE,MATCH_AFTER_CHANGE,TARGET_CHANGE_REASON_DOCUMENTED_IN_별첨6;REPORT_TARGET_CHANGE_CONFIRMED_BY_별첨6,[보고서] 2023년도 성과보고서_고용노동부.pdf 153쪽(원본 153쪽) / [별첨6 변경표] 2023년도 성과보고서_고용노동부-181-237.pdf 47쪽(원본 227쪽),,,,,2023년도 성과계획서_고용노동부-211-255.pdf,3.0,213.0,205.0,①산재노동자 직업복귀율 0.5 일반재정 70.0(%) 정량 결과 산재보험 신속성 ② 0.5 일반재정 64.98(%) 정량 산출 프로그램목표 사망재해 예방 및 근로자의 안전과 건강 유지 증진 -2. · Ⅳ 산업재해예방,2023년도 성과보고서_고용노동부.pdf,153,153,,"산재노동자 
직업복귀율
(%)
(직장복귀자수 / 
산재요양종결자수) 
× 100
(직업복귀자수: 고용・산재보험 자격취득자 및 
사업자등록증 취득자)
(산재요양종결자수: 측정대상 기간내 요양 
종결된 산재노동자 수)
목표
신규
67.0
68.8
70.5
실적
66.3
67.3
69.2
70.6
달성률(%)
-
100.4
100.6
100.1",plan:별첨1;plan_method:TEXT;report_method:FULL_TEXT
MOEL-2023-IV1-02,019,고용노동부,2023,Ⅳ,Ⅳ-1,,산재보험,산재보험 신속성,산재보험 신속성,%,,64.98,70.38,101.3,,산재보험 신속성,,,64.98,64.98,69.49,목표치 변경,2023년도 성과보고서_고용노동부-181-237.pdf,47,227,,False,False,,산재보험 신속성,,69.49,70.38,101.3,64.98,64.98,69.49,70.38,70.38,101.3,101.3,,0.0,0.0,4.509999999999991,6.940597106802078,0.0,0.0,0.0,4.509999999999991,6.940597106802078,EXACT_MATCH,EXACT_MATCH,EXACT_MATCH,MATCH_AFTER_CHANGE,EXACT_MATCH,EXACT_MATCH,EXACT_MATCH,NOT_APPLICABLE,MATCH_AFTER_CHANGE,TARGET_CHANGE_REASON_DOCUMENTED_IN_별첨6;REPORT_TARGET_CHANGE_CONFIRMED_BY_별첨6,[보고서] 2023년도 성과보고서_고용노동부.pdf 153쪽(원본 153쪽) / [별첨6 변경표] 2023년도 성과보고서_고용노동부-181-237.pdf 47쪽(원본 227쪽),,,,,2023년도 성과계획서_고용노동부-211-255.pdf,3.0,213.0,205.0,산재보험 신속성 ② 0.5 일반재정 64.98(%) 정량 산출 프로그램목표 사망재해 예방 및 근로자의 안전과 건강 유지 증진 -2. · Ⅳ 산업재해예방 지원사업장의 사고 ① 사망만인율 0.4 일반재정 0.57( ) ‱ 정량 결과 하향 지표,2023년도 성과보고서_고용노동부.pdf,153,153,,"산재보험 
신속성
(%)
(산재신청서 법정기한 내 처리 건수의 합 / 
산재신청서 처리 건수의 합) × 100
목표
신규
신규
신규
69.49
실적
49.09
51.90
60.3
70.38
달성률(%)
-
-
-
101.3",plan:별첨1;plan_method:TEXT;report_method:FULL_TEXT
MOEL-2023-IV2-01,019,고용노동부,2023,Ⅳ,Ⅳ-2,,산업재해예방,중상해 사고 재해율,중상해 사고 재해율,%,하향,0.088,0.081,103.6,,중상해 사고 재해율,,,0.088,0.088,0.084,목표치 변경,2023년도 성과보고서_고용노동부-181-237.pdf,47,227,,False,False,,중상해 사고 재해율,,0.084,(0.081),103.6,0.088,0.088,0.084,0.081,0.081,103.6,103.6,103.7037037037037,0.0,0.0,-0.00399999999999999,-4.545454545454533,0.0,0.0,0.0,-0.00399999999999999,-4.545454545454533,EXACT_MATCH,EXACT_MATCH,EXACT_MATCH,MATCH_AFTER_CHANGE,EXACT_MATCH,EXACT_MATCH,EXACT_MATCH,NOT_APPLICABLE,MATCH_AFTER_CHANGE,TARGET_CHANGE_REASON_DOCUMENTED_IN_별첨6;REPORT_TARGET_CHANGE_CONFIRMED_BY_별첨6,[보고서] 2023년도 성과보고서_고용노동부.pdf 164쪽(원본 164쪽) / [별첨6 변경표] 2023년도 성과보고서_고용노동부-181-237.pdf 47쪽(원본 227쪽),,,,,2023년도 성과계획서_고용노동부-211-255.pdf,3.0,213.0,205.0,중상해 사고 재해율 ② 0.2 일반재정 0.088(%) 정량 결과 하향 지표 인미만 사업장 작업 50 ③ 환경측정 및 특수건강진 단 연계율 0.4 일반재정 79.8(%) 정량 결과,2023년도 성과보고서_고용노동부.pdf,164,164,,"(%)(하향지표)
ㅇ 측정산식 : 중상해 사고재해율
(%)=A/B×100
   A : 휴업일수 90일 이상 사고부상자수*(명)
   * 사고부상자수는 고용노동부의 산업재해
현황통계에 따른 당해연도 전체 산업에
서 발생한 업무상 사고부상자수로 함
   B : 전체 근로자수*(명)
   * 근로자수는 고용노동부의 산업재해현
황통계에 따른 당해연도 전체 산업의 
근로자수 합계
목표
신규
신규
0.090
0.084
실적
신규
신규
0.084
(0.081)
달성률(%)
-
-
106.7
103.6",plan:별첨1;plan_method:TEXT;report_method:FULL_TEXT
MOEL-2023-IV2-02,019,고용노동부,2023,Ⅳ,Ⅳ-2,,산업재해예방,지원사업장의 사고 사망만인율,지원사업장의 사고 사망만인율,‱,하향,0.57,0.51,105.6,,지원사업장의 사고 사망만인율,,,0.57,0.57,0.54,목표치 변경,2023년도 성과보고서_고용노동부-181-237.pdf,47,227,,False,False,,지원사업장의 사고 사망만인율,,0.54,(0.51),105.6,0.57,0.57,0.54,0.51,0.51,105.6,105.6,105.88235294117648,0.0,0.0,-0.029999999999999916,-5.263157894736828,0.0,0.0,0.0,-0.029999999999999916,-5.263157894736828,EXACT_MATCH,EXACT_MATCH,EXACT_MATCH,MATCH_AFTER_CHANGE,EXACT_MATCH,EXACT_MATCH,EXACT_MATCH,NOT_APPLICABLE,MATCH_AFTER_CHANGE,TARGET_CHANGE_REASON_DOCUMENTED_IN_별첨6;REPORT_TARGET_CHANGE_CONFIRMED_BY_별첨6,[보고서] 2023년도 성과보고서_고용노동부.pdf 164쪽(원본 164쪽) / [별첨6 변경표] 2023년도 성과보고서_고용노동부-181-237.pdf 47쪽(원본 227쪽),,,,,2023년도 성과계획서_고용노동부-211-255.pdf,3.0,213.0,205.0,지원사업장의 사고 ① 사망만인율 0.4 일반재정 0.57( ) ‱ 정량 결과 하향 지표 중상해 사고 재해율 ② 0.2 일반재정 0.088(%) 정량 결과 하향 지표 인미만 사업장 작업 50 ③ 환경측정 및 특수건강진 단 연계율 0.4 일반재정 79.8(%) 정량 결과,2023년도 성과보고서_고용노동부.pdf,164,164,,"ㅇ 측정산식 : 지원사업장의 
사고사망만인율(‱)
=A/B×10,000
   A : 공단 지원사업장* 사고사망자수(명)
   * 재해발생사업장
(중대재해조사 및 감독 대상 사업장 
등) 지원실적은 제외
  B : 공단 지원사업장 근로자 수
목표
신규
신규
신규
0.54
실적
신규
신규
신규
(0.51)
달성률(%)
-
-
-
105.6",plan:별첨1;plan_method:TEXT;report_method:FULL_TEXT
MOEL-2023-IV2-03,019,고용노동부,2023,Ⅳ,Ⅳ-2,,산업재해예방,50인미만 사업장 작업 환경측정 및 특수건강진 단 연계율,50인미만 사업장 작업 환경측정 및 특수건강진 단 연계율,%,,79.8,71.2,89.2,,50인미만 사업장 작업 환경측정 및 특수건강진 단 연계율,,,79.8,79.8,79.8,예산 증액,2023년도 성과보고서_고용노동부-181-237.pdf,47,227,,False,False,,50인미만 사업장 작업 환경측정 및 특수건강진 단 연계율,,79.8,(71.2),89.2,79.8,79.8,79.8,71.2,71.2,89.2,89.2,,0.0,0.0,0.0,0.0,0.0,0.0,0.0,0.0,0.0,MATCH_AFTER_CHANGE,EXACT_MATCH,EXACT_MATCH,EXACT_MATCH,EXACT_MATCH,EXACT_MATCH,EXACT_MATCH,NOT_APPLICABLE,MATCH_AFTER_CHANGE,PLAN_TARGET_FROM_CHANGE_TABLE_ONLY;TARGET_CHANGE_REASON_DOCUMENTED_IN_별첨6,[계획서] 2023년도 성과계획서_고용노동부-211-255.pdf ?쪽(원본 ?쪽) / [별첨6 변경표] 2023년도 성과보고서_고용노동부-181-237.pdf 47쪽(원본 227쪽),,,,,2023년도 성과계획서_고용노동부-211-255.pdf,,,,,2023년도 성과보고서_고용노동부.pdf,164,164,,"특수건강진단 
연계율
(%)
ㅇ 측정산식 : 50인미만 산업보건
기초제도 연계율
(%)=(A/B)×100
   A: 50인미만 작업환경측정사업장(당해
연도, 당해연도 이전연도 2년 연속) 중 당해
연도 특수건강진단실시 사업장수
   B: 50인미만 작업환경측정사업장*(당해
연도, 당해연도 이전연도 2년 연속)
   * 측정·특검 연계율 산출이 어려운 소음·
분진(측정 및 특검 주기 차이), 건설
업(사업장의 생성·소멸 빈번)은 대상에
서 제외
목표
신규
신규
77.6
79.8
실적
신규
신규
66.2
(71.2)
달성률(%)
-
-
85.3
89.2",plan:별첨6만;plan_method:TEXT;report_method:FULL_TEXT
MOEL-2024-I1-01,019,고용노동부,2024,Ⅰ,Ⅰ-1,,고용창출,15~64세 고용률,15~64세 고용률,%,,68.8,69.5,100.7,,15~64세 고용률,,,68.8,68.8,69.0,"청년내일채움공제 등 일부사업의 예산이 증액(469억)되었으며, 최근 3년(‘21~23년)간의 실적 평균(68.1%)과 ’23년 실적(69.2%)의 평균값인 68.6%보다 0.4% 상향하여 69.0%로 설정",2024년도 성과보고서_고용노동부-162-209.pdf,37,198,,False,False,,15~64세 고용률,,69.0,69.5,100.7,68.8,68.8,69.0,69.5,69.5,100.7,100.7,,0.0,0.0,0.20000000000000284,0.29069767441860883,0.0,0.0,0.0,0.20000000000000284,0.29069767441860883,EXACT_MATCH,EXACT_MATCH,EXACT_MATCH,MATCH_AFTER_CHANGE,EXACT_MATCH,EXACT_MATCH,EXACT_MATCH,NOT_APPLICABLE,MATCH_AFTER_CHANGE,TARGET_CHANGE_REASON_DOCUMENTED_IN_별첨6;REPORT_TARGET_CHANGE_CONFIRMED_BY_별첨6,[보고서] 2024년도 성과보고서_고용노동부.pdf 43쪽(원본 43쪽) / [별첨6 변경표] 2024년도 성과보고서_고용노동부-162-209.pdf 37쪽(원본 198쪽),,,,,2024년도 성과계획서_고용노동부-218-259.pdf,1.0,218.0,210.0,고용창출 ①15~64세 고용률 1.0 일반 재정 68.8(%) 정량 결과 프로그램목표Ⅰ-2. 장애인의 일자리기회를 확대 장애인고용증진 ①장애인 취업자 비율 1.0 일반 재정 4.80(%) 정량 결과 - 전략목표Ⅱ. 평생 직업능력개발을 지원하고 중층적 고용안정망의 실효성을 제고한다.,2024년도 성과보고서_고용노동부.pdf,43,43,,"'24년
15~64세 고용률
(%)
ㅇ 측정산식 : (만15~64세 취업
자수/만15~64세 인구)*100
목표
신규
66.4
68.0
69.0
실적
신규
68.5
69.2
69.5
달성률(%)
-
103.2
101.8
100.7",plan:별첨1;plan_method:TEXT;report_method:FULL_TEXT
MOEL-2024-I2-01,019,고용노동부,2024,Ⅰ,Ⅰ-2,,장애인고용증진,장애인 취업자 비율,장애인 취업자 비율,%,,4.8,6.17,119.1,,장애인 취업자 비율,,,4.8,4.80,5.18,"장애인직업능력개발 등 예산증액(4,485백만원) 및 '23년 실적치 확정(5.16)에 따른 목표치 상향 조정",2024년도 성과보고서_고용노동부-162-209.pdf,37,198,,False,False,,장애인 취업자 비율,,5.18,6.17,119.1,4.8,4.8,5.18,6.17,6.17,119.1,119.1,,0.0,0.0,0.3799999999999999,7.916666666666665,0.0,0.0,0.0,0.3799999999999999,7.916666666666665,EXACT_MATCH,EXACT_MATCH,EXACT_MATCH,MATCH_AFTER_CHANGE,EXACT_MATCH,EXACT_MATCH,EXACT_MATCH,NOT_APPLICABLE,MATCH_AFTER_CHANGE,TARGET_CHANGE_REASON_DOCUMENTED_IN_별첨6;REPORT_TARGET_CHANGE_CONFIRMED_BY_별첨6,[보고서] 2024년도 성과보고서_고용노동부.pdf 66쪽(원본 66쪽) / [별첨6 변경표] 2024년도 성과보고서_고용노동부-162-209.pdf 37쪽(원본 198쪽),,,,,2024년도 성과계획서_고용노동부-218-259.pdf,1.0,218.0,210.0,"장애인고용증진 ①장애인 취업자 비율 1.0 일반 재정 4.80(%) 정량 결과 - 전략목표Ⅱ. 평생 직업능력개발을 지원하고 중층적 고용안정망의 실효성을 제고한다. 프로그램목표Ⅱ-1. 신산업,신기술분야 인력양성 및 평생 직업능력개발 지원 직업능력개발 ①국민내일배움카드 훈 련인원 1.0 일반 재정",2024년도 성과보고서_고용노동부.pdf,66,66,,"장애인 취업자 
비율
(%)
ㅇ 측정산식:
(한국장애인고용공단을 통한 장
애인 취업건수/만 15세 이상 장
애인 경제활동인구 수) × 100
목표
신규
신규
신규
5.18
실적
신규
신규
5.16
6.17
달성률(%)
-
-
-
119.1",plan:별첨1;plan_method:TEXT;report_method:FULL_TEXT
MOEL-2024-II1-01,019,고용노동부,2024,Ⅱ,Ⅱ-1,,직업능력개발,국민내일배움카드 훈 련인원,국민내일배움카드 훈 련인원,명,,634100,664955,84.5,,국민내일배움카드 훈 련인원,,,634100.0,"634,100","786,600",숙련기술장려사업(360백만원) 예산 증액으로 본 지표와는 상관관계가 없음,2024년도 성과보고서_고용노동부-162-209.pdf,37,198,,False,False,,국민내일배움카드 훈 련인원,,"786,600","664,955",84.5,634100.0,634100.0,786600.0,664955.0,664955.0,84.5,84.5,,0.0,0.0,152500.0,24.049834410976185,0.0,0.0,0.0,152500.0,24.049834410976185,EXACT_MATCH,EXACT_MATCH,EXACT_MATCH,MATCH_AFTER_CHANGE,EXACT_MATCH,EXACT_MATCH,EXACT_MATCH,NOT_APPLICABLE,MATCH_AFTER_CHANGE,TARGET_CHANGE_REASON_DOCUMENTED_IN_별첨6;REPORT_TARGET_CHANGE_CONFIRMED_BY_별첨6,[보고서] 2024년도 성과보고서_고용노동부.pdf 80쪽(원본 80쪽) / [별첨6 변경표] 2024년도 성과보고서_고용노동부-162-209.pdf 37쪽(원본 198쪽),,,,,2024년도 성과계획서_고용노동부-218-259.pdf,1.0,218.0,210.0,"직업능력개발 ①국민내일배움카드 훈 련인원 1.0 일반 재정 634,100 (명) 정량 산출 프로그램목표Ⅱ-2. 구직활동 촉진 및 중층적 고용안정망의 실효성 제고 고용안전망확충 ①고용보험 가입자수 1.0 일반 재정",2024년도 성과보고서_고용노동부.pdf,80,80,,"국민내일배움카드 
훈련인원
(명)
ㅇ 측정산식: 국민내일배움카드
를 통해 훈련에 참여한 인원(실
시기준 순인원)
목표
신규
신규
신규
786,600
실적
신규
신규
신규
664,955
달성률(%)
-
-
-
84.5",plan:별첨1;plan_method:TEXT;report_method:FULL_TEXT
MOEL-2024-II2-01,019,고용노동부,2024,Ⅱ,Ⅱ-2,,고용안전망확충,고용보험 가입자수,고용보험 가입자수,천명,,15867,16060,100.4,,고용보험 가입자수,,,15867.0,"15,867","15,993","고용상황 및 취업자 전망 등을 고려하여, 전년 실적(15,835천명) 대비 1% 증가한 수치인 15,993천명을 목표치로 설정",2024년도 성과보고서_고용노동부-162-209.pdf,38,199,,False,False,,고용보험 가입자수,,"15,993",16060,100.4,15867.0,15867.0,15993.0,16060.0,16060.0,100.4,100.4,,0.0,0.0,126.0,0.7941009642654565,0.0,0.0,0.0,126.0,0.7941009642654565,EXACT_MATCH,EXACT_MATCH,EXACT_MATCH,MATCH_AFTER_CHANGE,EXACT_MATCH,EXACT_MATCH,EXACT_MATCH,NOT_APPLICABLE,MATCH_AFTER_CHANGE,TARGET_CHANGE_REASON_DOCUMENTED_IN_별첨6;REPORT_TARGET_CHANGE_CONFIRMED_BY_별첨6,[보고서] 2024년도 성과보고서_고용노동부.pdf 92쪽(원본 92쪽) / [별첨6 변경표] 2024년도 성과보고서_고용노동부-162-209.pdf 38쪽(원본 199쪽),,,,,2024년도 성과계획서_고용노동부-218-259.pdf,1.0,218.0,210.0,"고용안전망확충 ①고용보험 가입자수 1.0 일반 재정 15,867 (천명) 정량 결과",2024년도 성과보고서_고용노동부.pdf,92,92,,"ㅇ 측정산식: 연도 말 기준 
고용보험 가입자 수
목표
14,535
15,640
15,710
15,993
실적
14,550
15,555
15,835
16060
달성률(%)
100.1
99.5
100.8
100.4",plan:별첨1;plan_method:TEXT;report_method:FULL_TEXT
MOEL-2024-III2-01,019,고용노동부,2024,Ⅲ,Ⅲ-2,,고용평등증진,여성고용률(30~40대),여성고용률(30~40대),%,,65.5,68.9,102.8,,여성고용률(30~40대),,,65.5,65.5,67.0,23년 실적치 확정(66.9)에 따라 목표치 상향 조정,2024년도 성과보고서_고용노동부-162-209.pdf,38,199,,False,False,,여성고용률(30~40대),,67.0,68.9,102.8,65.5,65.5,67.0,68.9,68.9,102.8,102.8,,0.0,0.0,1.5,2.2900763358778624,0.0,0.0,0.0,1.5,2.2900763358778624,EXACT_MATCH,EXACT_MATCH,EXACT_MATCH,MATCH_AFTER_CHANGE,EXACT_MATCH,EXACT_MATCH,EXACT_MATCH,NOT_APPLICABLE,MATCH_AFTER_CHANGE,TARGET_CHANGE_REASON_DOCUMENTED_IN_별첨6;REPORT_TARGET_CHANGE_CONFIRMED_BY_별첨6,[보고서] 2024년도 성과보고서_고용노동부.pdf 115쪽(원본 115쪽) / [별첨6 변경표] 2024년도 성과보고서_고용노동부-162-209.pdf 38쪽(원본 199쪽),,,,,2024년도 성과계획서_고용노동부-218-259.pdf,2.0,219.0,211.0,고용평등증진 ①여성고용률(30~40대) 1.0 일반 재정 65.5(%) 정량 결과 프로그램목표Ⅲ-3. 취약근로자 권익보호 및 근로자복지 증진 근로조건보호및복지증진 ①임금체불 피해근로자 권리구제율 1.0 일반 재정 78.8(%) 정량 결과 전략목표Ⅳ. 안전하고 쾌적한 일터를 조성한다.,2024년도 성과보고서_고용노동부.pdf,115,115,,"여성고용률
(30~40대)(%)
ㅇ 측정산식: 30∼40대 여성 취
업자수/30∼40대 여성 인구) × 
100
목표
신규
신규
63.8
67.0
실적
62.8
64.5
66.9
68.9
달성률(%)
-
-
104.9
102.8",plan:별첨1;plan_method:TEXT;report_method:FULL_TEXT
MOEL-2024-III3-01,019,고용노동부,2024,Ⅲ,Ⅲ-3,,근로조건보호및복지증진,임금체불 피해근로자 권리구제율,임금체불 피해근로자 권리구제율,%,,78.8,85,104.3,,임금체불 피해근로자 권리구제율,,,78.8,78.8,81.5,최근 3년(‘21~23년)간 임금체불 권리구제율 평균실적 81.4% 대비 0.1% 상향,2024년도 성과보고서_고용노동부-162-209.pdf,38,199,,False,False,,임금체불 피해근로자 권리구제율,,81.5,85.0,104.3,78.8,78.8,81.5,85.0,85.0,104.3,104.3,,0.0,0.0,2.700000000000003,3.4263959390862984,0.0,0.0,0.0,2.700000000000003,3.4263959390862984,EXACT_MATCH,EXACT_MATCH,EXACT_MATCH,MATCH_AFTER_CHANGE,EXACT_MATCH,EXACT_MATCH,EXACT_MATCH,NOT_APPLICABLE,MATCH_AFTER_CHANGE,TARGET_CHANGE_REASON_DOCUMENTED_IN_별첨6;REPORT_TARGET_CHANGE_CONFIRMED_BY_별첨6,[보고서] 2024년도 성과보고서_고용노동부.pdf 127쪽(원본 127쪽) / [별첨6 변경표] 2024년도 성과보고서_고용노동부-162-209.pdf 38쪽(원본 199쪽),,,,,2024년도 성과계획서_고용노동부-218-259.pdf,2.0,219.0,211.0,근로조건보호및복지증진 ①임금체불 피해근로자 권리구제율 1.0 일반 재정 78.8(%) 정량 결과 전략목표Ⅳ. 안전하고 쾌적한 일터를 조성한다. 프로그램목표Ⅳ-1. 재해근로자 신속·공정보상 및 원활한 노동시장 복귀 촉진 산재보험 ①산재보험 신속성 1.0 일반 재정 84.68(%) 정량 산출,2024년도 성과보고서_고용노동부.pdf,127,127,,"피해근로자 
권리구제율
(%)
ㅇ 측정산식: (지도해결 
근로자수+ 대지급금 지급 
근로자수+ 체불사업주 
융자지원 근로자수) /
체불근로자수
목표
신규
75.1
78.5
81.5
실적
신규
81.9
83.9
85.0
달성률(%)
-
109.1
106.9
104.3",plan:별첨1;plan_method:TEXT;report_method:FULL_TEXT
MOEL-2024-IV1-01,019,고용노동부,2024,Ⅳ,Ⅳ-1,,산재보험,산재보험 신속성,산재보험 신속성,%,,84.68,90.18,104.6,,산재보험 신속성,,,84.68,84.68,86.19,23년 실적치 확정(70.38)에 따른 목표치 상향 조정,2024년도 성과보고서_고용노동부-162-209.pdf,38,199,,False,False,,산재보험 신속성,,86.19,90.18,104.6,84.68,84.68,86.19,90.18,90.18,104.6,104.6,,0.0,0.0,1.509999999999991,1.7831837505904473,0.0,0.0,0.0,1.509999999999991,1.7831837505904473,EXACT_MATCH,EXACT_MATCH,EXACT_MATCH,MATCH_AFTER_CHANGE,EXACT_MATCH,EXACT_MATCH,EXACT_MATCH,NOT_APPLICABLE,MATCH_AFTER_CHANGE,TARGET_CHANGE_REASON_DOCUMENTED_IN_별첨6;REPORT_TARGET_CHANGE_CONFIRMED_BY_별첨6,[보고서] 2024년도 성과보고서_고용노동부.pdf 140쪽(원본 140쪽) / [별첨6 변경표] 2024년도 성과보고서_고용노동부-162-209.pdf 38쪽(원본 199쪽),,,,,2024년도 성과계획서_고용노동부-218-259.pdf,2.0,219.0,211.0,산재보험 ①산재보험 신속성 1.0 일반 재정 84.68(%) 정량 산출 프로그램목표Ⅳ-2. 사망재해 예방 및 근로자의 안전과 건강 유지·증진 산업재해예방 ①지원사업장의 사고사 망만인율 1.0 일반 재정 0.50(‱) 정량 결과 하향지표,2024년도 성과보고서_고용노동부.pdf,140,140,,"산재보험 
신속성
(%)
ㅇ 측정산식: (산재신청서 법정
기한 내 처리 건수의 합 /산재신청서 
처리 건수의 합) × 100
목표
신규
신규
69.49
86.19
실적
53.33
60.30
70.38
90.18
달성률(%)
-
-
101.3
104.6",plan:별첨1;plan_method:TEXT;report_method:FULL_TEXT
