fiscal_year,doc_type,file_name,split_pdf_page,source_pdf_page,printed_page,char_count,low_text_flag,extraction_method,ocr_char_count
2022,plan,2022년도 성과계획서_고용노동부-201-249.pdf,1,201,193,65,True,TEXT,
2022,plan,2022년도 성과계획서_고용노동부-201-249.pdf,2,202,194,7,True,TEXT,
2022,plan,2022년도 성과계획서_고용노동부-201-249.pdf,3,203,195,7,True,TEXT,
2022,plan,2022년도 성과계획서_고용노동부-201-249.pdf,4,204,196,39,True,TEXT,
2022,plan,2022년도 성과계획서_고용노동부-201-249.pdf,5,205,197,7,True,TEXT,
2022,plan,2022년도 성과계획서_고용노동부-201-249.pdf,6,206,198,7,True,TEXT,
2022,plan,2022년도 성과계획서_고용노동부-201-249.pdf,7,207,199,7,True,TEXT,
2022,plan,2022년도 성과계획서_고용노동부-201-249.pdf,8,208,200,814,False,TEXT,
2022,plan,2022년도 성과계획서_고용노동부-201-249.pdf,9,209,201,1009,False,TEXT,
2022,plan,2022년도 성과계획서_고용노동부-201-249.pdf,10,210,202,960,False,TEXT,
2022,plan,2022년도 성과계획서_고용노동부-201-249.pdf,11,211,203,1061,False,TEXT,
2022,plan,2022년도 성과계획서_고용노동부-201-249.pdf,12,212,204,1234,False,TEXT,
2022,plan,2022년도 성과계획서_고용노동부-201-249.pdf,13,213,205,1225,False,TEXT,
2022,plan,2022년도 성과계획서_고용노동부-201-249.pdf,14,214,206,1234,False,TEXT,
2022,plan,2022년도 성과계획서_고용노동부-201-249.pdf,15,215,207,1246,False,TEXT,
2022,plan,2022년도 성과계획서_고용노동부-201-249.pdf,16,216,208,268,False,TEXT,
2022,plan,2022년도 성과계획서_고용노동부-201-249.pdf,17,217,209,333,False,TEXT,
2022,plan,2022년도 성과계획서_고용노동부-201-249.pdf,18,218,210,753,False,TEXT,
2022,plan,2022년도 성과계획서_고용노동부-201-249.pdf,19,219,211,936,False,TEXT,
2022,plan,2022년도 성과계획서_고용노동부-201-249.pdf,20,220,212,941,False,TEXT,
2022,plan,2022년도 성과계획서_고용노동부-201-249.pdf,21,221,213,1062,False,TEXT,
2022,plan,2022년도 성과계획서_고용노동부-201-249.pdf,22,222,214,814,False,TEXT,
2022,plan,2022년도 성과계획서_고용노동부-201-249.pdf,23,223,215,1067,False,TEXT,
2022,plan,2022년도 성과계획서_고용노동부-201-249.pdf,24,224,216,984,False,TEXT,
2022,plan,2022년도 성과계획서_고용노동부-201-249.pdf,25,225,217,944,False,TEXT,
2022,plan,2022년도 성과계획서_고용노동부-201-249.pdf,26,226,218,1038,False,TEXT,
2022,plan,2022년도 성과계획서_고용노동부-201-249.pdf,27,227,219,1151,False,TEXT,
2022,plan,2022년도 성과계획서_고용노동부-201-249.pdf,28,228,220,402,False,TEXT,
2022,plan,2022년도 성과계획서_고용노동부-201-249.pdf,29,229,221,1048,False,TEXT,
2022,plan,2022년도 성과계획서_고용노동부-201-249.pdf,30,230,222,233,False,TEXT,
2022,plan,2022년도 성과계획서_고용노동부-201-249.pdf,31,231,223,1023,False,TEXT,
2022,plan,2022년도 성과계획서_고용노동부-201-249.pdf,32,232,224,738,False,TEXT,
2022,plan,2022년도 성과계획서_고용노동부-201-249.pdf,33,233,225,299,False,TEXT,
2022,plan,2022년도 성과계획서_고용노동부-201-249.pdf,34,234,226,428,False,TEXT,
2022,plan,2022년도 성과계획서_고용노동부-201-249.pdf,35,235,227,337,False,TEXT,
2022,plan,2022년도 성과계획서_고용노동부-201-249.pdf,36,236,228,335,False,TEXT,
2022,plan,2022년도 성과계획서_고용노동부-201-249.pdf,37,237,229,43,True,TEXT,
2022,plan,2022년도 성과계획서_고용노동부-201-249.pdf,38,238,230,30,True,TEXT,
2022,plan,2022년도 성과계획서_고용노동부-201-249.pdf,39,239,231,7,True,TEXT,
2022,plan,2022년도 성과계획서_고용노동부-201-249.pdf,40,240,232,7,True,TEXT,
2022,plan,2022년도 성과계획서_고용노동부-201-249.pdf,41,241,233,9,True,TEXT,
2022,plan,2022년도 성과계획서_고용노동부-201-249.pdf,42,242,234,7,True,TEXT,
2022,plan,2022년도 성과계획서_고용노동부-201-249.pdf,43,243,235,7,True,TEXT,
2022,plan,2022년도 성과계획서_고용노동부-201-249.pdf,44,244,236,7,True,TEXT,
2022,plan,2022년도 성과계획서_고용노동부-201-249.pdf,45,245,237,7,True,TEXT,
2022,plan,2022년도 성과계획서_고용노동부-201-249.pdf,46,246,238,7,True,TEXT,
2022,plan,2022년도 성과계획서_고용노동부-201-249.pdf,47,247,239,25,True,TEXT,
2022,plan,2022년도 성과계획서_고용노동부-201-249.pdf,48,248,240,7,True,TEXT,
2022,plan,2022년도 성과계획서_고용노동부-201-249.pdf,49,249,241,7,True,TEXT,
2022,report,2022년도 성과보고서_고용노동부-174-222.pdf,1,174,172,1111,False,TEXT,
2022,report,2022년도 성과보고서_고용노동부-174-222.pdf,2,175,297,640,False,TEXT,
2022,report,2022년도 성과보고서_고용노동부-174-222.pdf,3,176,,587,False,TEXT,
2022,report,2022년도 성과보고서_고용노동부-174-222.pdf,4,177,,755,False,TEXT,
2022,report,2022년도 성과보고서_고용노동부-174-222.pdf,5,178,,916,False,TEXT,
2022,report,2022년도 성과보고서_고용노동부-174-222.pdf,6,179,,783,False,TEXT,
2022,report,2022년도 성과보고서_고용노동부-174-222.pdf,7,180,,791,False,TEXT,
2022,report,2022년도 성과보고서_고용노동부-174-222.pdf,8,181,,944,False,TEXT,
2022,report,2022년도 성과보고서_고용노동부-174-222.pdf,9,182,,893,False,TEXT,
2022,report,2022년도 성과보고서_고용노동부-174-222.pdf,10,183,,837,False,TEXT,
2022,report,2022년도 성과보고서_고용노동부-174-222.pdf,11,184,,903,False,TEXT,
2022,report,2022년도 성과보고서_고용노동부-174-222.pdf,12,185,,621,False,TEXT,
2022,report,2022년도 성과보고서_고용노동부-174-222.pdf,13,186,,1069,False,TEXT,
2022,report,2022년도 성과보고서_고용노동부-174-222.pdf,14,187,,1189,False,TEXT,
2022,report,2022년도 성과보고서_고용노동부-174-222.pdf,15,188,,1173,False,TEXT,
2022,report,2022년도 성과보고서_고용노동부-174-222.pdf,16,189,,1132,False,TEXT,
2022,report,2022년도 성과보고서_고용노동부-174-222.pdf,17,190,,897,False,TEXT,
2022,report,2022년도 성과보고서_고용노동부-174-222.pdf,18,191,1,1278,False,TEXT,
2022,report,2022년도 성과보고서_고용노동부-174-222.pdf,19,192,1,1539,False,TEXT,
2022,report,2022년도 성과보고서_고용노동부-174-222.pdf,20,193,1,1574,False,TEXT,
2022,report,2022년도 성과보고서_고용노동부-174-222.pdf,21,194,1,1744,False,TEXT,
2022,report,2022년도 성과보고서_고용노동부-174-222.pdf,22,195,,1727,False,TEXT,
2022,report,2022년도 성과보고서_고용노동부-174-222.pdf,23,196,,1825,False,TEXT,
2022,report,2022년도 성과보고서_고용노동부-174-222.pdf,24,197,,1466,False,TEXT,
2022,report,2022년도 성과보고서_고용노동부-174-222.pdf,25,198,2,1377,False,TEXT,
2022,report,2022년도 성과보고서_고용노동부-174-222.pdf,26,199,1,768,False,TEXT,
2022,report,2022년도 성과보고서_고용노동부-174-222.pdf,27,200,1,1349,False,TEXT,
2022,report,2022년도 성과보고서_고용노동부-174-222.pdf,28,201,2,1648,False,TEXT,
2022,report,2022년도 성과보고서_고용노동부-174-222.pdf,29,202,2,1334,False,TEXT,
2022,report,2022년도 성과보고서_고용노동부-174-222.pdf,30,203,2,1263,False,TEXT,
2022,report,2022년도 성과보고서_고용노동부-174-222.pdf,31,204,1,1414,False,TEXT,
2022,report,2022년도 성과보고서_고용노동부-174-222.pdf,32,205,1,1641,False,TEXT,
2022,report,2022년도 성과보고서_고용노동부-174-222.pdf,33,206,,1654,False,TEXT,
2022,report,2022년도 성과보고서_고용노동부-174-222.pdf,34,207,,858,False,TEXT,
2022,report,2022년도 성과보고서_고용노동부-174-222.pdf,35,208,3,1323,False,TEXT,
2022,report,2022년도 성과보고서_고용노동부-174-222.pdf,36,209,3,1593,False,TEXT,
2022,report,2022년도 성과보고서_고용노동부-174-222.pdf,37,210,1,1007,False,TEXT,
2022,report,2022년도 성과보고서_고용노동부-174-222.pdf,38,211,,619,False,TEXT,
2022,report,2022년도 성과보고서_고용노동부-174-222.pdf,39,212,,1034,False,TEXT,
2022,report,2022년도 성과보고서_고용노동부-174-222.pdf,40,213,,1005,False,TEXT,
2022,report,2022년도 성과보고서_고용노동부-174-222.pdf,41,214,,983,False,TEXT,
2022,report,2022년도 성과보고서_고용노동부-174-222.pdf,42,215,,749,False,TEXT,
2022,report,2022년도 성과보고서_고용노동부-174-222.pdf,43,216,11,872,False,TEXT,
2022,report,2022년도 성과보고서_고용노동부-174-222.pdf,44,217,,1181,False,TEXT,
2022,report,2022년도 성과보고서_고용노동부-174-222.pdf,45,218,,457,False,TEXT,
2022,report,2022년도 성과보고서_고용노동부-174-222.pdf,46,219,,1136,False,TEXT,
2022,report,2022년도 성과보고서_고용노동부-174-222.pdf,47,220,,1358,False,TEXT,
2022,report,2022년도 성과보고서_고용노동부-174-222.pdf,48,221,,1242,False,TEXT,
2022,report,2022년도 성과보고서_고용노동부-174-222.pdf,49,222,,691,False,TEXT,
2023,plan,2023년도 성과계획서_고용노동부-211-255.pdf,1,211,203,643,False,TEXT,
2023,plan,2023년도 성과계획서_고용노동부-211-255.pdf,2,212,204,1026,False,TEXT,
2023,plan,2023년도 성과계획서_고용노동부-211-255.pdf,3,213,205,426,False,TEXT,
2023,plan,2023년도 성과계획서_고용노동부-211-255.pdf,4,214,206,1027,False,TEXT,
2023,plan,2023년도 성과계획서_고용노동부-211-255.pdf,5,215,207,1005,False,TEXT,
2023,plan,2023년도 성과계획서_고용노동부-211-255.pdf,6,216,208,1061,False,TEXT,
2023,plan,2023년도 성과계획서_고용노동부-211-255.pdf,7,217,209,824,False,TEXT,
2023,plan,2023년도 성과계획서_고용노동부-211-255.pdf,8,218,210,333,False,TEXT,
2023,plan,2023년도 성과계획서_고용노동부-211-255.pdf,9,219,211,987,False,TEXT,
2023,plan,2023년도 성과계획서_고용노동부-211-255.pdf,10,220,212,958,False,TEXT,
2023,plan,2023년도 성과계획서_고용노동부-211-255.pdf,11,221,213,974,False,TEXT,
2023,plan,2023년도 성과계획서_고용노동부-211-255.pdf,12,222,214,1098,False,TEXT,
2023,plan,2023년도 성과계획서_고용노동부-211-255.pdf,13,223,215,1212,False,TEXT,
2023,plan,2023년도 성과계획서_고용노동부-211-255.pdf,14,224,216,1232,False,TEXT,
2023,plan,2023년도 성과계획서_고용노동부-211-255.pdf,15,225,217,1226,False,TEXT,
2023,plan,2023년도 성과계획서_고용노동부-211-255.pdf,16,226,218,648,False,TEXT,
2023,plan,2023년도 성과계획서_고용노동부-211-255.pdf,17,227,219,333,False,TEXT,
2023,plan,2023년도 성과계획서_고용노동부-211-255.pdf,18,228,220,813,False,TEXT,
2023,plan,2023년도 성과계획서_고용노동부-211-255.pdf,19,229,221,1002,False,TEXT,
2023,plan,2023년도 성과계획서_고용노동부-211-255.pdf,20,230,222,987,False,TEXT,
2023,plan,2023년도 성과계획서_고용노동부-211-255.pdf,21,231,223,798,False,TEXT,
2023,plan,2023년도 성과계획서_고용노동부-211-255.pdf,22,232,224,813,False,TEXT,
2023,plan,2023년도 성과계획서_고용노동부-211-255.pdf,23,233,225,892,False,TEXT,
2023,plan,2023년도 성과계획서_고용노동부-211-255.pdf,24,234,226,957,False,TEXT,
2023,plan,2023년도 성과계획서_고용노동부-211-255.pdf,25,235,227,1018,False,TEXT,
2023,plan,2023년도 성과계획서_고용노동부-211-255.pdf,26,236,228,1070,False,TEXT,
2023,plan,2023년도 성과계획서_고용노동부-211-255.pdf,27,237,229,1104,False,TEXT,
2023,plan,2023년도 성과계획서_고용노동부-211-255.pdf,28,238,230,1052,False,TEXT,
2023,plan,2023년도 성과계획서_고용노동부-211-255.pdf,29,239,231,150,False,TEXT,
2023,plan,2023년도 성과계획서_고용노동부-211-255.pdf,30,240,232,952,False,TEXT,
2023,plan,2023년도 성과계획서_고용노동부-211-255.pdf,31,241,233,826,False,TEXT,
2023,plan,2023년도 성과계획서_고용노동부-211-255.pdf,32,242,234,299,False,TEXT,
2023,plan,2023년도 성과계획서_고용노동부-211-255.pdf,33,243,235,468,False,TEXT,
2023,plan,2023년도 성과계획서_고용노동부-211-255.pdf,34,244,236,339,False,TEXT,
2023,plan,2023년도 성과계획서_고용노동부-211-255.pdf,35,245,237,157,False,TEXT,
2023,plan,2023년도 성과계획서_고용노동부-211-255.pdf,36,246,238,783,False,TEXT,
2023,plan,2023년도 성과계획서_고용노동부-211-255.pdf,37,247,239,928,False,TEXT,
2023,plan,2023년도 성과계획서_고용노동부-211-255.pdf,38,248,240,893,False,TEXT,
2023,plan,2023년도 성과계획서_고용노동부-211-255.pdf,39,249,241,940,False,TEXT,
2023,plan,2023년도 성과계획서_고용노동부-211-255.pdf,40,250,242,977,False,TEXT,
2023,plan,2023년도 성과계획서_고용노동부-211-255.pdf,41,251,243,835,False,TEXT,
2023,plan,2023년도 성과계획서_고용노동부-211-255.pdf,42,252,244,1042,False,TEXT,
2023,plan,2023년도 성과계획서_고용노동부-211-255.pdf,43,253,245,944,False,TEXT,
2023,plan,2023년도 성과계획서_고용노동부-211-255.pdf,44,254,246,812,False,TEXT,
2023,plan,2023년도 성과계획서_고용노동부-211-255.pdf,45,255,247,852,False,TEXT,
2023,report,2023년도 성과보고서_고용노동부-181-237.pdf,1,181,49,874,False,TEXT,
2023,report,2023년도 성과보고서_고용노동부-181-237.pdf,2,182,584,991,False,TEXT,
2023,report,2023년도 성과보고서_고용노동부-181-237.pdf,3,183,,575,False,TEXT,
2023,report,2023년도 성과보고서_고용노동부-181-237.pdf,4,184,,797,False,TEXT,
2023,report,2023년도 성과보고서_고용노동부-181-237.pdf,5,185,,904,False,TEXT,
2023,report,2023년도 성과보고서_고용노동부-181-237.pdf,6,186,,803,False,TEXT,
2023,report,2023년도 성과보고서_고용노동부-181-237.pdf,7,187,,826,False,TEXT,
2023,report,2023년도 성과보고서_고용노동부-181-237.pdf,8,188,,823,False,TEXT,
2023,report,2023년도 성과보고서_고용노동부-181-237.pdf,9,189,,1045,False,TEXT,
2023,report,2023년도 성과보고서_고용노동부-181-237.pdf,10,190,,691,False,TEXT,
2023,report,2023년도 성과보고서_고용노동부-181-237.pdf,11,191,,745,False,TEXT,
2023,report,2023년도 성과보고서_고용노동부-181-237.pdf,12,192,,454,False,TEXT,
2023,report,2023년도 성과보고서_고용노동부-181-237.pdf,13,193,,1044,False,TEXT,
2023,report,2023년도 성과보고서_고용노동부-181-237.pdf,14,194,,1208,False,TEXT,
2023,report,2023년도 성과보고서_고용노동부-181-237.pdf,15,195,,1178,False,TEXT,
2023,report,2023년도 성과보고서_고용노동부-181-237.pdf,16,196,,1118,False,TEXT,
2023,report,2023년도 성과보고서_고용노동부-181-237.pdf,17,197,,546,False,TEXT,
2023,report,2023년도 성과보고서_고용노동부-181-237.pdf,18,198,1,1278,False,TEXT,
2023,report,2023년도 성과보고서_고용노동부-181-237.pdf,19,199,1,1522,False,TEXT,
2023,report,2023년도 성과보고서_고용노동부-181-237.pdf,20,200,2,1637,False,TEXT,
2023,report,2023년도 성과보고서_고용노동부-181-237.pdf,21,201,,1750,False,TEXT,
2023,report,2023년도 성과보고서_고용노동부-181-237.pdf,22,202,,1793,False,TEXT,
2023,report,2023년도 성과보고서_고용노동부-181-237.pdf,23,203,,1654,False,TEXT,
2023,report,2023년도 성과보고서_고용노동부-181-237.pdf,24,204,,172,False,TEXT,
2023,report,2023년도 성과보고서_고용노동부-181-237.pdf,25,205,2,393,False,TEXT,
2023,report,2023년도 성과보고서_고용노동부-181-237.pdf,26,206,1,940,False,TEXT,
2023,report,2023년도 성과보고서_고용노동부-181-237.pdf,27,207,1,584,False,TEXT,
2023,report,2023년도 성과보고서_고용노동부-181-237.pdf,28,208,,301,False,TEXT,
2023,report,2023년도 성과보고서_고용노동부-181-237.pdf,29,209,1,538,False,TEXT,
2023,report,2023년도 성과보고서_고용노동부-181-237.pdf,30,210,1,1405,False,TEXT,
2023,report,2023년도 성과보고서_고용노동부-181-237.pdf,31,211,2,1661,False,TEXT,
2023,report,2023년도 성과보고서_고용노동부-181-237.pdf,32,212,,384,False,TEXT,
2023,report,2023년도 성과보고서_고용노동부-181-237.pdf,33,213,2,1449,False,TEXT,
2023,report,2023년도 성과보고서_고용노동부-181-237.pdf,34,214,,702,False,TEXT,
2023,report,2023년도 성과보고서_고용노동부-181-237.pdf,35,215,1,1542,False,TEXT,
2023,report,2023년도 성과보고서_고용노동부-181-237.pdf,36,216,1,1631,False,TEXT,
2023,report,2023년도 성과보고서_고용노동부-181-237.pdf,37,217,,1689,False,TEXT,
2023,report,2023년도 성과보고서_고용노동부-181-237.pdf,38,218,,335,False,TEXT,
2023,report,2023년도 성과보고서_고용노동부-181-237.pdf,39,219,3,1336,False,TEXT,
2023,report,2023년도 성과보고서_고용노동부-181-237.pdf,40,220,3,1560,False,TEXT,
2023,report,2023년도 성과보고서_고용노동부-181-237.pdf,41,221,,702,False,TEXT,
2023,report,2023년도 성과보고서_고용노동부-181-237.pdf,42,222,1,345,False,TEXT,
2023,report,2023년도 성과보고서_고용노동부-181-237.pdf,43,223,,816,False,TEXT,
2023,report,2023년도 성과보고서_고용노동부-181-237.pdf,44,224,,1157,False,TEXT,
2023,report,2023년도 성과보고서_고용노동부-181-237.pdf,45,225,,1088,False,TEXT,
2023,report,2023년도 성과보고서_고용노동부-181-237.pdf,46,226,,1096,False,TEXT,
2023,report,2023년도 성과보고서_고용노동부-181-237.pdf,47,227,,923,False,TEXT,
2023,report,2023년도 성과보고서_고용노동부-181-237.pdf,48,228,,1113,False,TEXT,
2023,report,2023년도 성과보고서_고용노동부-181-237.pdf,49,229,126,1190,False,TEXT,
2023,report,2023년도 성과보고서_고용노동부-181-237.pdf,50,230,,1038,False,TEXT,
2023,report,2023년도 성과보고서_고용노동부-181-237.pdf,51,231,,1032,False,TEXT,
2023,report,2023년도 성과보고서_고용노동부-181-237.pdf,52,232,,342,False,TEXT,
2023,report,2023년도 성과보고서_고용노동부-181-237.pdf,53,233,,1134,False,TEXT,
2023,report,2023년도 성과보고서_고용노동부-181-237.pdf,54,234,,1279,False,TEXT,
2023,report,2023년도 성과보고서_고용노동부-181-237.pdf,55,235,,1000,False,TEXT,
2023,report,2023년도 성과보고서_고용노동부-181-237.pdf,56,236,,1045,False,TEXT,
2023,report,2023년도 성과보고서_고용노동부-181-237.pdf,57,237,,358,False,TEXT,
2024,plan,2024년도 성과계획서_고용노동부-218-259.pdf,1,218,210,678,False,TEXT,
2024,plan,2024년도 성과계획서_고용노동부-218-259.pdf,2,219,211,563,False,TEXT,
2024,plan,2024년도 성과계획서_고용노동부-218-259.pdf,3,220,212,1049,False,TEXT,
2024,plan,2024년도 성과계획서_고용노동부-218-259.pdf,4,221,213,1051,False,TEXT,
2024,plan,2024년도 성과계획서_고용노동부-218-259.pdf,5,222,214,1127,False,TEXT,
2024,plan,2024년도 성과계획서_고용노동부-218-259.pdf,6,223,215,1019,False,TEXT,
2024,plan,2024년도 성과계획서_고용노동부-218-259.pdf,7,224,216,987,False,TEXT,
2024,plan,2024년도 성과계획서_고용노동부-218-259.pdf,8,225,217,896,False,TEXT,
2024,plan,2024년도 성과계획서_고용노동부-218-259.pdf,9,226,218,1064,False,TEXT,
2024,plan,2024년도 성과계획서_고용노동부-218-259.pdf,10,227,219,1163,False,TEXT,
2024,plan,2024년도 성과계획서_고용노동부-218-259.pdf,11,228,220,1157,False,TEXT,
2024,plan,2024년도 성과계획서_고용노동부-218-259.pdf,12,229,221,1156,False,TEXT,
2024,plan,2024년도 성과계획서_고용노동부-218-259.pdf,13,230,222,1030,False,TEXT,
2024,plan,2024년도 성과계획서_고용노동부-218-259.pdf,14,231,223,322,False,TEXT,
2024,plan,2024년도 성과계획서_고용노동부-218-259.pdf,15,232,224,799,False,TEXT,
2024,plan,2024년도 성과계획서_고용노동부-218-259.pdf,16,233,225,505,False,TEXT,
2024,plan,2024년도 성과계획서_고용노동부-218-259.pdf,17,234,226,930,False,TEXT,
2024,plan,2024년도 성과계획서_고용노동부-218-259.pdf,18,235,227,987,False,TEXT,
2024,plan,2024년도 성과계획서_고용노동부-218-259.pdf,19,236,228,784,False,TEXT,
2024,plan,2024년도 성과계획서_고용노동부-218-259.pdf,20,237,229,810,False,TEXT,
2024,plan,2024년도 성과계획서_고용노동부-218-259.pdf,21,238,230,807,False,TEXT,
2024,plan,2024년도 성과계획서_고용노동부-218-259.pdf,22,239,231,875,False,TEXT,
2024,plan,2024년도 성과계획서_고용노동부-218-259.pdf,23,240,232,1038,False,TEXT,
2024,plan,2024년도 성과계획서_고용노동부-218-259.pdf,24,241,233,1090,False,TEXT,
2024,plan,2024년도 성과계획서_고용노동부-218-259.pdf,25,242,234,589,False,TEXT,
2024,plan,2024년도 성과계획서_고용노동부-218-259.pdf,26,243,235,1104,False,TEXT,
2024,plan,2024년도 성과계획서_고용노동부-218-259.pdf,27,244,236,980,False,TEXT,
2024,plan,2024년도 성과계획서_고용노동부-218-259.pdf,28,245,237,1037,False,TEXT,
2024,plan,2024년도 성과계획서_고용노동부-218-259.pdf,29,246,238,287,False,TEXT,
2024,plan,2024년도 성과계획서_고용노동부-218-259.pdf,30,247,239,517,False,TEXT,
2024,plan,2024년도 성과계획서_고용노동부-218-259.pdf,31,248,240,146,False,TEXT,
2024,plan,2024년도 성과계획서_고용노동부-218-259.pdf,32,249,241,1011,False,TEXT,
2024,plan,2024년도 성과계획서_고용노동부-218-259.pdf,33,250,242,1070,False,TEXT,
2024,plan,2024년도 성과계획서_고용노동부-218-259.pdf,34,251,243,867,False,TEXT,
2024,plan,2024년도 성과계획서_고용노동부-218-259.pdf,35,252,244,912,False,TEXT,
2024,plan,2024년도 성과계획서_고용노동부-218-259.pdf,36,253,245,820,False,TEXT,
2024,plan,2024년도 성과계획서_고용노동부-218-259.pdf,37,254,246,965,False,TEXT,
2024,plan,2024년도 성과계획서_고용노동부-218-259.pdf,38,255,247,813,False,TEXT,
2024,plan,2024년도 성과계획서_고용노동부-218-259.pdf,39,256,248,568,False,TEXT,
2024,plan,2024년도 성과계획서_고용노동부-218-259.pdf,40,257,249,651,False,TEXT,
2024,plan,2024년도 성과계획서_고용노동부-218-259.pdf,41,258,250,707,False,TEXT,
2024,plan,2024년도 성과계획서_고용노동부-218-259.pdf,42,259,251,177,False,TEXT,
2024,report,2024년도 성과보고서_고용노동부-162-209.pdf,1,162,94,1181,False,TEXT,
2024,report,2024년도 성과보고서_고용노동부-162-209.pdf,2,163,458,651,False,TEXT,
2024,report,2024년도 성과보고서_고용노동부-162-209.pdf,3,164,,575,False,TEXT,
2024,report,2024년도 성과보고서_고용노동부-162-209.pdf,4,165,,598,False,TEXT,
2024,report,2024년도 성과보고서_고용노동부-162-209.pdf,5,166,,1222,False,TEXT,
2024,report,2024년도 성과보고서_고용노동부-162-209.pdf,6,167,,715,False,TEXT,
2024,report,2024년도 성과보고서_고용노동부-162-209.pdf,7,168,,1049,False,TEXT,
2024,report,2024년도 성과보고서_고용노동부-162-209.pdf,8,169,,1223,False,TEXT,
2024,report,2024년도 성과보고서_고용노동부-162-209.pdf,9,170,,1131,False,TEXT,
2024,report,2024년도 성과보고서_고용노동부-162-209.pdf,10,171,,1171,False,TEXT,
2024,report,2024년도 성과보고서_고용노동부-162-209.pdf,11,172,,442,False,TEXT,
2024,report,2024년도 성과보고서_고용노동부-162-209.pdf,12,173,1,1328,False,TEXT,
2024,report,2024년도 성과보고서_고용노동부-162-209.pdf,13,174,1,1506,False,TEXT,
2024,report,2024년도 성과보고서_고용노동부-162-209.pdf,14,175,2,1573,False,TEXT,
2024,report,2024년도 성과보고서_고용노동부-162-209.pdf,15,176,3,1728,False,TEXT,
2024,report,2024년도 성과보고서_고용노동부-162-209.pdf,16,177,,1762,False,TEXT,
2024,report,2024년도 성과보고서_고용노동부-162-209.pdf,17,178,,1720,False,TEXT,
2024,report,2024년도 성과보고서_고용노동부-162-209.pdf,18,179,,172,False,TEXT,
2024,report,2024년도 성과보고서_고용노동부-162-209.pdf,19,180,2,393,False,TEXT,
2024,report,2024년도 성과보고서_고용노동부-162-209.pdf,20,181,1,929,False,TEXT,
2024,report,2024년도 성과보고서_고용노동부-162-209.pdf,21,182,1,584,False,TEXT,
2024,report,2024년도 성과보고서_고용노동부-162-209.pdf,22,183,,302,False,TEXT,
2024,report,2024년도 성과보고서_고용노동부-162-209.pdf,23,184,1,548,False,TEXT,
2024,report,2024년도 성과보고서_고용노동부-162-209.pdf,24,185,1,1382,False,TEXT,
2024,report,2024년도 성과보고서_고용노동부-162-209.pdf,25,186,2,1642,False,TEXT,
2024,report,2024년도 성과보고서_고용노동부-162-209.pdf,26,187,,385,False,TEXT,
2024,report,2024년도 성과보고서_고용노동부-162-209.pdf,27,188,2,1442,False,TEXT,
2024,report,2024년도 성과보고서_고용노동부-162-209.pdf,28,189,,698,False,TEXT,
2024,report,2024년도 성과보고서_고용노동부-162-209.pdf,29,190,1,1483,False,TEXT,
2024,report,2024년도 성과보고서_고용노동부-162-209.pdf,30,191,1,1617,False,TEXT,
2024,report,2024년도 성과보고서_고용노동부-162-209.pdf,31,192,,1581,False,TEXT,
2024,report,2024년도 성과보고서_고용노동부-162-209.pdf,32,193,,456,False,TEXT,
2024,report,2024년도 성과보고서_고용노동부-162-209.pdf,33,194,3,1331,False,TEXT,
2024,report,2024년도 성과보고서_고용노동부-162-209.pdf,34,195,3,1560,False,TEXT,
2024,report,2024년도 성과보고서_고용노동부-162-209.pdf,35,196,3,877,False,TEXT,
2024,report,2024년도 성과보고서_고용노동부-162-209.pdf,36,197,,336,False,TEXT,
2024,report,2024년도 성과보고서_고용노동부-162-209.pdf,37,198,,931,False,TEXT,
2024,report,2024년도 성과보고서_고용노동부-162-209.pdf,38,199,,1182,False,TEXT,
2024,report,2024년도 성과보고서_고용노동부-162-209.pdf,39,200,,288,False,TEXT,
2024,report,2024년도 성과보고서_고용노동부-162-209.pdf,40,201,51,1013,False,TEXT,
2024,report,2024년도 성과보고서_고용노동부-162-209.pdf,41,202,100,1092,False,TEXT,
2024,report,2024년도 성과보고서_고용노동부-162-209.pdf,42,203,0,968,False,TEXT,
2024,report,2024년도 성과보고서_고용노동부-162-209.pdf,43,204,93,891,False,TEXT,
2024,report,2024년도 성과보고서_고용노동부-162-209.pdf,44,205,,756,False,TEXT,
2024,report,2024년도 성과보고서_고용노동부-162-209.pdf,45,206,,1163,False,TEXT,
2024,report,2024년도 성과보고서_고용노동부-162-209.pdf,46,207,,915,False,TEXT,
2024,report,2024년도 성과보고서_고용노동부-162-209.pdf,47,208,,985,False,TEXT,
2024,report,2024년도 성과보고서_고용노동부-162-209.pdf,48,209,,777,False,TEXT,
