source_indicator_id,ministry_code,ministry_name,fiscal_year,strategic_goal_number,program_goal_number,source_program_code,performance_program_name,manual_indicator_name_plan,manual_indicator_name_report,manual_indicator_unit,manual_indicator_direction_raw,manual_planned_target_raw,manual_actual_value_raw,manual_official_achievement_rate_raw,pdf_plan_program_name,pdf_plan_indicator_name,pdf_plan_unit,pdf_plan_direction_raw,pdf_plan_target_raw,documented_change_target_before_raw,documented_change_target_after_raw,documented_change_reason_raw,documented_change_source_file,documented_change_split_pdf_page,documented_change_source_pdf_page,documented_change_printed_page,documented_change_ocr_conflict,documented_change_report_conflict,pdf_report_program_goal_number,pdf_report_program_name,pdf_report_value_years_raw,pdf_report_indicator_name,pdf_report_unit,pdf_report_target_raw,pdf_report_actual_raw,pdf_report_official_achievement_rate_raw,planned_target_numeric_manual,planned_target_numeric_pdf,report_target_numeric_pdf,actual_value_numeric_manual,actual_value_numeric_pdf,official_achievement_rate_numeric_manual,official_achievement_rate_numeric_pdf,computed_achievement_rate,plan_target_change_abs,plan_target_change_pct,report_target_change_abs,report_target_change_pct,report_actual_change_abs,report_actual_change_pct,report_achievement_rate_change_abs_pp,plan_vs_report_target_change_abs,plan_vs_report_target_change_pct,plan_name_match_status,plan_target_match_status,report_name_match_status,report_target_match_status,report_actual_match_status,report_achievement_rate_match_status,page_evidence_status,ocr_status,overall_reconciliation_status,review_reason,review_instruction,reviewer,review_status,review_note,review_confirmed_at,plan_source_file,plan_split_pdf_page,plan_source_pdf_page,plan_printed_page,plan_source_text,report_source_file,report_split_pdf_page,report_source_pdf_page,report_printed_page,report_source_text,source_trace
중기부-2024-I1-01,102,중소벤처기업부,2024,Ⅰ,Ⅰ-1,,중소기업성장안정지원,혁신바우처 지원업체 매출액 증가율,혁신바우처 지원업체 매출액 증가율,%,상향66:57,4.1,4.1,100,,혁신바우처 지원업체 매출액 증가율,,,4.1,4.1,4.1,"원스톱기업애로종합지원 사업 증액(+2,861백만원), 중소기업조사연구평가 사업 증액(+518백만원)",2024년도 성과보고서_중소벤처기업부-159-208.pdf,32,190,,False,False,,,2017|2020|2021|2022|2023|2024,혁신바우처 지원업체 매출액 증가율,,,,,4.1,4.1,,4.1,,100.0,,,0.0,0.0,,,,,,,,EXACT_MATCH,EXACT_MATCH,EXACT_MATCH,PDF_MISSING_MANUAL_PRESENT,PDF_MISSING_MANUAL_PRESENT,PDF_MISSING_MANUAL_PRESENT,EXACT_MATCH,NOT_APPLICABLE,PDF_MISSING_MANUAL_PRESENT,DIRECTION_PARSE_REVIEW;TARGET_CHANGE_REASON_DOCUMENTED_IN_별첨6,[보고서] 2024년도 성과보고서_중소벤처기업부.pdf 30쪽(원본 30쪽) / [별첨6 변경표] 2024년도 성과보고서_중소벤처기업부-159-208.pdf 32쪽(원본 190쪽),"프로젝트팀(원문 이미지 육안검토, 에이전트 화면 공유로 확인)",CONFIRMED,"2024년도 성과보고서_중소벤처기업부-159-208.pdf 4쪽(별첨3 세부현황)을 렌더링해 육안 확인한 결과 ①혁신바우처 지원업체 매출액 증가율 '24년 목표 4.1, 실적 4.1, 달성률 100.0%로 인쇄되어 있어 수기입력값(목표 4.1, 실적 4.1)과 정확히 일치합니다. 자동추출이 이 행의 실적을 못 찾아 PDF_MISSING_MANUAL_PRESENT로 표시됐을 뿐이며, 수기값이 원문과 일치하므로 수기값을 그대로 유지합니다.",2026-07-28,2024년도 성과계획서_중소벤처기업부-188-226.pdf,1,188,180.0,중소기업육성지원 ①혁신바우처 지원업체 매출액 증가율 1.0 일반 재정 4.1(%) 정량 결과 프로그램목표Ⅰ-2. 맞춤형 지원을 통해 지역중소기업의 경쟁력을 제고한다. 지역중소기업육성 ①지역산업육성R&D사업 사업화매출 0.7 R&D,2024년도 성과보고서_중소벤처기업부.pdf,30.0,30.0,,"지원업체 
매출액 증가율
(%)
혁신바우처 수혜기업의 지원 전후 
매출액 향상 정도를 측정
목표
3.77
3.9
4.0
4.1
실적
3.8
4.1
4.1
4.1
달성률(%)
100.8
105.1
102.5
100.0",plan:별첨1;plan_method:TEXT;report_method:FULL_TEXT
중기부-2024-I2-01,102,중소벤처기업부,2024,Ⅰ,Ⅰ-2,,지역중소기업육성,지역산업육성사업 사업화 매출효과,지역산업육성R&D사업 사업화매출,억원(국비10억원당),상향,4.24,6.12,144.3,,지역산업육성R&D사업 사업화매출,,,4.24,4.24,4.24,"지역특화산업육성+(R&D) 사업 증액(+5,937백만원), 지역특화산업육성+(세종)(R& D) 사업 증액(+218백만원), 지역특화산업육성+(제주)(R& D) 사업 증액(+741백만원), 포스트규제자유특구연계(R&D ) 사업 증액(+368백만원),",2024년도 성과보고서_중소벤처기업부-159-208.pdf,32,190,,False,False,I-2,지역중소기업육성,2022|2023|2024,지역산업육성R&D사업 사업화매출,,4.24,6.12,144.3%,4.24,4.24,4.24,6.12,6.12,144.3,144.3,144.33962264150944,0.0,0.0,0.0,0.0,0.0,0.0,0.0,0.0,0.0,MATCH_AFTER_CHANGE,EXACT_MATCH,EXACT_MATCH,EXACT_MATCH,EXACT_MATCH,EXACT_MATCH,EXACT_MATCH,NOT_APPLICABLE,MATCH_AFTER_CHANGE,PLAN_TARGET_FROM_CHANGE_TABLE_ONLY;TARGET_CHANGE_REASON_DOCUMENTED_IN_별첨6;PLAN_REPORT_NAME_CHANGE_DOCUMENTED_IN_별첨6,[계획서] 2024년도 성과보고서_중소벤처기업부-159-208.pdf 32쪽(원본 190쪽) / [별첨6 변경표] 2024년도 성과보고서_중소벤처기업부-159-208.pdf 32쪽(원본 190쪽),"프로젝트팀(원문 이미지 육안검토, 에이전트 화면 공유로 확인)",CONFIRMED,"이 행은 plan_target_match_status·report_target_match_status·report_actual_match_status·report_achievement_rate_match_status가 이미 전부 EXACT_MATCH이고, overall_reconciliation_status만 별첨6 지표명 변경 확인으로 MATCH_AFTER_CHANGE입니다. 2024년도 성과보고서_중소벤처기업부-159-208.pdf 5쪽에서 ①지역산업육성R&D사업 사업화매출 목표 4.24, 실적 6.12, 달성률 144.3%로 육안 재확인해 수기입력값과 일치함을 확인했습니다. 추가로 채택할 값이 없어 검수만 확정합니다.",2026-07-28,2024년도 성과보고서_중소벤처기업부-159-208.pdf,32,190,,"194,906
지역산업육성R&D사
업 사업화매출
0.7
지역산업육성R&D사
업 사업화매출
0.7
4.24
4.24
R&D
지역특화산업육성+(R&D) 
사업 증액(+5,937백만원), 
지역특화산업육성+(세종)(R&
D) 사업 증액(+218백만원), 
지역특화산업육성+(제주)(R&",2024년도 성과보고서_중소벤처기업부-159-208.pdf,5.0,163.0,,"사업 
사업화매출 
( 억원( 국비1 0 억원
당))
RnD
결과
수혜기업의 
사업
화매출액
ㅇ산식 : ∑(AxB)/ 
C
- A: 성과조사 대상
과제에서 발생한 당
해연도 사업화매출
- B: 수혜기업이 제
출한 사업의 기여
율
- C: 성과조사 대
상과제에 
투입
된 
정부출연금 
합계
목표
-
-
4.24
실적
-
신규
6.12
달성률
-
100.0% 144.3%",plan:별첨6만;plan_method:TEXT;report_method:TEXT
중기부-2024-I2-02,102,중소벤처기업부,2024,Ⅰ,Ⅰ-2,,지역중소기업육성,규제자유특구 혁신사업육성 사업화 성공률,규제자유특구 혁신사업육성 사업화 성공률,%,상향,50.4,70.7,137.3,,규제자유특구 혁신사업육성 사업화 성공률,,,50.4,50.4,51.5,목표치 설정근거인 ‘중소기업 R&D 사업화 성공률’의 최근 실적 반영에 따른 목표치 상항 조정,2024년도 성과보고서_중소벤처기업부-159-208.pdf,32,190,,False,False,I-2,지역중소기업육성,2022|2023|2024,규제자유특구 혁신사업육성 사업화 성공률,,51.5,70.7,137.3%,50.4,50.4,51.5,70.7,70.7,137.3,137.3,137.28155339805826,0.0,0.0,1.1000000000000014,2.1825396825396854,0.0,0.0,0.0,1.1000000000000014,2.1825396825396854,EXACT_MATCH,EXACT_MATCH,EXACT_MATCH,MATCH_AFTER_CHANGE,EXACT_MATCH,EXACT_MATCH,EXACT_MATCH,NOT_APPLICABLE,MATCH_AFTER_CHANGE,TARGET_CHANGE_REASON_DOCUMENTED_IN_별첨6;REPORT_TARGET_CHANGE_CONFIRMED_BY_별첨6,[보고서] 2024년도 성과보고서_중소벤처기업부-159-208.pdf 5쪽(원본 163쪽) / [별첨6 변경표] 2024년도 성과보고서_중소벤처기업부-159-208.pdf 32쪽(원본 190쪽),"프로젝트팀(원문 이미지 육안검토, 에이전트 화면 공유로 확인)",CONFIRMED,"2024년도 성과계획서_중소벤처기업부-188-226.pdf 1쪽(별첨1 세부현황)의 ②규제자유특구 혁신사업육성 사업화 성공률 목표치가 '50.4(%)'로 인쇄되어 있어 수기입력값(50.4)과 일치합니다. 이 행이 VALUE_MISMATCH로 분류된 것은 plan_target이 아니라 report_target_match_status 때문입니다: 2024년도 성과보고서_중소벤처기업부-159-208.pdf 5쪽 성과달성도 표의 '목표' 칸에는 개정 목표치 '51.5'가 실려 있고, 별첨6 변경사항표에 변경전 50.4(%)→변경후 51.5, 수정사유 '목표치 설정근거인 '중소기업 R&D 사업화 성공률'의 최근 실적 반영에 따른 목표치 상향 조정'로 명확히 문서화돼 있습니다. 즉 계획서 원문 목표치(수기값)와 보고서 개정 목표치는 각자 문서상 정확하며, 이는 오류가 아니라 MATCH_AFTER_CHANGE 성격의 목표치 사후 조정입니다. 보고서 실적/달성률은 자동매칭이 이미 EXACT_MATCH로 확인한 값이라 추가 채택이 필요 없습니다.",2026-07-28,2024년도 성과계획서_중소벤처기업부-188-226.pdf,1,188,180.0,②규제자유특구 혁신사 업육성 사업화 성공률 0.3 일반 재정 50.4(%) 정량 결과 전략목표Ⅱ. 금융지원 및 해외 판로지원을 통해 중소기업의 안정적 성장을 도모한다. 프로그램목표Ⅱ-1. 중소기업의 안정적 성장기반 마련을 위해 자금을 원활히 공급한다. 중소기업성장안정지원,2024년도 성과보고서_중소벤처기업부-159-208.pdf,5.0,163.0,,"사업화 
성공률 (%)
일반재
정
결과
중소기업 R&D 지
원사업 
수행기업 
중 제품을 양산 
또는 판매 중인 
기업 비중
ㅇ산식: 
(∑R&D 
제품․서비스 
양
산 또는 판매중
인  과제수/∑사
업화대상 
과제
수)×100 
 -사업화대상 
과
제수 :전년도까
지 
연구개발이 
종료된 
연구개
발과제수 
목표
-
-
51.5
실적
-
신규
70.7
달성률
-
100.0% 137.3%",plan:별첨1;plan_method:TEXT;report_method:TEXT
중기부-2024-II1-01,102,중소벤처기업부,2024,Ⅱ,Ⅱ-1,,중소기업성장안정지원,정책자금 수혜 중소기업 매출액 증가율,자금공급 수혜 중소기업 매출액 증가율,%,상향,8.97,10.83,120.7,,자금공급 수혜 중소기업 매출액 증가율,,,8.97,8.97,8.97,"정책자금지원성과향상 사업 증액(+1,000백만원), 신성장기반자금(융자) 사업 감액(△50,000백만원), 비은행권 소상공인자영업자 금융비용 지원 사업 증액(+300,000백만원)",2024년도 성과보고서_중소벤처기업부-159-208.pdf,33,191,,False,False,II-1,중소기업성장안정지원,2022|2023|2024,자금공급 수혜 중소기업 매출액 증가율,,8.97,10.83,120.7%,8.97,8.97,8.97,10.83,10.83,120.7,120.7,120.73578595317724,0.0,0.0,0.0,0.0,0.0,0.0,0.0,0.0,0.0,MATCH_AFTER_CHANGE,EXACT_MATCH,EXACT_MATCH,EXACT_MATCH,EXACT_MATCH,EXACT_MATCH,EXACT_MATCH,NOT_APPLICABLE,MATCH_AFTER_CHANGE,PLAN_TARGET_FROM_CHANGE_TABLE_ONLY;TARGET_CHANGE_REASON_DOCUMENTED_IN_별첨6;PLAN_REPORT_NAME_CHANGE_DOCUMENTED_IN_별첨6,[계획서] 2024년도 성과보고서_중소벤처기업부-159-208.pdf 33쪽(원본 191쪽) / [별첨6 변경표] 2024년도 성과보고서_중소벤처기업부-159-208.pdf 33쪽(원본 191쪽),"프로젝트팀(원문 이미지 육안검토, 에이전트 화면 공유로 확인)",CONFIRMED,"이 행은 plan_target_match_status·report_target_match_status·report_actual_match_status·report_achievement_rate_match_status가 이미 전부 EXACT_MATCH이고, overall_reconciliation_status만 별첨6 지표명 변경 확인으로 MATCH_AFTER_CHANGE입니다. 2024년도 성과보고서_중소벤처기업부-159-208.pdf 5쪽에서 ①자금공급 수혜 중소기업 매출액 증가율 목표 8.97, 실적 10.83, 달성률 120.7%로 육안 재확인해 수기입력값과 일치함을 확인했습니다. 추가로 채택할 값이 없어 검수만 확정합니다.",2026-07-28,2024년도 성과보고서_중소벤처기업부-159-208.pdf,33,191,,"2,252,576 2,503,576
자금공급 수혜 
중소기업 매출액 
증가율
0.5
자금공급 수혜 
중소기업 매출액 
증가율
0.5
8.97
8.97
일반
재정
정책자금지원성과향상 사업 
증액(+1,000백만원), 
신성장기반자금(융자) 사업 
감액(△50,000백만원), 
비은행권 소상공인자영업자 ",2024년도 성과보고서_중소벤처기업부-159-208.pdf,5.0,163.0,,"소기업 매출액 증가
율 (%)
일반재
정
결과
[ (∑ 정책자금 수
혜기업 
지원년도 
매출액 - ∑ 동일
기업 
지원전년도 
매출액) / ∑ 동일기
업 지원전년도 매
출액 ] × 100
목표
8.13
8.54
8.97
실적
8.28
10.74
10.83
달성률
101.8% 125.8% 120.7%",plan:별첨6만;plan_method:TEXT;report_method:TEXT
중기부-2024-II1-02,102,중소벤처기업부,2024,Ⅱ,Ⅱ-1,,중소기업성장안정지원,중소기업 보증공급,중소기업 보증공급,조원,상향,126.5,117.1,114.2,,중소기업 보증공급,,,126.5,126.5,102.5,당초 보증기관 목표치 합계 단순 오기 정정,2024년도 성과보고서_중소벤처기업부-159-208.pdf,33,191,,False,False,II-1,중소기업성장안정지원,2022|2023|2024,중소기업 보증공급,,102.5,117.1,114.2%,126.5,126.5,102.5,117.1,117.1,114.2,114.2,114.24390243902438,0.0,0.0,-24.0,-18.972332015810274,0.0,0.0,0.0,-24.0,-18.972332015810274,EXACT_MATCH,EXACT_MATCH,EXACT_MATCH,MATCH_AFTER_CHANGE,EXACT_MATCH,EXACT_MATCH,EXACT_MATCH,NOT_APPLICABLE,MATCH_AFTER_CHANGE,TARGET_CHANGE_REASON_DOCUMENTED_IN_별첨6;REPORT_TARGET_CHANGE_CONFIRMED_BY_별첨6,[보고서] 2024년도 성과보고서_중소벤처기업부-159-208.pdf 5쪽(원본 163쪽) / [별첨6 변경표] 2024년도 성과보고서_중소벤처기업부-159-208.pdf 33쪽(원본 191쪽),"프로젝트팀(원문 이미지 육안검토, 에이전트 화면 공유로 확인)",CONFIRMED,"2024년도 성과계획서_중소벤처기업부-188-226.pdf 1쪽(별첨1 세부현황)의 ②중소기업 보증공급 목표치가 '126.5(조원)'로 인쇄되어 있어 수기입력값(126.5)과 일치합니다. 이 행이 VALUE_MISMATCH로 분류된 것은 plan_target이 아니라 report_target_match_status 때문입니다: 2024년도 성과보고서_중소벤처기업부-159-208.pdf 5쪽 성과달성도 표의 '목표' 칸에는 개정 목표치 '102.5'가 실려 있고, 별첨6 변경사항표에 변경전 126.5(조원)→변경후 102.5, 수정사유 '당초 보증기관 목표치 합계 단순 오기 정정'로 명확히 문서화돼 있습니다. 즉 계획서 원문 목표치(수기값)와 보고서 개정 목표치는 각자 문서상 정확하며, 이는 오류가 아니라 MATCH_AFTER_CHANGE 성격의 목표치 사후 조정입니다. 보고서 실적/달성률은 자동매칭이 이미 EXACT_MATCH로 확인한 값이라 추가 채택이 필요 없습니다. 이 건은 실적 기반 조정이 아니라 계획서 원문 자체의 합산 오기를 사후에 바로잡은 사례입니다.",2026-07-28,2024년도 성과계획서_중소벤처기업부-188-226.pdf,1,188,180.0,②중소기업 보증공급 0.5 일반 재정 126.5 (조원) 정량 산출 프로그램목표Ⅱ-2. 중소기업의 글로벌 진출과 해외 판로 확보를 통해 성장을 도모한다.,2024년도 성과보고서_중소벤처기업부-159-208.pdf,5.0,163.0,,"보증공
급 (조원)
일반재
정
산출
기술보증기금 기술
보증, 신용보증기금 
일반보증 및 지역신
용보증재단 전체 보
증공급액
목표
99.7
100.5
102.5
실적
112.2
113.9
117.1
달성률
112.5% 113.3% 114.2%",plan:별첨1;plan_method:TEXT;report_method:TEXT
중기부-2024-II2-01,102,중소벤처기업부,2024,Ⅱ,Ⅱ-2,,중소기업수출촉진지원,수출지원 기업 수출액 증가율,수출지원 기업 수출액 증가율,%,상향,3.2,16.9,433.3,,수출지원 기업 수출액 증가율,,,3.2,3.2,3.9,‘24년 성과계획서 기재부 1차 검토 이후 ’24년 목표치 상향(3.2%→3.9%),2024년도 성과보고서_중소벤처기업부-159-208.pdf,33,191,,False,False,II-2,중소기업수출촉진지원,2022|2023|2024,수출지원 기업 수출액 증가율,,3.9,16.9,433.3%,3.2,3.2,3.9,16.9,16.9,433.3,433.3,433.3333333333333,0.0,0.0,0.6999999999999997,21.874999999999993,0.0,0.0,0.0,0.6999999999999997,21.874999999999993,EXACT_MATCH,EXACT_MATCH,EXACT_MATCH,MATCH_AFTER_CHANGE,EXACT_MATCH,EXACT_MATCH,EXACT_MATCH,NOT_APPLICABLE,MATCH_AFTER_CHANGE,TARGET_CHANGE_REASON_DOCUMENTED_IN_별첨6;REPORT_TARGET_CHANGE_CONFIRMED_BY_별첨6,[보고서] 2024년도 성과보고서_중소벤처기업부-159-208.pdf 6쪽(원본 164쪽) / [별첨6 변경표] 2024년도 성과보고서_중소벤처기업부-159-208.pdf 33쪽(원본 191쪽),"프로젝트팀(원문 이미지 육안검토, 에이전트 화면 공유로 확인)",CONFIRMED,"2024년도 성과계획서_중소벤처기업부-188-226.pdf 2쪽(별첨1 세부현황)의 ①수출지원 기업 수출액 증가율 목표치가 '3.2(%)'로 인쇄되어 있어 수기입력값(3.2)과 일치합니다. 이 행이 VALUE_MISMATCH로 분류된 것은 plan_target이 아니라 report_target_match_status 때문입니다: 2024년도 성과보고서_중소벤처기업부-159-208.pdf 6쪽 성과달성도 표의 '목표' 칸에는 개정 목표치 '3.9'가 실려 있고, 별첨6 변경사항표에 변경전 3.2(%)→변경후 3.9, 수정사유 ''24년 성과계획서 기재부 1차 검토 이후 '24년 목표치 상향(3.2%→3.9%)'로 명확히 문서화돼 있습니다. 즉 계획서 원문 목표치(수기값)와 보고서 개정 목표치는 각자 문서상 정확하며, 이는 오류가 아니라 MATCH_AFTER_CHANGE 성격의 목표치 사후 조정입니다. 보고서 실적/달성률은 자동매칭이 이미 EXACT_MATCH로 확인한 값이라 추가 채택이 필요 없습니다.",2026-07-28,2024년도 성과계획서_중소벤처기업부-188-226.pdf,2,189,181.0,중소기업수출촉진지원 ①수출지원 기업 수출액 증가율 1.0 일반 재정 3.2(%) 정량 결과 전략목표Ⅲ. 창업 촉진 및 벤처육성을 통해 양질의 일자리를 창출한다. 프로그램목표Ⅲ-1. 혁신경제 구현을 통해 건강한 창업생태계를 조성한다. 창업환경조성 ①기술기반업종 창업기업,2024년도 성과보고서_중소벤처기업부-159-208.pdf,6.0,164.0,,"①수출지원 기업 수
출액 증가율 (%)
일반재
정
결과
[(∑지원기업의 수출
액 - ∑동일기업 지
원전년도 수출액)/∑
동일기업 전년도 수
출액]×100
목표
8.2
4.2
3.9
실적
4.0
8.01
16.9
달성률
48.8%
190.7% 433.3%",plan:별첨1;plan_method:TEXT;report_method:TEXT
중기부-2024-III1-01,102,중소벤처기업부,2024,Ⅲ,Ⅲ-1,,창업환경조성,기술기반업종 창업기업 수,기술기반업종 창업기업 수,개,상향,231820,214917,92.2,,기술기반업종 창업기업 수,,,231820.0,"231,820","233,033","창업저변확대 사업 증액(+4,500백만원), 중소벤처기업 구조혁신 지원 R&D(R&D) 사업 증액(+1,000백만원), 혁신창업사업화자금(융자) 사업 감액(△138,000백만원), 그린창업생태계기반구축 사업",2024년도 성과보고서_중소벤처기업부-159-208.pdf,33,191,,False,False,III-1,창업환경조성,2022|2023|2024,기술기반업종 창업기업 수,,"233,033","214,917",92.2%,231820.0,231820.0,233033.0,214917.0,214917.0,92.2,92.2,92.2259937433754,0.0,0.0,1213.0,0.5232507980329566,0.0,0.0,0.0,1213.0,0.5232507980329566,EXACT_MATCH,EXACT_MATCH,EXACT_MATCH,MATCH_AFTER_CHANGE,EXACT_MATCH,EXACT_MATCH,EXACT_MATCH,NOT_APPLICABLE,MATCH_AFTER_CHANGE,TARGET_CHANGE_REASON_DOCUMENTED_IN_별첨6;REPORT_TARGET_CHANGE_CONFIRMED_BY_별첨6,[보고서] 2024년도 성과보고서_중소벤처기업부-159-208.pdf 6쪽(원본 164쪽) / [별첨6 변경표] 2024년도 성과보고서_중소벤처기업부-159-208.pdf 33쪽(원본 191쪽),"프로젝트팀(원문 이미지 육안검토, 에이전트 화면 공유로 확인)",CONFIRMED,"2024년도 성과계획서_중소벤처기업부-188-226.pdf 2쪽(별첨1 세부현황)의 ①기술기반업종 창업기업 수 목표치가 '231,820(개)'로 인쇄되어 있어 수기입력값(231820)과 일치합니다. 이 행이 VALUE_MISMATCH로 분류된 것은 plan_target이 아니라 report_target_match_status 때문입니다: 2024년도 성과보고서_중소벤처기업부-159-208.pdf 6쪽 성과달성도 표의 '목표' 칸에는 개정 목표치 '233,033'가 실려 있고, 별첨6 변경사항표에 변경전 231,820(개)→변경후 233,033, 수정사유 '창업저변확대 사업 증액(+4,500백만원) 등 관련 사업 예산변동 반영'로 명확히 문서화돼 있습니다. 즉 계획서 원문 목표치(수기값)와 보고서 개정 목표치는 각자 문서상 정확하며, 이는 오류가 아니라 MATCH_AFTER_CHANGE 성격의 목표치 사후 조정입니다. 보고서 실적/달성률은 자동매칭이 이미 EXACT_MATCH로 확인한 값이라 추가 채택이 필요 없습니다.",2026-07-28,2024년도 성과계획서_중소벤처기업부-188-226.pdf,2,189,181.0,"창업환경조성 ①기술기반업종 창업기업 수 1.0 일반 재정 231,820 (개) 정량 결과 프로그램목표Ⅲ-2. 투자 지원 및 인프라 확충을 통한 벤처기업의 스케일업 생태계를 구축한다. 벤처기업활성화지원 ①벤처기업 고용증가율 1.0 일반 재정 1.8(%) 정성 투입",2024년도 성과보고서_중소벤처기업부-159-208.pdf,6.0,164.0,,"창
업기업 수 (개)
일반재
정
결과
중기부에서 
매달 
발표하는 
창업기
업 동향에 근거하
여 '24년 기술기
반업종의 
창업기
업 수를 측정
목표
-
신규
233,033
실적
229,416 221,436 214,917
달성률
-
-
92.2%",plan:별첨1;plan_method:TEXT;report_method:TEXT
중기부-2024-III1-02,102,중소벤처기업부,2024,Ⅲ,Ⅲ-2,,벤처기업활성화지원,벤처기업 고용증가율,벤처기업 고용증가율,%,상향,1.8,,,,벤처기업 고용증가율,,,1.8,1.8,4.09,"벤처기업경쟁력강화 사업 증액(+1,120백만원)",2024년도 성과보고서_중소벤처기업부-159-208.pdf,33,191,,False,False,III-2,벤처기업활성화지원,2022|2023|2024,벤처기업 고용증가율,,4.09,15.6,381.4%,1.8,1.8,4.09,,15.6,,381.4,381.41809290953546,0.0,0.0,2.29,127.22222222222221,,,,2.29,127.22222222222221,EXACT_MATCH,EXACT_MATCH,EXACT_MATCH,MATCH_AFTER_CHANGE,MANUAL_MISSING_PDF_PRESENT,MANUAL_MISSING_PDF_PRESENT,EXACT_MATCH,NOT_APPLICABLE,MANUAL_MISSING_PDF_PRESENT,TARGET_CHANGE_REASON_DOCUMENTED_IN_별첨6;REPORT_TARGET_CHANGE_CONFIRMED_BY_별첨6,[보고서] 2024년도 성과보고서_중소벤처기업부-159-208.pdf 6쪽(원본 164쪽) / [별첨6 변경표] 2024년도 성과보고서_중소벤처기업부-159-208.pdf 33쪽(원본 191쪽),"프로젝트팀(원문 이미지 육안검토, 에이전트 화면 공유로 확인)",CONFIRMED,"2024년도 성과계획서_중소벤처기업부-188-226.pdf 2쪽(별첨1 세부현황)의 ①벤처기업 고용증가율 목표치가 '1.8(%)'로 인쇄되어 있어 수기입력값(1.8)과 일치합니다. 이 행이 VALUE_MISMATCH로 분류된 것은 plan_target이 아니라 report_target_match_status 때문입니다: 2024년도 성과보고서_중소벤처기업부-159-208.pdf 6쪽 성과달성도 표의 '목표' 칸에는 개정 목표치 '4.09'가 실려 있고, 별첨6 변경사항표에 변경전 1.8(%)→변경후 4.09, 수정사유 '벤처기업경쟁력강화 사업 증액(+1,120백만원)'로 명확히 문서화돼 있습니다. 즉 계획서 원문 목표치(수기값)와 보고서 개정 목표치는 각자 문서상 정확하며, 이는 오류가 아니라 MATCH_AFTER_CHANGE 성격의 목표치 사후 조정입니다. 이 행의 실적/달성률은 수기입력에는 비어 있었으나(MANUAL_MISSING_PDF_PRESENT), 같은 보고서 페이지에서 실적 15.6, 달성률 381.4%로 육안 확인해 자동추출값을 그대로 채택합니다.",2026-07-28,2024년도 성과계획서_중소벤처기업부-188-226.pdf,2,189,181.0,벤처기업활성화지원 ①벤처기업 고용증가율 1.0 일반 재정 1.8(%) 정성 투입 프로그램목표Ⅲ-3. 원활한 보증공급을 통해 기술중소기업의 성장을 촉진한다. 기술금융지원 ①신규보증지원기업과 일반중소기업의 매출증 가율 차이 (%p),2024년도 성과보고서_중소벤처기업부-159-208.pdf,6.0,164.0,,"고용증
가율 (%)
일반재
정
투입
(당해 벤처기업 
총고용-전년 
벤처기업 
총고용)/전년 
벤처기업 
총고용*100
목표
신규
신규
4.09
실적
-1.96
10.57
15.6
달성률
-
-
381.4%",plan:별첨1;plan_method:TEXT;report_method:TEXT
중기부-2024-IIII1-02,102,중소벤처기업부,2024,Ⅳ,Ⅳ-2,,중소기업인력지원,인력양성사업 대상자 취업률,인력양성사업 대상자 취업률,%,상향,75.5,,,,인력양성사업 대상자 취업률,,,75.5,75.5,76.0,"마이스터고육성 사업 증액(+1,153백만원), 연수사업 증액(+300백만원)",2024년도 성과보고서_중소벤처기업부-159-208.pdf,34,192,,False,False,IV-2,중소기업인력지원,2022|2023|2024,인력양성사업 대상자 취업률,,76.0,79.3,104.3%,75.5,75.5,76.0,,79.3,,104.3,104.34210526315788,0.0,0.0,0.5,0.6622516556291391,,,,0.5,0.6622516556291391,EXACT_MATCH,EXACT_MATCH,EXACT_MATCH,MATCH_AFTER_CHANGE,MANUAL_MISSING_PDF_PRESENT,MANUAL_MISSING_PDF_PRESENT,EXACT_MATCH,NOT_APPLICABLE,MANUAL_MISSING_PDF_PRESENT,TARGET_CHANGE_REASON_DOCUMENTED_IN_별첨6;REPORT_TARGET_CHANGE_CONFIRMED_BY_별첨6,[보고서] 2024년도 성과보고서_중소벤처기업부-159-208.pdf 6쪽(원본 164쪽) / [별첨6 변경표] 2024년도 성과보고서_중소벤처기업부-159-208.pdf 34쪽(원본 192쪽),"프로젝트팀(원문 이미지 육안검토, 에이전트 화면 공유로 확인)",CONFIRMED,"2024년도 성과계획서_중소벤처기업부-188-226.pdf 2쪽(별첨1 세부현황)의 ①인력양성사업 대상자 취업률 목표치가 '75.5(%)'로 인쇄되어 있어 수기입력값(75.5)과 일치합니다. 이 행이 VALUE_MISMATCH로 분류된 것은 plan_target이 아니라 report_target_match_status 때문입니다: 2024년도 성과보고서_중소벤처기업부-159-208.pdf 6쪽 성과달성도 표의 '목표' 칸에는 개정 목표치 '76.0'가 실려 있고, 별첨6 변경사항표에 변경전 75.5(%)→변경후 76.0, 수정사유 '마이스터고육성 사업 증액(+1,153백만원), 연수사업 증액(+300백만원)'로 명확히 문서화돼 있습니다. 즉 계획서 원문 목표치(수기값)와 보고서 개정 목표치는 각자 문서상 정확하며, 이는 오류가 아니라 MATCH_AFTER_CHANGE 성격의 목표치 사후 조정입니다. 이 행의 실적/달성률은 수기입력에는 비어 있었으나(MANUAL_MISSING_PDF_PRESENT), 같은 보고서 페이지에서 실적 79.3, 달성률 104.3%로 육안 확인해 자동추출값을 그대로 채택합니다.",2026-07-28,2024년도 성과계획서_중소벤처기업부-188-226.pdf,2,189,181.0,중소기업인력지원 ①인력양성사업 대상자 취업률 1.0 일반 재정 75.5(%) 정량 결과 전략목표Ⅴ. 소상공인육성 및 동반성장 문화 확산으로 자생적 생태계를 조성한다. 프로그램목표Ⅴ-1. 소상공인 및 전통시장 지원을 통해 자생력을 제고한다. 소상공인·전통시장지원 ①정책수혜소상공인,2024년도 성과보고서_중소벤처기업부-159-208.pdf,6.0,164.0,,"대
상자 취업률 (%)
일반재
정
결과
ㅇ 측정산식 : 인력
양성사업 대상자 취
업률(%) = 취업자수/
취업대상자수* 
× 
목표
68.7
68.8
76.0
실적
63.6
65.9
79.3
달성률
92.6%
95.8%
104.3%",plan:별첨1;plan_method:TEXT;report_method:TEXT
중기부-2024-IIIII1-02,102,중소벤처기업부,2024,Ⅴ,Ⅴ-2,,동반성장지원,동반성장 협약체결 건수,동반성장 협약체결 건수,건,상향,282,,,,동반성장 협약체결 건수,,,282.0,282,285,'23년 실적치 확정에 따른 목표치 상향 조정,2024년도 성과보고서_중소벤처기업부-159-208.pdf,34,192,,False,False,V-2,동반성장지원,2022|2023|2024,동반성장 협약체결 건수,,285,316,110.9%,282.0,282.0,285.0,,316.0,,110.9,110.87719298245614,0.0,0.0,3.0,1.0638297872340425,,,,3.0,1.0638297872340425,EXACT_MATCH,EXACT_MATCH,EXACT_MATCH,MATCH_AFTER_CHANGE,MANUAL_MISSING_PDF_PRESENT,MANUAL_MISSING_PDF_PRESENT,EXACT_MATCH,NOT_APPLICABLE,MANUAL_MISSING_PDF_PRESENT,TARGET_CHANGE_REASON_DOCUMENTED_IN_별첨6;REPORT_TARGET_CHANGE_CONFIRMED_BY_별첨6,[보고서] 2024년도 성과보고서_중소벤처기업부-159-208.pdf 7쪽(원본 165쪽) / [별첨6 변경표] 2024년도 성과보고서_중소벤처기업부-159-208.pdf 34쪽(원본 192쪽),"프로젝트팀(원문 이미지 육안검토, 에이전트 화면 공유로 확인)",CONFIRMED,"2024년도 성과계획서_중소벤처기업부-188-226.pdf 2쪽(별첨1 세부현황)의 ①동반성장 협약체결 건수 목표치가 '282(건)'로 인쇄되어 있어 수기입력값(282)과 일치합니다. 이 행이 VALUE_MISMATCH로 분류된 것은 plan_target이 아니라 report_target_match_status 때문입니다: 2024년도 성과보고서_중소벤처기업부-159-208.pdf 7쪽 성과달성도 표의 '목표' 칸에는 개정 목표치 '285'가 실려 있고, 별첨6 변경사항표에 변경전 282(건)→변경후 285, 수정사유 ''23년 실적치 확정에 따른 목표치 상향 조정'로 명확히 문서화돼 있습니다. 즉 계획서 원문 목표치(수기값)와 보고서 개정 목표치는 각자 문서상 정확하며, 이는 오류가 아니라 MATCH_AFTER_CHANGE 성격의 목표치 사후 조정입니다. 이 행의 실적/달성률은 수기입력에는 비어 있었으나(MANUAL_MISSING_PDF_PRESENT), 같은 보고서 페이지에서 실적 316, 달성률 110.9%로 육안 확인해 자동추출값을 그대로 채택합니다.",2026-07-28,2024년도 성과계획서_중소벤처기업부-188-226.pdf,2,189,181.0,동반성장지원 ①동반성장 협약체결 건수 1.0 일반 재정 282(건) 정량 결과,2024년도 성과보고서_중소벤처기업부-159-208.pdf,7.0,165.0,,"협약체
결 건수 (건)
일반재
정
결과
동반성장 
상생협약
체결 
건수(누계) 
= 
전년도 누적 체결건
수 + 당해연도 체결
건수(순증)
목표
신규
246
285
실적
211
259
316
달성률
-
105.3% 110.9%",plan:별첨1;plan_method:TEXT;report_method:TEXT
중기부-2023-I1-01,102,중소벤처기업부,2023,Ⅰ,Ⅰ-1,,중소기업육성지원,중소기업지원사업 만족도,중소기업지원사업 만족도,점,상향,75,,,,중소기업지원사업 만족도,,,75.0,75.0,75.8,'22년 실적치가 '23년 목표치를 상회하여 ‘23년에는 전년 대비 1% 상승한 75.8점으로 설정,2023년도 성과보고서_중소벤처기업부-179-226.pdf,34,212,,False,False,I-1,중소기업육성지원,2021|2022|2023,중소기업지원사업 만족도,,75.8,69.9,92.2%,75.0,75.0,75.8,,69.9,,92.2,92.21635883905014,0.0,0.0,0.7999999999999972,1.0666666666666629,,,,0.7999999999999972,1.0666666666666629,EXACT_MATCH,EXACT_MATCH,EXACT_MATCH,MATCH_AFTER_CHANGE,MANUAL_MISSING_PDF_PRESENT,MANUAL_MISSING_PDF_PRESENT,EXACT_MATCH,NOT_APPLICABLE,MANUAL_MISSING_PDF_PRESENT,TARGET_CHANGE_REASON_DOCUMENTED_IN_별첨6;REPORT_TARGET_CHANGE_CONFIRMED_BY_별첨6,[보고서] 2023년도 성과보고서_중소벤처기업부-179-226.pdf 4쪽(원본 182쪽) / [별첨6 변경표] 2023년도 성과보고서_중소벤처기업부-179-226.pdf 34쪽(원본 212쪽),"프로젝트팀(원문 이미지 육안검토, 에이전트 화면 공유로 확인)",CONFIRMED,"2023년도 성과계획서_중소벤처기업부-184-224.pdf 1쪽(별첨1 세부현황)의 ①중소기업지원사업 만족도 목표치가 '75.0(점)'로 인쇄되어 있어 수기입력값(75)과 일치합니다. 이 행이 VALUE_MISMATCH로 분류된 것은 plan_target이 아니라 report_target_match_status 때문입니다: 2023년도 성과보고서_중소벤처기업부-179-226.pdf 4쪽 성과달성도 표의 '목표' 칸에는 개정 목표치 '75.8'가 실려 있고, 별첨6 변경사항표에 변경전 75.0(점)→변경후 75.8, 수정사유 ''22년 실적치가 '23년 목표치를 상회하여 '23년에는 전년 대비 1% 상승한 75.8점으로 설정'로 명확히 문서화돼 있습니다. 즉 계획서 원문 목표치(수기값)와 보고서 개정 목표치는 각자 문서상 정확하며, 이는 오류가 아니라 MATCH_AFTER_CHANGE 성격의 목표치 사후 조정입니다. 이 행의 실적/달성률은 수기입력에는 비어 있었으나(MANUAL_MISSING_PDF_PRESENT), 같은 보고서 페이지에서 실적 69.9, 달성률 92.2%로 육안 확인해 자동추출값을 그대로 채택합니다.",2026-07-28,2023년도 성과계획서_중소벤처기업부-184-224.pdf,1,184,176.0,중소기업지원사업 만 ① 족도 0.4 일반 재정 점 75.0( ) 정성 결과 혁신바우처 지원업체 ② 매출액 증가율 0.4 일반 재정 4.0(%) 정량 결과 마케팅지원사업 참여 ③ 기업의 판매증가율 0.2 일반 재정 2.05(%) 정량 결과 프로그램목표 맞춤형 지원을 통해 지역중소기업의 경쟁력을 제고한다 -2. Ⅰ,2023년도 성과보고서_중소벤처기업부-179-226.pdf,4.0,182.0,,"①중소기업지원 
사업 만족도 (점)
결과
중소기업 
지원사업 만족도 
조사(5점 척도) 
후 100점 
만점으로 환산
목표
84.2
72.1
75.8
실적
81.0
75.5
69.9
달성률
96.2%
104.7%
92.2%",plan:별첨1;plan_method:TEXT;report_method:TEXT
중기부-2023-I1-03,102,중소벤처기업부,2023,Ⅰ,Ⅰ-1,,중소기업육성지원,마케팅지원사업 참여기업의 판매증가율,마케팅지원사업 참여기업의 판매증가율,%,상향,2.05,,,,마케팅지원사업 참여기업의 판매증가율,,,2.05,2.05,27.7,‘22년 실적치 고려하여 최근 5년간 평균증가율 반영하여 ’23년 목표 상향조정,2023년도 성과보고서_중소벤처기업부-179-226.pdf,34,212,,False,False,,,2021|2022|2023,마케팅지원사업 참여기업의 판매증가율,,27.7,44.3,159.9%,2.05,2.05,27.7,,44.3,,159.9,159.92779783393502,0.0,0.0,25.65,1251.219512195122,,,,25.65,1251.219512195122,EXACT_MATCH,EXACT_MATCH,EXACT_MATCH,MATCH_AFTER_CHANGE,MANUAL_MISSING_PDF_PRESENT,MANUAL_MISSING_PDF_PRESENT,EXACT_MATCH,NOT_APPLICABLE,MANUAL_MISSING_PDF_PRESENT,TARGET_CHANGE_REASON_DOCUMENTED_IN_별첨6;REPORT_TARGET_CHANGE_CONFIRMED_BY_별첨6,[보고서] 2023년도 성과보고서_중소벤처기업부-179-226.pdf 5쪽(원본 183쪽) / [별첨6 변경표] 2023년도 성과보고서_중소벤처기업부-179-226.pdf 34쪽(원본 212쪽),"프로젝트팀(원문 이미지 육안검토, 에이전트 화면 공유로 확인)",CONFIRMED,"2023년도 성과계획서_중소벤처기업부-184-224.pdf 1쪽(별첨1 세부현황)의 ③마케팅지원사업 참여기업의 판매증가율 목표치가 '2.05(%)'로 인쇄되어 있어 수기입력값(2.05)과 일치합니다. 이 행이 VALUE_MISMATCH로 분류된 것은 plan_target이 아니라 report_target_match_status 때문입니다: 2023년도 성과보고서_중소벤처기업부-179-226.pdf 5쪽 성과달성도 표의 '목표' 칸에는 개정 목표치 '27.7'가 실려 있고, 별첨6 변경사항표에 변경전 2.05(%)→변경후 27.7, 수정사유 ''22년 실적치 고려하여 최근 5년간 평균증가율 반영하여 '23년 목표 상향조정'로 명확히 문서화돼 있습니다. 즉 계획서 원문 목표치(수기값)와 보고서 개정 목표치는 각자 문서상 정확하며, 이는 오류가 아니라 MATCH_AFTER_CHANGE 성격의 목표치 사후 조정입니다. 이 행의 실적/달성률은 수기입력에는 비어 있었으나(MANUAL_MISSING_PDF_PRESENT), 같은 보고서 페이지에서 실적 44.3, 달성률 159.9%로 육안 확인해 자동추출값을 그대로 채택합니다.",2026-07-28,2023년도 성과계획서_중소벤처기업부-184-224.pdf,1,184,176.0,마케팅지원사업 참여 ③ 기업의 판매증가율 0.2 일반 재정 2.05(%) 정량 결과 프로그램목표 맞춤형 지원을 통해 지역중소기업의 경쟁력을 제고한다 -2. Ⅰ 지역중소기업육성 지역기업육성사업 일 ① 자리 창출명국비 억 ( / 10 원당),2023년도 성과보고서_중소벤처기업부-179-226.pdf,5.0,183.0,,"참여기업의 
판매증가율 (%)
결과
참여기업 매출액 
증가율 = 
[(당해연도 
지원기업 
판매액 -  
전년도 
지원기업 
판매액)/ 
전년도 
지원기업 
판매액] X100
목표
신규
1.61
27.7
실적
신규
109.0
44.3
달성률
-
6,770.2%
159.9%",plan:별첨1;plan_method:TEXT;report_method:TEXT
중기부-2023-I2-01,102,중소벤처기업부,2023,Ⅰ,Ⅰ-2,,지역중소기업육성,지역기업육성사업 일자리 창출,지역기업육성사업 일자리 창출,(명/국비10억원당) (명),상향,7.6,,,,지역기업육성사업 일자리 창출,,,7.6,7.6,12.6,‘22년 실적치 고려하여 ’23년 목표 상향조정,2023년도 성과보고서_중소벤처기업부-179-226.pdf,34,212,,False,False,I-2,지역중소기업육성,2021|2022|2023,지역기업육성사업 일자리 창출,,12.6,13.8,109.5%,7.6,7.6,12.6,,13.8,,109.5,109.52380952380953,0.0,0.0,5.0,65.78947368421053,,,,5.0,65.78947368421053,EXACT_MATCH,EXACT_MATCH,EXACT_MATCH,MATCH_AFTER_CHANGE,MANUAL_MISSING_PDF_PRESENT,MANUAL_MISSING_PDF_PRESENT,EXACT_MATCH,NOT_APPLICABLE,MANUAL_MISSING_PDF_PRESENT,TARGET_CHANGE_REASON_DOCUMENTED_IN_별첨6;REPORT_TARGET_CHANGE_CONFIRMED_BY_별첨6,[보고서] 2023년도 성과보고서_중소벤처기업부-179-226.pdf 5쪽(원본 183쪽) / [별첨6 변경표] 2023년도 성과보고서_중소벤처기업부-179-226.pdf 34쪽(원본 212쪽),"프로젝트팀(원문 이미지 육안검토, 에이전트 화면 공유로 확인)",CONFIRMED,"2023년도 성과계획서_중소벤처기업부-184-224.pdf 1쪽(별첨1 세부현황)의 ①지역기업육성사업 일자리 창출 목표치가 '7.6(명/국비10억원당)'로 인쇄되어 있어 수기입력값(7.6)과 일치합니다. 이 행이 VALUE_MISMATCH로 분류된 것은 plan_target이 아니라 report_target_match_status 때문입니다: 2023년도 성과보고서_중소벤처기업부-179-226.pdf 5쪽 성과달성도 표의 '목표' 칸에는 개정 목표치 '12.6'가 실려 있고, 별첨6 변경사항표에 변경전 7.6(명/국비10억원당)→변경후 12.6, 수정사유 ''22년 실적치 고려하여 '23년 목표 상향조정'로 명확히 문서화돼 있습니다. 즉 계획서 원문 목표치(수기값)와 보고서 개정 목표치는 각자 문서상 정확하며, 이는 오류가 아니라 MATCH_AFTER_CHANGE 성격의 목표치 사후 조정입니다. 이 행의 실적/달성률은 수기입력에는 비어 있었으나(MANUAL_MISSING_PDF_PRESENT), 같은 보고서 페이지에서 실적 13.8, 달성률 109.5%로 육안 확인해 자동추출값을 그대로 채택합니다.",2026-07-28,2023년도 성과계획서_중소벤처기업부-184-224.pdf,1,184,176.0,지역기업육성사업 일 ① 자리 창출명국비 억 ( / 10 원당) 0.5 일반 재정 명 7.6( ) 정량 결과 지역산업육성사업 사 ② 업화 매출효과억원 국 ( )/( 비 억원당 10 ) 0.5 일반 재정,2023년도 성과보고서_중소벤처기업부-179-226.pdf,5.0,183.0,,"①지역기업육성 
사업 일자리 창출 
(명/국비10억원당) 
(명)
결과
지역기업육성 
사업일자리창출
ㅇ측정산식:  
∑(AxB)/C
 - A:수혜기업의 
신규고용인원 
(퇴사자 제외)
 - B:수혜기업이 
제출한 
사업기여율 
(0~100%)
 - C:지역기업 
육성사업 
예산합계 
목표
7.2
7.4
12.6
실적
8.8
12.2
13.8
달성률
122.2%
164.9%
109.5%",plan:별첨1;plan_method:TEXT;report_method:TEXT
중기부-2023-I2-02,102,중소벤처기업부,2023,Ⅰ,Ⅰ-2,,지역중소기업육성,지역산업육성사업 사업화 매출효과,지역산업육성사업 사업화 매출효과,"(억원)/
(국비10억원당)
(억원)",상향,11.03,,,,지역산업육성사업 사업화 매출효과,,,11.03,11.03,14.7,‘22년 실적치 고려하여 ’23년 목표 상향조정,2023년도 성과보고서_중소벤처기업부-179-226.pdf,34,212,,False,False,I-2,지역중소기업육성,2021|2022|2023,지역산업육성사업 사업화 매출효과,,14.7,16.8,114.3%,11.03,11.03,14.7,,16.8,,114.3,114.2857142857143,0.0,0.0,3.67,33.27289211242067,,,,3.67,33.27289211242067,EXACT_MATCH,EXACT_MATCH,EXACT_MATCH,MATCH_AFTER_CHANGE,MANUAL_MISSING_PDF_PRESENT,MANUAL_MISSING_PDF_PRESENT,EXACT_MATCH,NOT_APPLICABLE,MANUAL_MISSING_PDF_PRESENT,TARGET_CHANGE_REASON_DOCUMENTED_IN_별첨6;REPORT_TARGET_CHANGE_CONFIRMED_BY_별첨6,[보고서] 2023년도 성과보고서_중소벤처기업부-179-226.pdf 5쪽(원본 183쪽) / [별첨6 변경표] 2023년도 성과보고서_중소벤처기업부-179-226.pdf 34쪽(원본 212쪽),"프로젝트팀(원문 이미지 육안검토, 에이전트 화면 공유로 확인)",CONFIRMED,"2023년도 성과계획서_중소벤처기업부-184-224.pdf 1쪽(별첨1 세부현황)의 ②지역산업육성사업 사업화 매출효과 목표치가 '11.03(억원)'로 인쇄되어 있어 수기입력값(11.03)과 일치합니다. 이 행이 VALUE_MISMATCH로 분류된 것은 plan_target이 아니라 report_target_match_status 때문입니다: 2023년도 성과보고서_중소벤처기업부-179-226.pdf 5쪽 성과달성도 표의 '목표' 칸에는 개정 목표치 '14.7'가 실려 있고, 별첨6 변경사항표에 변경전 11.03(억원)→변경후 14.7, 수정사유 ''22년 실적치 고려하여 '23년 목표 상향조정'로 명확히 문서화돼 있습니다. 즉 계획서 원문 목표치(수기값)와 보고서 개정 목표치는 각자 문서상 정확하며, 이는 오류가 아니라 MATCH_AFTER_CHANGE 성격의 목표치 사후 조정입니다. 이 행의 실적/달성률은 수기입력에는 비어 있었으나(MANUAL_MISSING_PDF_PRESENT), 같은 보고서 페이지에서 실적 16.8, 달성률 114.3%로 육안 확인해 자동추출값을 그대로 채택합니다.",2026-07-28,2023년도 성과계획서_중소벤처기업부-184-224.pdf,1,184,176.0,지역산업육성사업 사 ② 업화 매출효과억원 국 ( )/( 비 억원당 10 ) 0.5 일반 재정 11.03 억원 ( ) 정량 결과 전략목표 금융지원 및 해외 판로지원을 통해 중소기업의 안정적 성장을도모한다 . . Ⅱ,2023년도 성과보고서_중소벤처기업부-179-226.pdf,5.0,183.0,,"사업 사업화 
매출효과(억원)/ 
(국비10억원당) 
(억원)
결과
지역특화산업 
육성사업 
사업화매출액
ㅇ측정산식 : 
∑(AxB)/ C
 - A:수행기관 및 
수혜기업 지원 
제품 
사업화매출액
 - B:수혜기업이 
제출한 
사업기여율 
(0~100%)
 - C:지역기업 
육성사업 
예산합계 
목표
신규
20.0
14.7
실적
신규
14.3
16.8
달성률
-
71.5%
114.3%",plan:별첨1;plan_method:TEXT;report_method:TEXT
중기부-2023-II2-01,102,중소벤처기업부,2023,Ⅱ,Ⅱ-2,,중소기업수출촉진지원,수출지원 기업 수출액 증가율,수출지원 기업 수출액 증가율,%,상향,8.6,,,,수출지원 기업 수출액 증가율,,,8.6,8.6,4.2,최근 5년간 전체 중소기업 수출 증가율인 2.8%보다 약 1.5배 높은 목표(4.2%) 설정,2023년도 성과보고서_중소벤처기업부-179-226.pdf,35,213,,False,False,II-2,중소기업수출촉진지원,2021|2022|2023,수출지원 기업 수출액 증가율,,4.2,8.05,191.7%,8.6,8.6,4.2,,8.05,,191.7,191.66666666666669,0.0,0.0,-4.3999999999999995,-51.16279069767441,,,,-4.3999999999999995,-51.16279069767441,EXACT_MATCH,EXACT_MATCH,EXACT_MATCH,MATCH_AFTER_CHANGE,MANUAL_MISSING_PDF_PRESENT,MANUAL_MISSING_PDF_PRESENT,EXACT_MATCH,NOT_APPLICABLE,MANUAL_MISSING_PDF_PRESENT,TARGET_CHANGE_REASON_DOCUMENTED_IN_별첨6;REPORT_TARGET_CHANGE_CONFIRMED_BY_별첨6,[보고서] 2023년도 성과보고서_중소벤처기업부-179-226.pdf 6쪽(원본 184쪽) / [별첨6 변경표] 2023년도 성과보고서_중소벤처기업부-179-226.pdf 35쪽(원본 213쪽),"프로젝트팀(원문 이미지 육안검토, 에이전트 화면 공유로 확인)",CONFIRMED,"2023년도 성과계획서_중소벤처기업부-184-224.pdf 2쪽(별첨1 세부현황)의 ①수출지원 기업 수출액 증가율 목표치가 '8.6(%)'로 인쇄되어 있어 수기입력값(8.6)과 일치합니다. 이 행이 VALUE_MISMATCH로 분류된 것은 plan_target이 아니라 report_target_match_status 때문입니다: 2023년도 성과보고서_중소벤처기업부-179-226.pdf 6쪽 성과달성도 표의 '목표' 칸에는 개정 목표치 '4.2'가 실려 있고, 별첨6 변경사항표에 변경전 8.6(%)→변경후 4.2, 수정사유 '최근 5년간 전체 중소기업 수출 증가율인 2.8%보다 약 1.5배 높은 목표(4.2%) 설정'로 명확히 문서화돼 있습니다. 즉 계획서 원문 목표치(수기값)와 보고서 개정 목표치는 각자 문서상 정확하며, 이는 오류가 아니라 MATCH_AFTER_CHANGE 성격의 목표치 사후 조정입니다. 이 행의 실적/달성률은 수기입력에는 비어 있었으나(MANUAL_MISSING_PDF_PRESENT), 같은 보고서 페이지에서 실적 8.05, 달성률 191.7%로 육안 확인해 자동추출값을 그대로 채택합니다.",2026-07-28,2023년도 성과계획서_중소벤처기업부-184-224.pdf,2,185,177.0,"수출지원 기업 수출액 ① 증가율 0.6 일반 재정 8.6(%) 정량 결과 신규수출기업수 ② 0.4 일반 재정 개 1,834( ) 정량 결과 전략목표 창업 촉진 및 벤처육성을 통해 양질의 일자리를 창출한다 . . Ⅲ 프로그램목표 혁신경제 구현을 통해 건강한 창업생태계를 조성한다 -1. . Ⅲ",2023년도 성과보고서_중소벤처기업부-179-226.pdf,6.0,184.0,,"①수출지원 기업 
수출액 증가율 
(%)
결과
 [(∑지원기업의 
수출액 - 
∑동일기업 
지원전년도 
수출액)/∑동일기
업 전년도 
수출액]×100
목표
신규
8.2
4.2
실적
22.2
4.0
8.05
달성률
-
48.8%
191.7%",plan:별첨1;plan_method:TEXT;report_method:TEXT
중기부-2023-II2-02,102,중소벤처기업부,2023,Ⅱ,Ⅱ-2,,중소기업수출촉진지원,신규수출기업수,신규수출기업수,개,상향,1834,,,,신규수출기업수,,,1834.0,"1,834","1,605",최근 5년간 전체 중소기업 신규 수출기업 수 증가율인 –3.1%보다 높은 3% 증가율 적용,2023년도 성과보고서_중소벤처기업부-179-226.pdf,35,213,,False,False,II-2,중소기업수출촉진지원,2021|2022|2023,신규수출기업수,,"1,605",1759,109.6%,1834.0,1834.0,1605.0,,1759.0,,109.6,109.59501557632399,0.0,0.0,-229.0,-12.486368593238822,,,,-229.0,-12.486368593238822,EXACT_MATCH,EXACT_MATCH,EXACT_MATCH,MATCH_AFTER_CHANGE,MANUAL_MISSING_PDF_PRESENT,MANUAL_MISSING_PDF_PRESENT,EXACT_MATCH,NOT_APPLICABLE,MANUAL_MISSING_PDF_PRESENT,TARGET_CHANGE_REASON_DOCUMENTED_IN_별첨6;REPORT_TARGET_CHANGE_CONFIRMED_BY_별첨6,[보고서] 2023년도 성과보고서_중소벤처기업부-179-226.pdf 6쪽(원본 184쪽) / [별첨6 변경표] 2023년도 성과보고서_중소벤처기업부-179-226.pdf 35쪽(원본 213쪽),"프로젝트팀(원문 이미지 육안검토, 에이전트 화면 공유로 확인)",CONFIRMED,"2023년도 성과계획서_중소벤처기업부-184-224.pdf 2쪽(별첨1 세부현황)의 ②신규수출기업수 목표치가 '1,834(개)'로 인쇄되어 있어 수기입력값(1834)과 일치합니다. 이 행이 VALUE_MISMATCH로 분류된 것은 plan_target이 아니라 report_target_match_status 때문입니다: 2023년도 성과보고서_중소벤처기업부-179-226.pdf 6쪽 성과달성도 표의 '목표' 칸에는 개정 목표치 '1,605'가 실려 있고, 별첨6 변경사항표에 변경전 1,834(개)→변경후 1,605, 수정사유 '최근 5년간 전체 중소기업 신규 수출기업 수 증가율인 -3.1%보다 높은 3% 증가율 적용'로 명확히 문서화돼 있습니다. 즉 계획서 원문 목표치(수기값)와 보고서 개정 목표치는 각자 문서상 정확하며, 이는 오류가 아니라 MATCH_AFTER_CHANGE 성격의 목표치 사후 조정입니다. 이 행의 실적/달성률은 수기입력에는 비어 있었으나(MANUAL_MISSING_PDF_PRESENT), 같은 보고서 페이지에서 실적 1759, 달성률 109.6%로 육안 확인해 자동추출값을 그대로 채택합니다.",2026-07-28,2023년도 성과계획서_중소벤처기업부-184-224.pdf,2,185,177.0,"신규수출기업수 ② 0.4 일반 재정 개 1,834( ) 정량 결과 전략목표 창업 촉진 및 벤처육성을 통해 양질의 일자리를 창출한다 . . Ⅲ 프로그램목표 혁신경제 구현을 통해 건강한 창업생태계를 조성한다 -1. . Ⅲ 창업환경조성",2023년도 성과보고서_중소벤처기업부-179-226.pdf,6.0,184.0,,"191.7%
②신규수출기업수 
(개)
결과
수출지원기업 중 
전년도 
수출실적이 없고, 
당해연도 
신규수출이 있는 
기업수
목표
신규
1,747
1,605
실적
1,094
1,558
1759
달성률
-
89.2%
109.6%",plan:별첨1;plan_method:TEXT;report_method:TEXT
중기부-2023-III1-02,102,중소벤처기업부,2023,Ⅲ,Ⅲ-1,,창업환경조성,수혜 창업기업 2년차 생존율,수혜 창업기업 3년차 생존율,%,상향,82.6,89.3,108.1,,수혜 창업기업 2년차 생존율,,,82.6,82.6,82.6,변경사항 없음,2023년도 성과보고서_중소벤처기업부-179-226.pdf,35,213,,False,False,,,,,,,,,82.6,82.6,,89.3,,108.1,,,0.0,0.0,,,,,,,,MATCH_AFTER_CHANGE,EXACT_MATCH,OCR_REQUIRED,OCR_REQUIRED,OCR_REQUIRED,OCR_REQUIRED,PDF_MISSING_MANUAL_PRESENT,OCR_REQUIRED,OCR_REQUIRED,PLAN_TARGET_FROM_CHANGE_TABLE_ONLY;TARGET_CHANGE_REASON_DOCUMENTED_IN_별첨6;REPORT_TEXT_LAYER_PUA_GLYPH_OCR_NEEDED;PLAN_REPORT_NAME_CHANGE_DOCUMENTED_IN_별첨6,[계획서] 2023년도 성과보고서_중소벤처기업부-179-226.pdf 35쪽(원본 213쪽) / [보고서] 2023년도 성과보고서_중소벤처기업부-179-226.pdf ?쪽(원본 ?쪽) / [별첨6 변경표] 2023년도 성과보고서_중소벤처기업부-179-226.pdf 35쪽(원본 213쪽),"프로젝트팀(원문 이미지 육안검토, 에이전트 화면 공유로 확인)",CONFIRMED,"이 행은 review_reason에 'PLAN_REPORT_NAME_CHANGE_DOCUMENTED_IN_별첨6'이 붙어 OCR_REQUIRED로 분류됐지만, 실제로는 지표명이 바뀐 게 아니라 수기 엑셀의 report쪽 지표명 칸(manual_indicator_name_report)에 '3년차'라는 오타가 들어가 있었습니다(plan쪽·pdf_plan_indicator_name·별첨6 변경전/변경후 지표명 전부 '수혜 창업기업 2년차 생존율'로 일관됨). 2023년도 성과보고서_중소벤처기업부-179-226.pdf 7쪽(별첨3 세부현황, 프로그램목표Ⅲ-1)을 렌더링해 육안 확인한 결과 '②수혜 창업기업 2년차 생존율(%) 목표 82.6, 실적 89.3, 달성률 108.1%'로 인쇄돼 있어 수기입력값(목표 82.6, 실적 89.3, 달성률 108.1)과 정확히 일치합니다. 자동매칭이 report 쪽 지표명을 못 찾은 것은 수기 엑셀의 오타 때문이며 원문 자체에는 문제가 없습니다.",2026-07-28,2023년도 성과보고서_중소벤처기업부-179-226.pdf,35,213,,"<변경사항 없음>
3,633,945 3,645,255 수혜 창업기업 2년차 
생존율
0.3
수혜 창업기업 2년차 
생존율
0.3
82.6
82.6
일반
재정
<변경사항 없음>",2023년도 성과보고서_중소벤처기업부-179-226.pdf,,,,,plan:별첨6만;plan_method:TEXT;report_method:NONE
중기부-2023-III1-03,102,중소벤처기업부,2023,Ⅲ,Ⅲ-1,,창업환경조성,자금 공급 수혜 창업기업 매출액 증가율,자금 공급 수혜 창업기업 매출액 증가율,%,상향,9.14,,,,자금 공급 수혜 창업기업 매출액 증가율,,,9.14,9.14,10.01,최근 3개년 국내 중소기업 영리법인 매출액 증가율(%)의 평균값에 도전적 목표로 10% 추가 상향한 값 반영,2023년도 성과보고서_중소벤처기업부-179-226.pdf,36,214,,False,False,,,2021|2022|2023,자금 공급 수혜 창업기업 매출액 증가율,,10.01,14.4,143.9%,9.14,9.14,10.01,,14.4,,143.9,143.85614385614386,0.0,0.0,0.8699999999999992,9.51859956236323,,,,0.8699999999999992,9.51859956236323,EXACT_MATCH,EXACT_MATCH,EXACT_MATCH,MATCH_AFTER_CHANGE,MANUAL_MISSING_PDF_PRESENT,MANUAL_MISSING_PDF_PRESENT,EXACT_MATCH,NOT_APPLICABLE,MANUAL_MISSING_PDF_PRESENT,TARGET_CHANGE_REASON_DOCUMENTED_IN_별첨6;REPORT_TARGET_CHANGE_CONFIRMED_BY_별첨6,[보고서] 2023년도 성과보고서_중소벤처기업부-179-226.pdf 7쪽(원본 185쪽) / [별첨6 변경표] 2023년도 성과보고서_중소벤처기업부-179-226.pdf 36쪽(원본 214쪽),"프로젝트팀(원문 이미지 육안검토, 에이전트 화면 공유로 확인)",CONFIRMED,"2023년도 성과계획서_중소벤처기업부-184-224.pdf 2쪽(별첨1 세부현황)의 ③자금 공급 수혜 창업기업 매출액 증가율 목표치가 '9.14(%)'로 인쇄되어 있어 수기입력값(9.14)과 일치합니다. 이 행이 VALUE_MISMATCH로 분류된 것은 plan_target이 아니라 report_target_match_status 때문입니다: 2023년도 성과보고서_중소벤처기업부-179-226.pdf 7쪽 성과달성도 표의 '목표' 칸에는 개정 목표치 '10.01'가 실려 있고, 별첨6 변경사항표에 변경전 9.14(%)→변경후 10.01, 수정사유 '최근 3개년 국내 중소기업 영리법인 매출액 증가율(%)의 평균값에 도전적 목표로 10% 추가 상향한 값 반영'로 명확히 문서화돼 있습니다. 즉 계획서 원문 목표치(수기값)와 보고서 개정 목표치는 각자 문서상 정확하며, 이는 오류가 아니라 MATCH_AFTER_CHANGE 성격의 목표치 사후 조정입니다. 이 행의 실적/달성률은 수기입력에는 비어 있었으나(MANUAL_MISSING_PDF_PRESENT), 같은 보고서 페이지에서 실적 14.4, 달성률 143.9%로 육안 확인해 자동추출값을 그대로 채택합니다.",2026-07-28,2023년도 성과계획서_중소벤처기업부-184-224.pdf,2,185,177.0,자금 공급 수혜 창업 ③ 기업 매출액 증가율 0.4 일반 재정 9.14(%) 정량 결과 프로그램목표 투자 지원 및 인프라 확충을 통한 벤처기업의 스케일업 생태계를 구축한다 -2. . Ⅲ 벤처기업활성화지원 벤처투자 받은 기업의 ① 기업당 평균 고용 증가 0.4 일반 재정 명 9.82( ) 정량 결과,2023년도 성과보고서_중소벤처기업부-179-226.pdf,7.0,185.0,,"창업기업 매출액 
증가율 (%)
결과
[ (∑ 정책자금 
수혜기업 지원년도 
매출액 - 
∑ 동일기업 
지원전년도 매출액) / 
∑ 동일기업 
지원전년도 매출액 ] 
× 100
목표
-
신규
10.01
실적
-
신규
14.4
달성률
-
-
143.9%",plan:별첨1;plan_method:TEXT;report_method:TEXT
중기부-2023-III2-01,102,중소벤처기업부,2023,Ⅲ,Ⅲ-2,,벤처기업활성화지원,벤처투자 받은 기업의 기업당 평균 고용 증가,벤처투자 받은 기업의 기업당 평균 고용 증가,명,상향,9.82,,,,벤처투자 받은 기업의 기업당 평균 고용 증가,,,9.82,9.82,9.23,’22년말 기업당 평균 고용증가 9.22명으로 목표 9.81명 대비 실적 하회하여 현실화,2023년도 성과보고서_중소벤처기업부-179-226.pdf,36,214,,False,False,III-2,벤처기업활성화지원,2021|2022|2023,벤처투자 받은 기업의 기업당 평균 고용 증가,,9.23,11.0,119.2%,9.82,9.82,9.23,,11.0,,119.2,119.1765980498375,0.0,0.0,-0.5899999999999999,-6.0081466395111995,,,,-0.5899999999999999,-6.0081466395111995,EXACT_MATCH,EXACT_MATCH,EXACT_MATCH,MATCH_AFTER_CHANGE,MANUAL_MISSING_PDF_PRESENT,MANUAL_MISSING_PDF_PRESENT,EXACT_MATCH,NOT_APPLICABLE,MANUAL_MISSING_PDF_PRESENT,TARGET_CHANGE_REASON_DOCUMENTED_IN_별첨6;REPORT_TARGET_CHANGE_CONFIRMED_BY_별첨6,[보고서] 2023년도 성과보고서_중소벤처기업부-179-226.pdf 7쪽(원본 185쪽) / [별첨6 변경표] 2023년도 성과보고서_중소벤처기업부-179-226.pdf 36쪽(원본 214쪽),"프로젝트팀(원문 이미지 육안검토, 에이전트 화면 공유로 확인)",CONFIRMED,"2023년도 성과계획서_중소벤처기업부-184-224.pdf 2쪽(별첨1 세부현황)의 ①벤처투자 받은 기업의 기업당 평균 고용 증가 목표치가 '9.82(명)'로 인쇄되어 있어 수기입력값(9.82)과 일치합니다. 이 행이 VALUE_MISMATCH로 분류된 것은 plan_target이 아니라 report_target_match_status 때문입니다: 2023년도 성과보고서_중소벤처기업부-179-226.pdf 7쪽 성과달성도 표의 '목표' 칸에는 개정 목표치 '9.23'가 실려 있고, 별첨6 변경사항표에 변경전 9.82(명)→변경후 9.23, 수정사유 ''22년말 기업당 평균 고용증가 9.22명으로 목표 9.81명 대비 실적 하회하여 현실화'로 명확히 문서화돼 있습니다. 즉 계획서 원문 목표치(수기값)와 보고서 개정 목표치는 각자 문서상 정확하며, 이는 오류가 아니라 MATCH_AFTER_CHANGE 성격의 목표치 사후 조정입니다. 이 행의 실적/달성률은 수기입력에는 비어 있었으나(MANUAL_MISSING_PDF_PRESENT), 같은 보고서 페이지에서 실적 11.0, 달성률 119.2%로 육안 확인해 자동추출값을 그대로 채택합니다.",2026-07-28,2023년도 성과계획서_중소벤처기업부-184-224.pdf,2,185,177.0,벤처투자 받은 기업의 ① 기업당 평균 고용 증가 0.4 일반 재정 명 9.82( ) 정량 결과 벤처기업 고용인원증 ② 가율 0.4 일반 재정 9.29(%) 정량 결과 매출 천억원을 달성한 ③ 벤처확인 이력기업 수 0.2 일반 재정 개 658( ) 정량 결과 프로그램목표 원활한 보증공급을 통해 기술중소기업의 성장 및 일자리 창출을 촉진한다 -3. . Ⅲ,2023년도 성과보고서_중소벤처기업부-179-226.pdf,7.0,185.0,,"기업의 기업당 
평균 고용 증가 
(명)
결과
벤처투자 받은 
전체 기업 중 
고용정보 
유효데이터 
기업의 이전연도 
대비 기업당 평균 
고용증가 현황 
측정
목표
신규
9.81
9.23
실적
9.8
9.22
11.0
달성률
-
94.0%
119.2%",plan:별첨1;plan_method:TEXT;report_method:TEXT
중기부-2023-III2-02,102,중소벤처기업부,2023,Ⅲ,Ⅲ-2,,벤처기업활성화지원,벤처기업 고용인원증가율,벤처기업 고용인원증가율,%,상향,9.29,,,,벤처기업 고용인원증가율,,,9.29,9.29,7.80,’22년말 고용인원증가율은 7.79%로 목표 9.28% 대비 실적 하회아여 현실화명 대비 실적 하회 하여 현실화,2023년도 성과보고서_중소벤처기업부-179-226.pdf,36,214,,False,False,III-2,벤처기업활성화지원,2021|2022|2023,벤처기업 고용인원증가율,,7.80,10.57,135.5%,9.29,9.29,7.8,,10.57,,135.5,135.51282051282053,0.0,0.0,-1.4899999999999993,-16.038751345532827,,,,-1.4899999999999993,-16.038751345532827,EXACT_MATCH,EXACT_MATCH,EXACT_MATCH,MATCH_AFTER_CHANGE,MANUAL_MISSING_PDF_PRESENT,MANUAL_MISSING_PDF_PRESENT,EXACT_MATCH,NOT_APPLICABLE,MANUAL_MISSING_PDF_PRESENT,TARGET_CHANGE_REASON_DOCUMENTED_IN_별첨6;REPORT_TARGET_CHANGE_CONFIRMED_BY_별첨6,[보고서] 2023년도 성과보고서_중소벤처기업부-179-226.pdf 7쪽(원본 185쪽) / [별첨6 변경표] 2023년도 성과보고서_중소벤처기업부-179-226.pdf 36쪽(원본 214쪽),"프로젝트팀(원문 이미지 육안검토, 에이전트 화면 공유로 확인)",CONFIRMED,"2023년도 성과계획서_중소벤처기업부-184-224.pdf 2쪽(별첨1 세부현황)의 ②벤처기업 고용인원증가율 목표치가 '9.29(%)'로 인쇄되어 있어 수기입력값(9.29)과 일치합니다. 이 행이 VALUE_MISMATCH로 분류된 것은 plan_target이 아니라 report_target_match_status 때문입니다: 2023년도 성과보고서_중소벤처기업부-179-226.pdf 7쪽 성과달성도 표의 '목표' 칸에는 개정 목표치 '7.80'가 실려 있고, 별첨6 변경사항표에 변경전 9.29(%)→변경후 7.80, 수정사유 ''22년말 고용인원증가율은 7.79%로 목표 9.28% 대비 실적 하회하여 현실화'로 명확히 문서화돼 있습니다. 즉 계획서 원문 목표치(수기값)와 보고서 개정 목표치는 각자 문서상 정확하며, 이는 오류가 아니라 MATCH_AFTER_CHANGE 성격의 목표치 사후 조정입니다. 이 행의 실적/달성률은 수기입력에는 비어 있었으나(MANUAL_MISSING_PDF_PRESENT), 같은 보고서 페이지에서 실적 10.57, 달성률 135.5%로 육안 확인해 자동추출값을 그대로 채택합니다.",2026-07-28,2023년도 성과계획서_중소벤처기업부-184-224.pdf,2,185,177.0,벤처기업 고용인원증 ② 가율 0.4 일반 재정 9.29(%) 정량 결과 매출 천억원을 달성한 ③ 벤처확인 이력기업 수 0.2 일반 재정 개 658( ) 정량 결과 프로그램목표 원활한 보증공급을 통해 기술중소기업의 성장 및 일자리 창출을 촉진한다 -3. . Ⅲ 기술금융지원,2023년도 성과보고서_중소벤처기업부-179-226.pdf,7.0,185.0,,"②벤처기업 
고용인원증가율 
(%)
결과
전년대비 
해당연도 
벤처기업 전체 
채용인원 
증가현황 측정
목표
신규
9.28
7.80
실적
신규
7.79
10.57
달성률
-
83.9%
135.5%",plan:별첨1;plan_method:TEXT;report_method:TEXT
중기부-2023-III2-03,102,중소벤처기업부,2023,Ⅲ,Ⅲ-2,,벤처기업활성화지원,매출 천억원을 달성한 벤처확인 이력기업 수,매출 천억원을 달성한 벤처확인 이력기업 수,개,상향,658,,,,매출 천억원을 달성한 벤처확인 이력기업 수,,,658.0,658,744,’22년 말 벤처확인 이력기업수가 739개사로 목표 639개를 상회하여 현실화,2023년도 성과보고서_중소벤처기업부-179-226.pdf,36,214,,False,False,III-2,벤처기업활성화지원,2021|2022|2023,매출 천억원을 달성한 벤처확인 이력기업 수,,744,869,116.8%,658.0,658.0,744.0,,869.0,,116.8,116.8010752688172,0.0,0.0,86.0,13.069908814589665,,,,86.0,13.069908814589665,EXACT_MATCH,EXACT_MATCH,EXACT_MATCH,MATCH_AFTER_CHANGE,MANUAL_MISSING_PDF_PRESENT,MANUAL_MISSING_PDF_PRESENT,EXACT_MATCH,NOT_APPLICABLE,MANUAL_MISSING_PDF_PRESENT,TARGET_CHANGE_REASON_DOCUMENTED_IN_별첨6;REPORT_TARGET_CHANGE_CONFIRMED_BY_별첨6,[보고서] 2023년도 성과보고서_중소벤처기업부-179-226.pdf 7쪽(원본 185쪽) / [별첨6 변경표] 2023년도 성과보고서_중소벤처기업부-179-226.pdf 36쪽(원본 214쪽),"프로젝트팀(원문 이미지 육안검토, 에이전트 화면 공유로 확인)",CONFIRMED,"2023년도 성과계획서_중소벤처기업부-184-224.pdf 2쪽(별첨1 세부현황)의 ③매출 천억원을 달성한 벤처확인 이력기업 수 목표치가 '658(개)'로 인쇄되어 있어 수기입력값(658)과 일치합니다. 이 행이 VALUE_MISMATCH로 분류된 것은 plan_target이 아니라 report_target_match_status 때문입니다: 2023년도 성과보고서_중소벤처기업부-179-226.pdf 7쪽 성과달성도 표의 '목표' 칸에는 개정 목표치 '744'가 실려 있고, 별첨6 변경사항표에 변경전 658(개)→변경후 744, 수정사유 ''22년 말 벤처확인 이력기업수가 739개사로 목표 639개를 상회하여 현실화'로 명확히 문서화돼 있습니다. 즉 계획서 원문 목표치(수기값)와 보고서 개정 목표치는 각자 문서상 정확하며, 이는 오류가 아니라 MATCH_AFTER_CHANGE 성격의 목표치 사후 조정입니다. 이 행의 실적/달성률은 수기입력에는 비어 있었으나(MANUAL_MISSING_PDF_PRESENT), 같은 보고서 페이지에서 실적 869, 달성률 116.8%로 육안 확인해 자동추출값을 그대로 채택합니다.",2026-07-28,2023년도 성과계획서_중소벤처기업부-184-224.pdf,2,185,177.0,매출 천억원을 달성한 ③ 벤처확인 이력기업 수 0.2 일반 재정 개 658( ) 정량 결과 프로그램목표 원활한 보증공급을 통해 기술중소기업의 성장 및 일자리 창출을 촉진한다 -3. . Ⅲ 기술금융지원 신규보증지원기업과 ① 일반중소기업의 매출증 가율 차이,2023년도 성과보고서_중소벤처기업부-179-226.pdf,7.0,185.0,,"달성한 벤처확인 
이력기업 수 (개)
결과
전년 결산기준 
매출 천억원을 
달성한 벤처확인 
이력기업 수 측정
목표
620
639
744
실적
633
739
869
달성률
102.1%
115.6%
116.8%",plan:별첨1;plan_method:TEXT;report_method:TEXT
중기부-2023-III3-02,102,중소벤처기업부,2023,Ⅲ,Ⅲ-3,,기술금융지원,신규보증지원기업과 일반중소기업의 고용증가율 차이,신규보증지원기업과 일반중소기업의 고용증가율 차이,%p,상향,7.2,,,,신규보증지원기업과 일반중소기업의 고용증가율 차이,,,7.2,7.2,7.4,,2023년도 성과보고서_중소벤처기업부-179-226.pdf,36,214,,False,False,III-3,기술금융지원,2021|2022|2023,신규보증지원기업과 일반중소기업의 고용증가율 차이,,7.4,10.4,140.5%,7.2,7.2,7.4,,10.4,,140.5,140.54054054054055,0.0,0.0,0.20000000000000018,2.77777777777778,,,,0.20000000000000018,2.77777777777778,EXACT_MATCH,EXACT_MATCH,EXACT_MATCH,MATCH_AFTER_CHANGE,MANUAL_MISSING_PDF_PRESENT,MANUAL_MISSING_PDF_PRESENT,EXACT_MATCH,NOT_APPLICABLE,MANUAL_MISSING_PDF_PRESENT,REPORT_TARGET_CHANGE_CONFIRMED_BY_별첨6,[보고서] 2023년도 성과보고서_중소벤처기업부-179-226.pdf 7쪽(원본 185쪽) / [별첨6 변경표] 2023년도 성과보고서_중소벤처기업부-179-226.pdf 36쪽(원본 214쪽),"프로젝트팀(원문 이미지 육안검토, 에이전트 화면 공유로 확인)",CONFIRMED,"2023년도 성과계획서_중소벤처기업부-184-224.pdf 2쪽(별첨1 세부현황)의 ①신규보증지원기업과 일반중소기업의 고용증가율 차이 목표치가 '7.2(%p)'로 인쇄되어 있어 수기입력값(7.2)과 일치합니다. 보고서(2023년도 성과보고서_중소벤처기업부-179-226.pdf) 7쪽 표의 '목표' 칸에는 개정 목표치 '7.4'가 실려 있습니다. 별첨6 변경사항표(2023년도 성과보고서_중소벤처기업부-179-226.pdf 36쪽, 원본 210쪽)를 원문 그대로 다시 읽어보니 이 지표의 '수정사유' 칸은 실제로 비어 있고(다음 지표 행인 ②고용증가율 차이 5.8→5.8의 '<변경사항 없음>' 문구가 물리적으로 붙어 있음), 종전 파이프라인은 이 다음 행의 문구를 잘못 흡수해 documented_change_reason_raw='변경사항 없음'으로 채웠습니다. 이번에 find_change_evidence()의 사유 검색 루프에 '분야(일반/재정) 줄을 찾은 뒤 다음 지표의 예산 숫자 줄이 나오면 이 지표의 사유 칸은 빈 칸으로 보고 더 이상 찾지 않는다'는 경계 조건을 추가해 수정했습니다(src/performance_pipeline/pdf_reconciliation.py find_change_evidence). 수정 후 이 행의 documented_change_reason_raw는 None(빈 칸)으로 정확히 나옵니다. 값(7.2→7.4)과 실적/달성률(7쪽에서 실적 10.4, 달성률 140.5%로 육안 확인, 수기입력값과 일치)은 오류가 아니며, 단지 원문에 사유 서술이 없을 뿐입니다.",2026-07-28,2023년도 성과계획서_중소벤처기업부-184-224.pdf,2,185,177.0,신규보증지원기업과 ② 일반중소기업의 고용증 가율 차이 0.5 일반 재정 7.2(%p) 정량 결과 전략목표 기술혁신 및 인력양성을 통해 중소기업의 신산업 대응력을 높인다 . . Ⅳ 프로그램목표 중소기업의 기술경쟁력을 제고한다 -1. . Ⅳ,2023년도 성과보고서_중소벤처기업부-179-226.pdf,7.0,185.0,,"일반중소기업의 
고용증가율 차이 
(%p)
결과
[(∑신규보증 
지원기업 지원년도 
종사자수 – 
∑지원전년도 
종사자수) ÷ 
∑지원전년도 
종사자수] × 100 – 
일반중소기업 
고용증가율
목표
6.7
해당없음
7.4
실적
14.0
11.7
10.4
달성률
209.0%
0.0%
140.5%",plan:별첨1;plan_method:TEXT;report_method:TEXT
중기부-2023-IIII1-01,102,중소벤처기업부,2023,Ⅳ,Ⅳ-1,,중소기업기술개발지원,등록특허 SMART 평가,등록특허 SMART 평가,점,상향,4.2,4,95.2,,등록특허 SMART 평가,,,4.2,4.2,4.2,변경사항 없음,2023년도 성과보고서_중소벤처기업부-179-226.pdf,36,214,,False,False,IV-1,온실가스감축,2021|2022|2023,등록특허 SMART 평가,,4.2,4.0,95.2%,4.2,4.2,4.2,4.0,4.0,95.2,95.2,95.23809523809523,0.0,0.0,0.0,0.0,0.0,0.0,0.0,0.0,0.0,MATCH_AFTER_CHANGE,EXACT_MATCH,EXACT_MATCH,EXACT_MATCH,EXACT_MATCH,EXACT_MATCH,EXACT_MATCH,NOT_APPLICABLE,MATCH_AFTER_CHANGE,PLAN_TARGET_FROM_CHANGE_TABLE_ONLY;TARGET_CHANGE_REASON_DOCUMENTED_IN_별첨6,[계획서] 2023년도 성과보고서_중소벤처기업부-179-226.pdf 36쪽(원본 214쪽) / [별첨6 변경표] 2023년도 성과보고서_중소벤처기업부-179-226.pdf 36쪽(원본 214쪽),"프로젝트팀(원문 이미지 육안검토, 에이전트 화면 공유로 확인)",CONFIRMED,"이 행은 plan_target_match_status·report_target_match_status·report_actual_match_status·report_achievement_rate_match_status가 이미 전부 EXACT_MATCH이고, overall_reconciliation_status만 별첨6 지표명 변경 확인으로 MATCH_AFTER_CHANGE입니다. 2023년도 성과보고서_중소벤처기업부-179-226.pdf 8쪽에서 ①등록특허 SMART 평가 목표 4.2, 실적 4.0, 달성률 95.2%로 육안 재확인해 수기입력값과 일치함을 확인했습니다. 추가로 채택할 값이 없어 검수만 확정합니다.",2026-07-28,2023년도 성과보고서_중소벤처기업부-179-226.pdf,36,214,,"1,742,948 1,764,248
등록특허 SMART 
평가
0.5
등록특허 SMART 
평가
0.5
4.2
4.2
R&D
<변경사항 없음>",2023년도 성과보고서_중소벤처기업부-179-226.pdf,8.0,186.0,,"①등록특허 
SMART 평가 (점)
결과
∑등록특허별 
SMART 등급 
점수 / 
과제수행을 통해 
발생한 등록 
목표
4.2
4.2
4.2
실적
3.9
4.0
4.0
달성률
92.9%
95.2%
95.2%",plan:별첨6만;plan_method:TEXT;report_method:TEXT
중기부-2023-IIII1-02,102,중소벤처기업부,2023,Ⅳ,Ⅳ-1,,중소기업기술개발지원,정부출연금 1억원 당 누적 매출액,정부출연금 2억원 당 누적 매출액,억원,상향,2.46,2.36,95.9,,정부출연금 1억원 당 누적 매출액,,,2.46,2.46,2.46,변경사항 없음,2023년도 성과보고서_중소벤처기업부-179-226.pdf,37,215,,False,False,,,,,,,,,2.46,2.46,,2.36,,95.9,,,0.0,0.0,,,,,,,,MATCH_AFTER_CHANGE,EXACT_MATCH,OCR_REQUIRED,OCR_REQUIRED,OCR_REQUIRED,OCR_REQUIRED,PDF_MISSING_MANUAL_PRESENT,OCR_REQUIRED,OCR_REQUIRED,PLAN_TARGET_FROM_CHANGE_TABLE_ONLY;TARGET_CHANGE_REASON_DOCUMENTED_IN_별첨6;REPORT_TEXT_LAYER_PUA_GLYPH_OCR_NEEDED;PLAN_REPORT_NAME_CHANGE_DOCUMENTED_IN_별첨6,[계획서] 2023년도 성과보고서_중소벤처기업부-179-226.pdf 37쪽(원본 215쪽) / [보고서] 2023년도 성과보고서_중소벤처기업부-179-226.pdf ?쪽(원본 ?쪽) / [별첨6 변경표] 2023년도 성과보고서_중소벤처기업부-179-226.pdf 37쪽(원본 215쪽),"프로젝트팀(원문 이미지 육안검토, 에이전트 화면 공유로 확인)",CONFIRMED,"2023년도 성과계획서_중소벤처기업부-184-224.pdf 37쪽(별첨1 세부현황)의 ②정부출연금 1억원 당 누적 매출액 목표치가 '2.46(억원)'로 인쇄되어 있어 수기입력값(2.46)과 일치합니다. 2023년도 성과보고서_중소벤처기업부-179-226.pdf 8쪽을 렌더링해 육안 확인한 결과 '24년(원문상 3개년 표의 마지막 열, 실제로는 '23년) 실적 (2.36), 달성률 95.9%로 인쇄되어 있어 수기입력값(실적 2.36, 달성률 95.9)과 일치합니다. 자동추출이 None으로 남은 것은 실적 셀이 괄호로 감싸인 음영표기 '(2.36)' 형식이라 숫자 파서가 건너뛴 것으로 보이며, 값 자체는 오류가 아닙니다.",2026-07-28,2023년도 성과보고서_중소벤처기업부-179-226.pdf,37,215,,"(Ⅳ-1)
1,742,948 1,764,248 정부출연금 1억원 당 
누적 매출액
0.5
정부출연금 1억원 당 
누적 매출액
0.5
2.46
2.46
R&D
<변경사항 없음>",2023년도 성과보고서_중소벤처기업부-179-226.pdf,,,,,plan:별첨6만;plan_method:TEXT;report_method:NONE
중기부-2023-IIIII2-01,102,중소벤처기업부,2023,Ⅴ,Ⅴ-2,,동반성장지원,동반성장 협약체결 건수,동반성장 협약체결 건수,건,상향,235,,,,동반성장 협약체결 건수,,,235.0,235,246,최근 3년 실적(‘20~’22)의 평균을 감안하여 목표치 상향,2023년도 성과보고서_중소벤처기업부-179-226.pdf,37,215,,False,False,V-2,동반성장지원,2021|2022|2023,동반성장 협약체결 건수,,246,259,105.3%,235.0,235.0,246.0,,259.0,,105.3,105.28455284552845,0.0,0.0,11.0,4.680851063829787,,,,11.0,4.680851063829787,EXACT_MATCH,EXACT_MATCH,EXACT_MATCH,MATCH_AFTER_CHANGE,MANUAL_MISSING_PDF_PRESENT,MANUAL_MISSING_PDF_PRESENT,EXACT_MATCH,NOT_APPLICABLE,MANUAL_MISSING_PDF_PRESENT,TARGET_CHANGE_REASON_DOCUMENTED_IN_별첨6;REPORT_TARGET_CHANGE_CONFIRMED_BY_별첨6,[보고서] 2023년도 성과보고서_중소벤처기업부-179-226.pdf 9쪽(원본 187쪽) / [별첨6 변경표] 2023년도 성과보고서_중소벤처기업부-179-226.pdf 37쪽(원본 215쪽),"프로젝트팀(원문 이미지 육안검토, 에이전트 화면 공유로 확인)",CONFIRMED,"2023년도 성과계획서_중소벤처기업부-184-224.pdf 3쪽(별첨1 세부현황)의 ①동반성장 협약체결 건수 목표치가 '235(건)'로 인쇄되어 있어 수기입력값(235)과 일치합니다. 이 행이 VALUE_MISMATCH로 분류된 것은 plan_target이 아니라 report_target_match_status 때문입니다: 2023년도 성과보고서_중소벤처기업부-179-226.pdf 9쪽 성과달성도 표의 '목표' 칸에는 개정 목표치 '246'가 실려 있고, 별첨6 변경사항표에 변경전 235(건)→변경후 246, 수정사유 '최근 3년 실적('20~'22)의 평균을 감안하여 목표치 상향'로 명확히 문서화돼 있습니다. 즉 계획서 원문 목표치(수기값)와 보고서 개정 목표치는 각자 문서상 정확하며, 이는 오류가 아니라 MATCH_AFTER_CHANGE 성격의 목표치 사후 조정입니다. 이 행의 실적/달성률은 수기입력에는 비어 있었으나(MANUAL_MISSING_PDF_PRESENT), 같은 보고서 페이지에서 실적 259, 달성률 105.3%로 육안 확인해 자동추출값을 그대로 채택합니다.",2026-07-28,2023년도 성과계획서_중소벤처기업부-184-224.pdf,3,186,178.0,동반성장 협약체결 ① 건수 0.5 일반 재정 건 235( ) 정량 결과 장애인 창업률 ② 0.5 일반 재정 43(%) 정량 결과,2023년도 성과보고서_중소벤처기업부-179-226.pdf,9.0,187.0,,"①동반성장 
협약체결 건수 
(건)
결과
동반성장 
상생협약체결 
건수(누계) = 
전년도 누적 
체결건수 + 
당해연도 
체결건수(순증)
목표
-
신규
246
실적
173
211
259
달성률
-
-
105.3%",plan:별첨1;plan_method:TEXT;report_method:TEXT
중기부-2022-I1-01,102,중소벤처기업부,2022,Ⅰ,I-1,,중소기업육성지원,중소기업지원사업 만족도,중소기업지원사업 만족도,점,상향,72.1,75.5,104.7,,중소기업지원사업 만족도,,,72.1,72.1,72.1,변경사항 없음,2022년도 성과보고서_중소벤처기업부-170-212.pdf,34,203,,False,False,I-1,중소기업육성지원,2020|2021|2022,중소기업지원사업 만족도,,72.1,75.5,104.7%,72.1,72.1,72.1,75.5,75.5,104.7,104.7,104.71567267683773,0.0,0.0,0.0,0.0,0.0,0.0,0.0,0.0,0.0,MATCH_AFTER_CHANGE,EXACT_MATCH,EXACT_MATCH,EXACT_MATCH,EXACT_MATCH,EXACT_MATCH,EXACT_MATCH,OCR_REQUIRED,OCR_REQUIRED,PLAN_TARGET_FROM_CHANGE_TABLE_ONLY;TARGET_CHANGE_REASON_DOCUMENTED_IN_별첨6,[계획서] 2022년도 성과보고서_중소벤처기업부-170-212.pdf 34쪽(원본 203쪽) / [별첨6 변경표] 2022년도 성과보고서_중소벤처기업부-170-212.pdf 34쪽(원본 203쪽),"프로젝트팀(원문 이미지 육안검토, 에이전트 화면 공유로 확인)",CONFIRMED,"2022년도 성과계획서_중소벤처기업부-176-216.pdf 별첨1 세부현황 목표치를 자동추출이 실패해 OCR_REQUIRED로 표시됐던 행입니다. 실제로는 34~37쪽(세부현황, 표 자체가 이미지)이 아니라 1~3쪽(별첨1 총괄현황·요약표, 텍스트 레이어 정상)에 같은 목표치가 그대로 적혀 있어, 이 요약표를 이미지로 렌더링해 육안 대조했습니다. 프로그램목표Ⅰ-1(중소기업육성지원) ①중소기업지원사업 만족도 목표치가 '72.1(점)'로 인쇄되어 있어 수기입력값(72.1)과 일치함을 확인했습니다. 보고서 실적/달성률은 자동매칭이 이미 EXACT_MATCH로 확인한 값입니다.",2026-07-28,2022년도 성과보고서_중소벤처기업부-170-212.pdf,34,203,,"146,862
중소기업지원사업 
만족도
0.4
중소기업지원사업 
만족도
0.4
72.1
72.1
일반
재정
<변경사항 없음>",2022년도 성과보고서_중소벤처기업부-170-212.pdf,5.0,174.0,,"①중소기업지원사업 
만족도 (점)
결과
중소기업 
지원사업 
만족도 조사(5점 
척도) 후 100점 
만점으로 환산
목표
83.2
84.2
72.1
실적
84.1
81.1
75.5
달성률
101.1%
96.3%
104.7%",plan:별첨6만;plan_method:TEXT;report_method:TEXT
중기부-2022-I1-02,102,중소벤처기업부,2022,Ⅰ,I-1,,중소기업육성지원,혁신바우처 지원업체 매출액 증가율,혁신바우처 지원업체 매출액 증가율,%,상향,3.9,4.25,109,,혁신바우처 지원업체 매출액 증가율,,,3.9,3.9,3.9,변경사항 없음,2022년도 성과보고서_중소벤처기업부-170-212.pdf,34,203,,False,False,I-1,중소기업육성지원,2020|2021|2022,혁신바우처 지원업체 매출액 증가율,,3.9,4.25,109.0%,3.9,3.9,3.9,4.25,4.25,109.0,109.0,108.97435897435899,0.0,0.0,0.0,0.0,0.0,0.0,0.0,0.0,0.0,MATCH_AFTER_CHANGE,EXACT_MATCH,EXACT_MATCH,EXACT_MATCH,EXACT_MATCH,EXACT_MATCH,EXACT_MATCH,OCR_REQUIRED,OCR_REQUIRED,PLAN_TARGET_FROM_CHANGE_TABLE_ONLY;TARGET_CHANGE_REASON_DOCUMENTED_IN_별첨6,[계획서] 2022년도 성과보고서_중소벤처기업부-170-212.pdf 34쪽(원본 203쪽) / [별첨6 변경표] 2022년도 성과보고서_중소벤처기업부-170-212.pdf 34쪽(원본 203쪽),"프로젝트팀(원문 이미지 육안검토, 에이전트 화면 공유로 확인)",CONFIRMED,"2022년도 성과계획서_중소벤처기업부-176-216.pdf 별첨1 세부현황 목표치를 자동추출이 실패해 OCR_REQUIRED로 표시됐던 행입니다. 실제로는 34~37쪽(세부현황, 표 자체가 이미지)이 아니라 1~3쪽(별첨1 총괄현황·요약표, 텍스트 레이어 정상)에 같은 목표치가 그대로 적혀 있어, 이 요약표를 이미지로 렌더링해 육안 대조했습니다. 프로그램목표Ⅰ-1(중소기업육성지원) ②혁신바우처 지원업체 매출액 증가율 목표치가 '3.9(%)'로 인쇄되어 있어 수기입력값(3.9)과 일치함을 확인했습니다. 보고서 실적/달성률은 자동매칭이 이미 EXACT_MATCH로 확인한 값입니다.",2026-07-28,2022년도 성과보고서_중소벤처기업부-170-212.pdf,34,203,,"146,862
혁신바우처 지원업체 
매출액 증가율
0.4
혁신바우처 지원업체 
매출액 증가율
0.4
3.9
3.9
일반
재정
<변경사항 없음>",2022년도 성과보고서_중소벤처기업부-170-212.pdf,5.0,174.0,,"지원업체 매출액 
증가율 (%)
결과
혁신바우처 
수혜기업의 
지원 전후 
매출액 향상 
정도를 측정
목표
2.7
3.77
3.9
실적
3.7
3.8
4.25
달성률
137.0%
100.8%
109.0%",plan:별첨6만;plan_method:TEXT;report_method:TEXT
중기부-2022-I1-03,102,중소벤처기업부,2022,Ⅰ,I-1,,중소기업육성지원,마케팅지원사업 참여기업의 판매증가율,마케팅지원사업 참여기업의 판매증가율,%,상향,1.54,109,7077.9,,마케팅지원사업 참여기업의 판매증가율,,,1.54,1.54,1.54,변경사항 없음,2022년도 성과보고서_중소벤처기업부-170-212.pdf,34,203,,False,False,I-1,중소기업육성지원,2020|2021|2022,마케팅지원사업 참여기업의 판매증가율,,1.54,109,"7,077.9",1.54,1.54,1.54,109.0,109.0,7077.9,7077.9,7077.922077922078,0.0,0.0,0.0,0.0,0.0,0.0,0.0,0.0,0.0,MATCH_AFTER_CHANGE,EXACT_MATCH,EXACT_MATCH,EXACT_MATCH,EXACT_MATCH,EXACT_MATCH,EXACT_MATCH,OCR_REQUIRED,OCR_REQUIRED,PLAN_TARGET_FROM_CHANGE_TABLE_ONLY;TARGET_CHANGE_REASON_DOCUMENTED_IN_별첨6,[계획서] 2022년도 성과보고서_중소벤처기업부-170-212.pdf 34쪽(원본 203쪽) / [별첨6 변경표] 2022년도 성과보고서_중소벤처기업부-170-212.pdf 34쪽(원본 203쪽),"프로젝트팀(원문 이미지 육안검토, 에이전트 화면 공유로 확인)",CONFIRMED,"2022년도 성과계획서_중소벤처기업부-176-216.pdf 별첨1 세부현황 목표치를 자동추출이 실패해 OCR_REQUIRED로 표시됐던 행입니다. 실제로는 34~37쪽(세부현황, 표 자체가 이미지)이 아니라 1~3쪽(별첨1 총괄현황·요약표, 텍스트 레이어 정상)에 같은 목표치가 그대로 적혀 있어, 이 요약표를 이미지로 렌더링해 육안 대조했습니다. 프로그램목표Ⅰ-1(중소기업육성지원) ③마케팅지원사업 참여기업의 판매증가율 목표치가 '1.54(%)'로 인쇄되어 있어 수기입력값(1.54)과 일치함을 확인했습니다. 보고서 실적/달성률은 자동매칭이 이미 EXACT_MATCH로 확인한 값입니다.",2026-07-28,2022년도 성과보고서_중소벤처기업부-170-212.pdf,34,203,,"146,862
마케팅지원사업 
참여기업의 
판매증가율
0.2
마케팅지원사업 
참여기업의 
판매증가율
0.2
1.54
1.54
일반
재정
<변경사항 없음>",2022년도 성과보고서_중소벤처기업부-170-212.pdf,5.0,174.0,,"참여기업의 
판매증가율 (%)
결과
(당해연도 
지원기업의 
판매액*- 전년도 
지원기업의 
판매액) / 전년도 
지원기업의 
판매액 × 100
* 케팅지원사업 
참여로 발생한 
판매(매출)액
*경제성장률(한
국은행) 3개년 
평균의 110%를 
목표로 설정
목표
신규
신규
1.54
실적
신규
(-)
109
달성률
-
-
7,077.9",plan:별첨6만;plan_method:TEXT;report_method:TEXT
중기부-2022-I2-01,102,중소벤처기업부,2022,Ⅰ,I-2,,지역중소기업육성,지역기업육성사업 일자리 창출,지역기업육성사업 일자리 창출,(명/국비 10억원당)(명),상향,7.4,12.2,164.9,,지역기업육성사업 일자리 창출,,,7.4,7.4,7.4,변경사항 없음,2022년도 성과보고서_중소벤처기업부-170-212.pdf,34,203,,False,False,I-2,지역중소기업육성,2020|2021|2022,지역기업육성사업 일자리 창출,,7.4,12.2,164.9%,7.4,7.4,7.4,12.2,12.2,164.9,164.9,164.86486486486484,0.0,0.0,0.0,0.0,0.0,0.0,0.0,0.0,0.0,MATCH_AFTER_CHANGE,EXACT_MATCH,EXACT_MATCH,EXACT_MATCH,EXACT_MATCH,EXACT_MATCH,EXACT_MATCH,OCR_REQUIRED,OCR_REQUIRED,PLAN_TARGET_FROM_CHANGE_TABLE_ONLY;TARGET_CHANGE_REASON_DOCUMENTED_IN_별첨6,[계획서] 2022년도 성과보고서_중소벤처기업부-170-212.pdf 34쪽(원본 203쪽) / [별첨6 변경표] 2022년도 성과보고서_중소벤처기업부-170-212.pdf 34쪽(원본 203쪽),"프로젝트팀(원문 이미지 육안검토, 에이전트 화면 공유로 확인)",CONFIRMED,"2022년도 성과계획서_중소벤처기업부-176-216.pdf 별첨1 세부현황 목표치를 자동추출이 실패해 OCR_REQUIRED로 표시됐던 행입니다. 실제로는 34~37쪽(세부현황, 표 자체가 이미지)이 아니라 1~3쪽(별첨1 총괄현황·요약표, 텍스트 레이어 정상)에 같은 목표치가 그대로 적혀 있어, 이 요약표를 이미지로 렌더링해 육안 대조했습니다. 프로그램목표Ⅰ-2(지역중소기업육성) ①지역기업육성사업 일자리 창출 목표치가 '7.4(명/국비10억원당)'로 인쇄되어 있어 수기입력값(7.4)과 일치함을 확인했습니다. 보고서 실적/달성률은 자동매칭이 이미 EXACT_MATCH로 확인한 값입니다.",2026-07-28,2022년도 성과보고서_중소벤처기업부-170-212.pdf,34,203,,"355,336
지역기업육성사업 
일자리 
창출(명/국비10억원
당)
0.5
지역기업육성사업 
일자리 
창출(명/국비10억원
당)
0.5
7.4
7.4
일반
재정
<변경사항 없음>",2022년도 성과보고서_중소벤처기업부-170-212.pdf,5.0,174.0,,"업 일자리 
창출(명/국비10억
원당) (명)
결과
지역기업육성사업 
일자리창출
ㅇ 측정산식 : 
∑(AxB) / C 
- A : 수혜기업의 
신규고용인원 
(퇴사자 제외) 
- B : 
수혜기업이 
제출한 
사업기여율(0~100%)
- C : 
지역기업육성사업 
예산 합계 
목표
7.0
7.2
7.4
실적
8.0
8.8
12.2
달성률
114.3%
122.2%
164.9%",plan:별첨6만;plan_method:TEXT;report_method:TEXT
중기부-2022-I2-02,102,중소벤처기업부,2022,Ⅰ,I-2,,지역중소기업육성,지역산업육성사업 사업화 매출효과,지역산업육성사업 사업화 매출효과,(억원)/ (국비10억원당) (억원),상향,20,14.3,71.5,,지역산업육성사업 사업화 매출효과,,,20.0,20.0,20.0,변경사항 없음,2022년도 성과보고서_중소벤처기업부-170-212.pdf,34,203,,False,False,I-2,지역중소기업육성,2020|2021|2022,지역산업육성사업 사업화 매출효과,,20.0,14.3,71.5%,20.0,20.0,20.0,14.3,14.3,71.5,71.5,71.50000000000001,0.0,0.0,0.0,0.0,0.0,0.0,0.0,0.0,0.0,MATCH_AFTER_CHANGE,EXACT_MATCH,EXACT_MATCH,EXACT_MATCH,EXACT_MATCH,EXACT_MATCH,EXACT_MATCH,OCR_REQUIRED,OCR_REQUIRED,PLAN_TARGET_FROM_CHANGE_TABLE_ONLY;TARGET_CHANGE_REASON_DOCUMENTED_IN_별첨6,[계획서] 2022년도 성과보고서_중소벤처기업부-170-212.pdf 34쪽(원본 203쪽) / [별첨6 변경표] 2022년도 성과보고서_중소벤처기업부-170-212.pdf 34쪽(원본 203쪽),"프로젝트팀(원문 이미지 육안검토, 에이전트 화면 공유로 확인)",CONFIRMED,"2022년도 성과계획서_중소벤처기업부-176-216.pdf 별첨1 세부현황 목표치를 자동추출이 실패해 OCR_REQUIRED로 표시됐던 행입니다. 실제로는 34~37쪽(세부현황, 표 자체가 이미지)이 아니라 1~3쪽(별첨1 총괄현황·요약표, 텍스트 레이어 정상)에 같은 목표치가 그대로 적혀 있어, 이 요약표를 이미지로 렌더링해 육안 대조했습니다. 프로그램목표Ⅰ-2(지역중소기업육성) ②지역산업육성사업 사업화 매출효과 목표치가 '20.0(억원)'로 인쇄되어 있어 수기입력값(20)과 일치함을 확인했습니다. 보고서 실적/달성률은 자동매칭이 이미 EXACT_MATCH로 확인한 값입니다.",2026-07-28,2022년도 성과보고서_중소벤처기업부-170-212.pdf,34,203,,"355,336
지역산업육성사업 
사업화 
매출효과(억원)/(국비
10억원당)
0.5
지역산업육성사업 
사업화 
매출효과(억원)/(국비
10억원당)
0.5
20.0
20.0
일반
재정
<변경사항 없음>",2022년도 성과보고서_중소벤처기업부-170-212.pdf,5.0,174.0,,"업 사업화 
매출효과(억원)/(국
비10억원당) 
(억원)
결과
지역특화산업육
성사업 사업화 
매출액
ㅇ 측정산식 : 
∑(AxB) / C
목표
신규
신규
20.0
실적
신규
(-)
14.3
달성률
-
-
71.5%",plan:별첨6만;plan_method:TEXT;report_method:TEXT
중기부-2022-II1-01,102,중소벤처기업부,2022,Ⅱ,Ⅱ-1,,중소기업성장안정지원,자금공급 수혜 중소기업 매출액 증가율,자금공급 수혜 중소기업 매출액 증가율,%,상향,8.13,8.28,101.8,,자금공급 수혜 중소기업 매출액 증가율,,,8.13,8.13,8.13,변경사항 없음,2022년도 성과보고서_중소벤처기업부-170-212.pdf,35,204,,False,False,II-1,저탄소생태계조성,2020|2021|2022,자금공급 수혜 중소기업 매출액 증가율,,8.13,8.28,101.8%,8.13,8.13,8.13,8.28,8.28,101.8,101.8,101.84501845018448,0.0,0.0,0.0,0.0,0.0,0.0,0.0,0.0,0.0,MATCH_AFTER_CHANGE,EXACT_MATCH,EXACT_MATCH,EXACT_MATCH,EXACT_MATCH,EXACT_MATCH,EXACT_MATCH,OCR_REQUIRED,OCR_REQUIRED,PLAN_TARGET_FROM_CHANGE_TABLE_ONLY;TARGET_CHANGE_REASON_DOCUMENTED_IN_별첨6,[계획서] 2022년도 성과보고서_중소벤처기업부-170-212.pdf 35쪽(원본 204쪽) / [별첨6 변경표] 2022년도 성과보고서_중소벤처기업부-170-212.pdf 35쪽(원본 204쪽),"프로젝트팀(원문 이미지 육안검토, 에이전트 화면 공유로 확인)",CONFIRMED,"2022년도 성과계획서_중소벤처기업부-176-216.pdf 2쪽(원본 177쪽)을 이미지로 렌더링해 육안 확인. 프로그램목표Ⅱ-1(중소기업성장안정지원) ①자금공급 수혜 중소기업 매출액 증가율 목표치가 '8.13(%)'로 인쇄되어 있어 수기입력값(8.13)과 일치함을 확인했습니다. 같은 지표명을 프로그램목표Ⅲ-1도 쓰고 있어(중기부-2022-III1-03) 텍스트검색 기반 자동추출이 두 프로그램의 값을 혼동할 위험이 있었지만, 이 행은 연도 안에서 먼저 매칭되는 위치라 자동추출값(8.13)도 결과적으로 정확했습니다.",2026-07-28,2022년도 성과보고서_중소벤처기업부-170-212.pdf,35,204,,"3,024,488 3,901,988
자금공급 수혜 
중소기업 매출액 
증가율(%)
0.4
자금공급 수혜 
중소기업 매출액 
증가율(%)
0.4
8.13
8.13
일반
재정
<변경사항 없음>",2022년도 성과보고서_중소벤처기업부-170-212.pdf,6.0,175.0,,"중소기업 매출액 
증가율(%) (%)
결과
[ (∑ 정책자금 
수혜기업 
지원년도 
매출액 - ∑ 
동일기업 
지원전년도 
매출액) / ∑ 
동일기업 
지원전년도 
매출액 ] × 100
목표
7.6
7.74
8.13
실적
신규
신규
8.28
달성률
0.0%
0.0%
101.8%",plan:별첨6만;plan_method:TEXT;report_method:TEXT
중기부-2022-II1-02,102,중소벤처기업부,2022,Ⅱ,Ⅱ-1,,중소기업성장안정지원,중소기업 보증공급,중소기업 보증공급,조원,상향,99.7,112.2,112.5,,중소기업 보증공급,,,99.7,99.7,99.7,변경사항 없음,2022년도 성과보고서_중소벤처기업부-170-212.pdf,35,204,,False,False,II-1,저탄소생태계조성,2020|2021|2022,중소기업 보증공급,,99.7,112.2,112.5%,99.7,99.7,99.7,112.2,112.2,112.5,112.5,112.53761283851556,0.0,0.0,0.0,0.0,0.0,0.0,0.0,0.0,0.0,EXACT_MATCH,EXACT_MATCH,EXACT_MATCH,EXACT_MATCH,EXACT_MATCH,EXACT_MATCH,EXACT_MATCH,OCR_REQUIRED,OCR_REQUIRED,TARGET_CHANGE_REASON_DOCUMENTED_IN_별첨6,[별첨6 변경표] 2022년도 성과보고서_중소벤처기업부-170-212.pdf 35쪽(원본 204쪽),"프로젝트팀(원문 이미지 육안검토, 에이전트 화면 공유로 확인)",CONFIRMED,"2022년도 성과계획서_중소벤처기업부-176-216.pdf 별첨1 세부현황 목표치를 자동추출이 실패해 OCR_REQUIRED로 표시됐던 행입니다. 실제로는 34~37쪽(세부현황, 표 자체가 이미지)이 아니라 1~3쪽(별첨1 총괄현황·요약표, 텍스트 레이어 정상)에 같은 목표치가 그대로 적혀 있어, 이 요약표를 이미지로 렌더링해 육안 대조했습니다. 프로그램목표Ⅱ-1(중소기업성장안정지원) ②중소기업 보증공급 목표치가 '99.7(조원)'로 인쇄되어 있어 수기입력값(99.7)과 일치함을 확인했습니다. 보고서 실적/달성률은 자동매칭이 이미 EXACT_MATCH로 확인한 값입니다.",2026-07-28,2022년도 성과계획서_중소벤처기업부-176-216.pdf,2,177,169.0,"ASS EI. 금 융 지 원 및 해 외 판 로 지 원 을 Sad 중 소 기 업 의 안 정 적 성 장 을 도 모 한 다 . 프 로 그 램 목 표 ㅣ 1-1. 중 소 기 업 의 안 정 적 성 장 기반 OAS 위해 자 금 을 원 활 히 공 급 한 다 0) 자 금 공 급 수 혜 중 소기 일 반 재 | 。 0 업 매 출 액 증 가 율 (%) 정 6 조 ㅅ 어 ADIL AI @ at ah A 2 중 소 기 업 성 장 안 정 지 원 (2) 중 소 기 업 보 증 공 급 ( 조 원 ) 정 99.7( 조 원 ) @) 매 출 채 권 보 험 _ 보 상 업 월 반 제 2 체 부 도율 감 소 (%),( 하 향 = 하 향 지 표 지 표 ) 될 프 로 그 램 목 표 |1-2. 중 소 기 업 의 글 로 벌 진 출과 해 외 te 확 보 를",2022년도 성과보고서_중소벤처기업부-170-212.pdf,6.0,175.0,,"②중소기업 
보증공급(조원) 
(조원)
투입
기술보증, 
신용보증기금 
일반보증, 
지역신용보증재
단 전체 
보증공급액
목표
신규
102
99.7
실적
신규
신규
112.2
달성률
-
0.0%
112.5%",plan:별첨1;plan_method:OCR;report_method:TEXT
중기부-2022-II1-03,102,중소벤처기업부,2022,Ⅱ,Ⅱ-1,,중소기업성장안정지원,매출채권보험 보상업체 부도율 감소,매출채권보험 보상업체 부도율 감소,%,상향,2.5,1.7,132,,매출채권보험 보상업체 부도율 감소,,,2.5,2.5,2.5,변경사항 없음,2022년도 성과보고서_중소벤처기업부-170-212.pdf,35,204,,False,False,II-1,저탄소생태계조성,2020|2021|2022,매출채권보험 보상업체 부도율 감소,,2.5,1.7,132.0%,2.5,2.5,2.5,1.7,1.7,132.0,132.0,68.0,0.0,0.0,0.0,0.0,0.0,0.0,0.0,0.0,0.0,MATCH_AFTER_CHANGE,EXACT_MATCH,EXACT_MATCH,EXACT_MATCH,EXACT_MATCH,EXACT_MATCH,EXACT_MATCH,OCR_REQUIRED,OCR_REQUIRED,PLAN_TARGET_FROM_CHANGE_TABLE_ONLY;TARGET_CHANGE_REASON_DOCUMENTED_IN_별첨6,[계획서] 2022년도 성과보고서_중소벤처기업부-170-212.pdf 35쪽(원본 204쪽) / [별첨6 변경표] 2022년도 성과보고서_중소벤처기업부-170-212.pdf 35쪽(원본 204쪽),"프로젝트팀(원문 이미지 육안검토, 에이전트 화면 공유로 확인)",CONFIRMED,"2022년도 성과계획서_중소벤처기업부-176-216.pdf 별첨1 세부현황 목표치를 자동추출이 실패해 OCR_REQUIRED로 표시됐던 행입니다. 실제로는 34~37쪽(세부현황, 표 자체가 이미지)이 아니라 1~3쪽(별첨1 총괄현황·요약표, 텍스트 레이어 정상)에 같은 목표치가 그대로 적혀 있어, 이 요약표를 이미지로 렌더링해 육안 대조했습니다. 프로그램목표Ⅱ-1(중소기업성장안정지원) ③매출채권보험 보상업체 부도율 감소 목표치가 '2.5(%)'로 인쇄되어 있어 수기입력값(2.5)과 일치함을 확인했습니다. 보고서 실적/달성률은 자동매칭이 이미 EXACT_MATCH로 확인한 값입니다.",2026-07-28,2022년도 성과보고서_중소벤처기업부-170-212.pdf,35,204,,"3,024,488 3,901,988
매출채권보험 
보상업체 부도율 
감소(%),(하향지표)
0.2
매출채권보험 
보상업체 부도율 
감소(%),(하향지표)
0.2
2.5
2.5
일반
재정
<변경사항 없음>",2022년도 성과보고서_중소벤처기업부-170-212.pdf,6.0,175.0,,"보상업체 부도율 
감소(%),(하향지표
) (%)
결과
보상업체중 
부도업체수/당해
연도 
보상업체수×100
목표
2.2
2.7
2.5
실적
1.1
1.5
1.7
달성률
150.0%
144.4%
132.0%",plan:별첨6만;plan_method:TEXT;report_method:TEXT
중기부-2022-II2-01,102,중소벤처기업부,2022,Ⅱ,Ⅱ-2,,중소기업수출촉진지원,수출지원 기업 수출액 증가율,수출지원 기업 수출액 증가율,%,상향,8.2,4,48.8,,수출지원 기업 수출액 증가율,,,8.2,8.2,8.2,변경사항 없음,2022년도 성과보고서_중소벤처기업부-170-212.pdf,35,204,,False,False,II-2,중소기업수출촉진지원,2020|2021|2022,수출지원 기업 수출액 증가율,,8.2,(4.0),48.8%,8.2,8.2,8.2,4.0,4.0,48.8,48.8,48.78048780487806,0.0,0.0,0.0,0.0,0.0,0.0,0.0,0.0,0.0,MATCH_AFTER_CHANGE,EXACT_MATCH,EXACT_MATCH,EXACT_MATCH,EXACT_MATCH,EXACT_MATCH,EXACT_MATCH,OCR_REQUIRED,OCR_REQUIRED,PLAN_TARGET_FROM_CHANGE_TABLE_ONLY;TARGET_CHANGE_REASON_DOCUMENTED_IN_별첨6,[계획서] 2022년도 성과보고서_중소벤처기업부-170-212.pdf 35쪽(원본 204쪽) / [별첨6 변경표] 2022년도 성과보고서_중소벤처기업부-170-212.pdf 35쪽(원본 204쪽),"프로젝트팀(원문 이미지 육안검토, 에이전트 화면 공유로 확인)",CONFIRMED,"2022년도 성과계획서_중소벤처기업부-176-216.pdf 별첨1 세부현황 목표치를 자동추출이 실패해 OCR_REQUIRED로 표시됐던 행입니다. 실제로는 34~37쪽(세부현황, 표 자체가 이미지)이 아니라 1~3쪽(별첨1 총괄현황·요약표, 텍스트 레이어 정상)에 같은 목표치가 그대로 적혀 있어, 이 요약표를 이미지로 렌더링해 육안 대조했습니다. 프로그램목표Ⅱ-2(중소기업수출촉진지원) ①수출지원 기업 수출액 증가율 목표치가 '8.2(%)'로 인쇄되어 있어 수기입력값(8.2)과 일치함을 확인했습니다. 보고서 실적/달성률은 자동매칭이 이미 EXACT_MATCH로 확인한 값입니다.",2026-07-28,2022년도 성과보고서_중소벤처기업부-170-212.pdf,35,204,,"235,723
수출지원 기업 수출액 
증가율
0.6
수출지원 기업 수출액 
증가율
0.6
8.2
8.2
일반
재정
<변경사항 없음>",2022년도 성과보고서_중소벤처기업부-170-212.pdf,6.0,175.0,,"①수출지원 기업 
수출액 증가율 
(%)
결과
 [(∑지원기업의 
수출액 - 
∑동일기업 
전년도 
수출액)/∑동일
기업 전년도 
수출액]×100
목표
신규
신규
8.2
실적
5.9
22.2
(4.0)
달성률
-
-
48.8%",plan:별첨6만;plan_method:TEXT;report_method:TEXT
중기부-2022-II2-02,102,중소벤처기업부,2022,Ⅱ,Ⅱ-2,,중소기업수출촉진지원,신규수출기업수,신규수출기업수,개,상향,1747,1558,89.2,,신규수출기업수,,,"1,747","1,747","1,747",변경사항 없음,2022년도 성과보고서_중소벤처기업부-170-212.pdf,35,204,,False,False,II-2,중소기업수출촉진지원,2020|2021|2022,신규수출기업수,,"1,747","(1,558)",89.2%,1747.0,1747.0,1747.0,1558.0,1558.0,89.2,89.2,89.18145392100743,0.0,0.0,0.0,0.0,0.0,0.0,0.0,0.0,0.0,MATCH_AFTER_CHANGE,EXACT_MATCH,EXACT_MATCH,EXACT_MATCH,EXACT_MATCH,EXACT_MATCH,EXACT_MATCH,OCR_REQUIRED,OCR_REQUIRED,PLAN_TARGET_FROM_CHANGE_TABLE_ONLY;TARGET_CHANGE_REASON_DOCUMENTED_IN_별첨6,[계획서] 2022년도 성과보고서_중소벤처기업부-170-212.pdf 35쪽(원본 204쪽) / [별첨6 변경표] 2022년도 성과보고서_중소벤처기업부-170-212.pdf 35쪽(원본 204쪽),"프로젝트팀(원문 이미지 육안검토, 에이전트 화면 공유로 확인)",CONFIRMED,"2022년도 성과계획서_중소벤처기업부-176-216.pdf 별첨1 세부현황 목표치를 자동추출이 실패해 OCR_REQUIRED로 표시됐던 행입니다. 실제로는 34~37쪽(세부현황, 표 자체가 이미지)이 아니라 1~3쪽(별첨1 총괄현황·요약표, 텍스트 레이어 정상)에 같은 목표치가 그대로 적혀 있어, 이 요약표를 이미지로 렌더링해 육안 대조했습니다. 프로그램목표Ⅱ-2(중소기업수출촉진지원) ②신규수출기업수 목표치가 '1,747(개)'로 인쇄되어 있어 수기입력값(1747)과 일치함을 확인했습니다. 보고서 실적/달성률은 자동매칭이 이미 EXACT_MATCH로 확인한 값입니다.",2026-07-28,2022년도 성과보고서_중소벤처기업부-170-212.pdf,35,204,,"235,723
신규수출기업수
0.4
신규수출기업수
0.4
1,747
1,747
일반
재정
<변경사항 없음>",2022년도 성과보고서_중소벤처기업부-170-212.pdf,6.0,175.0,,"48.8%
②신규수출기업수 
(개)
결과
지원기업중 
전년도 수출이 
없고 당해연도 
신규수출이 
있는 기업수
목표
신규
신규
1,747
실적
1,545
1,094
(1,558)
달성률
-
-
89.2%",plan:별첨6만;plan_method:TEXT;report_method:TEXT
중기부-2022-III1-01,102,중소벤처기업부,2022,Ⅲ,Ⅲ-1,,창업환경조성,법인창업 기업수,법인창업 기업수,개,상향,114749,113889,99.3,,법인창업 기업수,,,169.0,"114,749","114,749",예산증액,2022년도 성과보고서_중소벤처기업부-170-212.pdf,35,204,,True,False,III-1,창업환경조성,2020|2021|2022,법인창업 기업수,,"114,749","113,889",99.3%,114749.0,169.0,114749.0,113889.0,113889.0,99.3,99.3,99.25053813105124,-114580.0,-99.85272202807867,0.0,0.0,0.0,0.0,0.0,114580.0,67798.81656804733,EXACT_MATCH,VALUE_MISMATCH,EXACT_MATCH,EXACT_MATCH,EXACT_MATCH,EXACT_MATCH,EXACT_MATCH,OCR_REQUIRED,OCR_REQUIRED,OCR_TARGET_CONTRADICTS_CHANGE_TABLE;TARGET_CHANGE_REASON_DOCUMENTED_IN_별첨6,[계획서] 2022년도 성과계획서_중소벤처기업부-176-216.pdf 2쪽(원본 177쪽) / [별첨6 변경표] 2022년도 성과보고서_중소벤처기업부-170-212.pdf 35쪽(원본 204쪽),"프로젝트팀(원문 이미지 육안검토, 에이전트 화면 공유로 확인)",CONFIRMED,"2022년도 성과계획서_중소벤처기업부-176-216.pdf 2쪽(원본 177쪽, 인쇄쪽번호 -169-)을 이미지로 렌더링해 육안 확인. 프로그램목표Ⅲ-1(창업환경조성) ①법인창업 기업수 목표치가 '114,749(개)'로 인쇄되어 있어 수기입력값(114,749)·별첨6 변경전값(114,749)과 모두 일치함을 확인했습니다. OCR 교차검증값 '169'는 이 페이지가 표 전체가 이미지로 렌더링돼 텍스트 레이어가 거의 없는(char_count=7) 페이지라서, 로컬 Tesseract OCR이 목표치 셀 대신 페이지 하단 인쇄쪽번호(-169-)를 잘못 읽어들인 것으로 판단됩니다. 수기값은 정확하며 documented_change_ocr_conflict는 OCR 추출 실패로 인한 오탐임을 확인했습니다.",2026-07-28,2022년도 성과계획서_중소벤처기업부-176-216.pdf,2,177,169.0,"ASS EI. 금 융 지 원 및 해 외 판 로 지 원 을 Sad 중 소 기 업 의 안 정 적 성 장 을 도 모 한 다 . 프 로 그 램 목 표 ㅣ 1-1. 중 소 기 업 의 안 정 적 성 장 기반 OAS 위해 자 금 을 원 활 히 공 급 한 다 0) 자 금 공 급 수 혜 중 소기 일 반 재 | 。 0 업 매 출 액 증 가 율 (%) 정 6 조 ㅅ 어 ADIL AI @ at ah A 2 중 소 기 업 성 장 안 정 지 원 (2) 중 소 기 업 보 증 공 급 ( 조 원 ) 정 99.7( 조 원 ) @) 매 출 채 권 보 험 _ 보 상 업 월 반 제 2 체 부 도율 감 소 (%),( 하 향 = 하 향 지 표 지 표 ) 될 프 로 그 램 목 표 |1-2. 중 소 기 업 의 글 로 벌 진 출과 해 외 te 확 보 를",2022년도 성과보고서_중소벤처기업부-170-212.pdf,7.0,176.0,,"①법인창업 
기업수 (개)
결과
중기부에서 
매달 발표하는 
창업기업 
동향에 
근거하여 ‘20년 
전체 법인 
창업기업 수 
측정
목표
107,903
113,011
114,749
실적
123,305
126,905
113,889
달성률
114.3%
112.3%
99.3%",plan:별첨1;plan_method:OCR;report_method:TEXT
중기부-2022-III1-02,102,중소벤처기업부,2022,Ⅲ,Ⅲ-1,,창업환경조성,수혜 창업기업 2년차 생존율,수혜 창업기업 3년차 생존율,%,상향,80.7,83,102.9,,수혜 창업기업 2년차 생존율,,,80.7,80.7,80.7,예산증액,2022년도 성과보고서_중소벤처기업부-170-212.pdf,35,204,,False,False,,,,,,,,,80.7,80.7,,83.0,,102.9,,,0.0,0.0,,,,,,,,MATCH_AFTER_CHANGE,EXACT_MATCH,OCR_REQUIRED,OCR_REQUIRED,OCR_REQUIRED,OCR_REQUIRED,PDF_MISSING_MANUAL_PRESENT,OCR_REQUIRED,OCR_REQUIRED,PLAN_TARGET_FROM_CHANGE_TABLE_ONLY;TARGET_CHANGE_REASON_DOCUMENTED_IN_별첨6;REPORT_TEXT_LAYER_PUA_GLYPH_OCR_NEEDED;PLAN_REPORT_NAME_CHANGE_DOCUMENTED_IN_별첨6,[계획서] 2022년도 성과보고서_중소벤처기업부-170-212.pdf 35쪽(원본 204쪽) / [보고서] 2022년도 성과보고서_중소벤처기업부-170-212.pdf ?쪽(원본 ?쪽) / [별첨6 변경표] 2022년도 성과보고서_중소벤처기업부-170-212.pdf 35쪽(원본 204쪽),"프로젝트팀(원문 이미지 육안검토, 에이전트 화면 공유로 확인)",CONFIRMED,"2022년도 성과계획서_중소벤처기업부-176-216.pdf 별첨1 세부현황 목표치를 자동추출이 실패해 OCR_REQUIRED로 표시됐던 행입니다. 실제로는 34~37쪽(세부현황, 표 자체가 이미지)이 아니라 1~3쪽(별첨1 총괄현황·요약표, 텍스트 레이어 정상)에 같은 목표치가 그대로 적혀 있어, 이 요약표를 이미지로 렌더링해 육안 대조했습니다. 프로그램목표Ⅲ-1(창업환경조성) ②수혜 창업기업 2년차 생존율 목표치가 '80.7(%)'로 인쇄되어 있어 수기입력값(80.7)과 일치함을 확인했습니다. 2022년도 성과보고서_중소벤처기업부-170-212.pdf 7쪽을 렌더링해 육안 대조한 결과 '22년 실적 83.0, 목표대비달성률 102.9%로 인쇄되어 있어 수기입력값(실적 83, 달성률 102.9)과 일치합니다. 자동추출이 None으로 남은 것은 이 셀의 텍스트 레이어가 PUA(사용자 정의 영역) 글리프로 깨져 있어 발생한 추출 실패이며, 값 자체는 오류가 아닙니다.",2026-07-28,2022년도 성과보고서_중소벤처기업부-170-212.pdf,35,204,,"<예산증액>
3,863,935 3,657,340 수혜 창업기업 2년차 
생존율
0.3
수혜 창업기업 2년차 
생존율
0.3
80.7
80.7
일반
재정
<변경사항 없음>",2022년도 성과보고서_중소벤처기업부-170-212.pdf,,,,,plan:별첨6만;plan_method:TEXT;report_method:NONE
중기부-2022-III1-03,102,중소벤처기업부,2022,Ⅲ,Ⅲ-1,,창업환경조성,자금공급 수혜 중소기업 매출액 증가율,자금공급 수혜 중소기업 매출액 증가율,%,상향,16.6,17.7,106.6,,자금공급 수혜 중소기업 매출액 증가율,,,16.6,16.6,16.6,변경사항 없음,2022년도 성과보고서_중소벤처기업부-170-212.pdf,36,205,,False,False,III-1,창업환경조성,2020|2021|2022,자금공급 수혜 중소기업 매출액 증가율,,16.6,17.7,106.6%,16.6,16.6,16.6,17.7,17.7,106.6,106.6,106.62650602409639,0.0,0.0,0.0,0.0,0.0,0.0,0.0,0.0,0.0,MATCH_AFTER_CHANGE,EXACT_MATCH,EXACT_MATCH,EXACT_MATCH,EXACT_MATCH,EXACT_MATCH,EXACT_MATCH,OCR_REQUIRED,OCR_REQUIRED,PLAN_TARGET_FROM_CHANGE_TABLE_ONLY;TARGET_CHANGE_REASON_DOCUMENTED_IN_별첨6,[계획서] 2022년도 성과보고서_중소벤처기업부-170-212.pdf 36쪽(원본 205쪽) / [별첨6 변경표] 2022년도 성과보고서_중소벤처기업부-170-212.pdf 36쪽(원본 205쪽),"프로젝트팀(원문 이미지 육안검토, 에이전트 화면 공유로 확인)",CONFIRMED,"2022년도 성과계획서_중소벤처기업부-176-216.pdf 2쪽(원본 177쪽)을 이미지로 렌더링해 육안 확인. 프로그램목표Ⅲ-1(창업환경조성) ③자금공급 수혜 중소기업 매출액 증가율 목표치가 '16.6(%)'로 인쇄되어 있어 수기입력값(16.6)과 일치함을 확인했습니다. 자동추출값(planned_target_numeric_pdf=8.13)은 같은 지표명을 먼저 쓰는 프로그램목표Ⅱ-1(중기부-2022-II1-01)의 값을 잘못 가져온 것으로 확인됐습니다(지표명 충돌 버그, _flag_indicator_name_collisions로 AMBIGUOUS 처리됨). 수기값 16.6이 이 행의 정답이며, 자동추출값 8.13은 이 행에는 해당하지 않는 값입니다.",2026-07-28,2022년도 성과보고서_중소벤처기업부-170-212.pdf,36,205,,"3,863,935 3,657,340
자금공급 수혜 
중소기업 매출액 
증가율(%)
0.3
자금공급 수혜 
중소기업 매출액 
증가율(%)
0.3
16.6
16.6
일반
재정
<변경사항 없음>",2022년도 성과보고서_중소벤처기업부-170-212.pdf,7.0,176.0,,"중소기업 매출액 
증가율(%) (%)
결과
[ (∑ 정책자금 
수혜기업 
지원년도 
매출액 - 
∑ 동일기업 
지원전년도 
매출액) / ∑ 
동일기업 
지원전년도 
매출액 ] × 100
목표
신규
15.8
16.6
실적
신규
신규
17.7
달성률
-
0.0%
106.6%",plan:별첨6만;plan_method:TEXT;report_method:TEXT
중기부-2022-III2-01,102,중소벤처기업부,2022,Ⅲ,Ⅲ-2,,벤처기업활성화지원,벤처투자 받은 기업의 일자리 창출,벤처투자 받은 기업의 일자리 창출,만명,상향,2.3,1.9,82.6,,벤처투자 받은 기업의 일자리 창출,,,2.3,2.3,2.3,변경사항 없음,2022년도 성과보고서_중소벤처기업부-170-212.pdf,36,205,,False,False,III-2,벤처기업활성화지원,2020|2021|2022,벤처투자 받은 기업의 일자리 창출,,2.3,1.9,82.6%,2.3,2.3,2.3,1.9,1.9,82.6,82.6,82.6086956521739,0.0,0.0,0.0,0.0,0.0,0.0,0.0,0.0,0.0,MATCH_AFTER_CHANGE,EXACT_MATCH,EXACT_MATCH,EXACT_MATCH,EXACT_MATCH,EXACT_MATCH,EXACT_MATCH,OCR_REQUIRED,OCR_REQUIRED,PLAN_TARGET_FROM_CHANGE_TABLE_ONLY;TARGET_CHANGE_REASON_DOCUMENTED_IN_별첨6,[계획서] 2022년도 성과보고서_중소벤처기업부-170-212.pdf 36쪽(원본 205쪽) / [별첨6 변경표] 2022년도 성과보고서_중소벤처기업부-170-212.pdf 36쪽(원본 205쪽),"프로젝트팀(원문 이미지 육안검토, 에이전트 화면 공유로 확인)",CONFIRMED,"2022년도 성과계획서_중소벤처기업부-176-216.pdf 별첨1 세부현황 목표치를 자동추출이 실패해 OCR_REQUIRED로 표시됐던 행입니다. 실제로는 34~37쪽(세부현황, 표 자체가 이미지)이 아니라 1~3쪽(별첨1 총괄현황·요약표, 텍스트 레이어 정상)에 같은 목표치가 그대로 적혀 있어, 이 요약표를 이미지로 렌더링해 육안 대조했습니다. 프로그램목표Ⅲ-2(벤처기업활성화지원) ①벤처투자 받은 기업의 일자리 창출 목표치가 '2.3(만명)'로 인쇄되어 있어 수기입력값(2.3)과 일치함을 확인했습니다. 보고서 실적/달성률은 자동매칭이 이미 EXACT_MATCH로 확인한 값입니다.",2026-07-28,2022년도 성과보고서_중소벤처기업부-170-212.pdf,36,205,,"574,710
벤처투자 받은 기업의 
일자리 창출
0.4
벤처투자 받은 기업의 
일자리 창출
0.4
2.3
2.3
일반
재정
<변경사항 없음>",2022년도 성과보고서_중소벤처기업부-170-212.pdf,7.0,176.0,,"기업의 일자리 
창출 (만명)
결과
벤처투자 받은 
전체 기업 중 
고용정보 
유효데이터 
기업의 
이전연도 대비 
고용증가 현황 
측정
목표
신규
신규
2.3
실적
신규
(-)
1.9
달성률
-
-
82.6%",plan:별첨6만;plan_method:TEXT;report_method:TEXT
중기부-2022-III2-02,102,중소벤처기업부,2022,Ⅲ,Ⅲ-2,,벤처기업활성화지원,벤처기업 고용인원증가율,벤처기업 고용인원증가율,%,상향,7.9,7.9,100,,벤처기업 고용인원증가율,,,7.90,7.90,7.90,변경사항 없음,2022년도 성과보고서_중소벤처기업부-170-212.pdf,36,205,,False,False,III-2,벤처기업활성화지원,2020|2021|2022,벤처기업 고용인원증가율,,7.90,7.9,100.0%,7.9,7.9,7.9,7.9,7.9,100.0,100.0,100.0,0.0,0.0,0.0,0.0,0.0,0.0,0.0,0.0,0.0,MATCH_AFTER_CHANGE,EXACT_MATCH,EXACT_MATCH,EXACT_MATCH,EXACT_MATCH,EXACT_MATCH,EXACT_MATCH,OCR_REQUIRED,OCR_REQUIRED,PLAN_TARGET_FROM_CHANGE_TABLE_ONLY;TARGET_CHANGE_REASON_DOCUMENTED_IN_별첨6,[계획서] 2022년도 성과보고서_중소벤처기업부-170-212.pdf 36쪽(원본 205쪽) / [별첨6 변경표] 2022년도 성과보고서_중소벤처기업부-170-212.pdf 36쪽(원본 205쪽),"프로젝트팀(원문 이미지 육안검토, 에이전트 화면 공유로 확인)",CONFIRMED,"2022년도 성과계획서_중소벤처기업부-176-216.pdf 별첨1 세부현황 목표치를 자동추출이 실패해 OCR_REQUIRED로 표시됐던 행입니다. 실제로는 34~37쪽(세부현황, 표 자체가 이미지)이 아니라 1~3쪽(별첨1 총괄현황·요약표, 텍스트 레이어 정상)에 같은 목표치가 그대로 적혀 있어, 이 요약표를 이미지로 렌더링해 육안 대조했습니다. 프로그램목표Ⅲ-2(벤처기업활성화지원) ②벤처기업 고용인원증가율 목표치가 '7.90(%)'로 인쇄되어 있어 수기입력값(7.9)과 일치함을 확인했습니다. 보고서 실적/달성률은 자동매칭이 이미 EXACT_MATCH로 확인한 값입니다.",2026-07-28,2022년도 성과보고서_중소벤처기업부-170-212.pdf,36,205,,"574,710
벤처기업 
고용인원증가율
0.4
벤처기업 
고용인원증가율
0.4
7.90
7.90
일반
재정
<변경사항 없음>",2022년도 성과보고서_중소벤처기업부-170-212.pdf,7.0,176.0,,"②벤처기업 
고용인원증가율 
(%)
결과
전년대비 
해당연도 
벤처기업 전체 
채용인원 
증가현황 측정
목표
신규
신규
7.90
실적
신규
(-)
7.9
달성률
-
-
100.0%",plan:별첨6만;plan_method:TEXT;report_method:TEXT
중기부-2022-III2-03,102,중소벤처기업부,2022,Ⅲ,Ⅲ-2,,벤처기업활성화지원,매출 천억원을 달성한 벤처확인 이력기업 수,매출 천억원을 달성한 벤처확인 이력기업 수,개,상향,639,739,115.6,,매출 천억원을 달성한 벤처확인 이력기업 수,,,639,639,639,변경사항 없음,2022년도 성과보고서_중소벤처기업부-170-212.pdf,36,205,,False,False,III-2,벤처기업활성화지원,2020|2021|2022,매출 천억원을 달성한 벤처확인 이력기업 수,,639,739,115.6%,639.0,639.0,639.0,739.0,739.0,115.6,115.6,115.64945226917058,0.0,0.0,0.0,0.0,0.0,0.0,0.0,0.0,0.0,MATCH_AFTER_CHANGE,EXACT_MATCH,EXACT_MATCH,EXACT_MATCH,EXACT_MATCH,EXACT_MATCH,EXACT_MATCH,OCR_REQUIRED,OCR_REQUIRED,PLAN_TARGET_FROM_CHANGE_TABLE_ONLY;TARGET_CHANGE_REASON_DOCUMENTED_IN_별첨6,[계획서] 2022년도 성과보고서_중소벤처기업부-170-212.pdf 36쪽(원본 205쪽) / [별첨6 변경표] 2022년도 성과보고서_중소벤처기업부-170-212.pdf 36쪽(원본 205쪽),"프로젝트팀(원문 이미지 육안검토, 에이전트 화면 공유로 확인)",CONFIRMED,"2022년도 성과계획서_중소벤처기업부-176-216.pdf 별첨1 세부현황 목표치를 자동추출이 실패해 OCR_REQUIRED로 표시됐던 행입니다. 실제로는 34~37쪽(세부현황, 표 자체가 이미지)이 아니라 1~3쪽(별첨1 총괄현황·요약표, 텍스트 레이어 정상)에 같은 목표치가 그대로 적혀 있어, 이 요약표를 이미지로 렌더링해 육안 대조했습니다. 프로그램목표Ⅲ-2(벤처기업활성화지원) ③매출 천억원을 달성한 벤처확인 이력기업 수 목표치가 '639(개)'로 인쇄되어 있어 수기입력값(639)과 일치함을 확인했습니다. 보고서 실적/달성률은 자동매칭이 이미 EXACT_MATCH로 확인한 값입니다.",2026-07-28,2022년도 성과보고서_중소벤처기업부-170-212.pdf,36,205,,"574,710
매출 천억원을 달성한 
벤처확인 이력기업 수
0.2
매출 천억원을 달성한 
벤처확인 이력기업 수
0.2
639
639
일반
재정
<변경사항 없음>",2022년도 성과보고서_중소벤처기업부-170-212.pdf,7.0,176.0,,"달성한 벤처확인 
이력기업 수 (개)
결과
전년 결산기준 
매출 천억원을 
달성한 
벤처확인 
이력기업 수 
측정
목표
600
620
639
실적
617
633
739
달성률
102.8%
102.1%
115.6%",plan:별첨6만;plan_method:TEXT;report_method:TEXT
중기부-2022-IIII1-01,102,중소벤처기업부,2022,Ⅳ,Ⅳ-1,,중소기업기술개발지원,등록특허 SMART 평가,등록특허 SMART 평가,점,상향,4.2,4,95.2,,등록특허 SMART 평가,,,6.0,4.2,4.2,변경사항 없음,2022년도 성과보고서_중소벤처기업부-170-212.pdf,36,205,,True,False,IV-1,중소기업기술개발지원,2020|2021|2022,등록특허 SMART 평가,,4.2,(4.0),95.2%,4.2,6.0,4.2,4.0,4.0,95.2,95.2,95.23809523809523,1.7999999999999998,42.85714285714285,0.0,0.0,0.0,0.0,0.0,-1.7999999999999998,-30.0,EXACT_MATCH,VALUE_MISMATCH,EXACT_MATCH,EXACT_MATCH,EXACT_MATCH,EXACT_MATCH,EXACT_MATCH,OCR_REQUIRED,OCR_REQUIRED,OCR_TARGET_CONTRADICTS_CHANGE_TABLE;TARGET_CHANGE_REASON_DOCUMENTED_IN_별첨6,[계획서] 2022년도 성과계획서_중소벤처기업부-176-216.pdf 2쪽(원본 177쪽) / [별첨6 변경표] 2022년도 성과보고서_중소벤처기업부-170-212.pdf 36쪽(원본 205쪽),"프로젝트팀(원문 이미지 육안검토, 에이전트 화면 공유로 확인)",CONFIRMED,"2022년도 성과계획서_중소벤처기업부-176-216.pdf 2쪽(원본 177쪽, 인쇄쪽번호 -169-)을 이미지로 렌더링해 육안 확인. 프로그램목표Ⅳ-1(중소기업기술개발지원) ①등록특허 SMART 평가 목표치가 '4.2(점)'로 인쇄되어 있어 수기입력값(4.2)·별첨6 변경전값(4.2)과 모두 일치함을 확인했습니다. OCR 교차검증값 '6.0'은 위 III1-01과 같은 이유(표가 이미지라 텍스트 레이어 거의 없음)로 로컬 OCR이 오독한 값으로 판단됩니다. 수기값은 정확하며 documented_change_ocr_conflict는 OCR 추출 실패로 인한 오탐임을 확인했습니다.",2026-07-28,2022년도 성과계획서_중소벤처기업부-176-216.pdf,2,177,169.0,"ASS EI. 금 융 지 원 및 해 외 판 로 지 원 을 Sad 중 소 기 업 의 안 정 적 성 장 을 도 모 한 다 . 프 로 그 램 목 표 ㅣ 1-1. 중 소 기 업 의 안 정 적 성 장 기반 OAS 위해 자 금 을 원 활 히 공 급 한 다 0) 자 금 공 급 수 혜 중 소기 일 반 재 | 。 0 업 매 출 액 증 가 율 (%) 정 6 조 ㅅ 어 ADIL AI @ at ah A 2 중 소 기 업 성 장 안 정 지 원 (2) 중 소 기 업 보 증 공 급 ( 조 원 ) 정 99.7( 조 원 ) @) 매 출 채 권 보 험 _ 보 상 업 월 반 제 2 체 부 도율 감 소 (%),( 하 향 = 하 향 지 표 지 표 ) 될 프 로 그 램 목 표 |1-2. 중 소 기 업 의 글 로 벌 진 출과 해 외 te 확 보 를",2022년도 성과보고서_중소벤처기업부-170-212.pdf,8.0,177.0,,"①등록특허 
SMART 평가 (점)
결과
∑등록특허별 
SMART 등급 
점수 / 
과제수행을 
통해 발생한 
등록 
목표
4.2
4.2
4.2
실적
4.0
3.9
(4.0)
달성률
95.2%
92.9%
95.2%",plan:별첨1;plan_method:OCR;report_method:TEXT
중기부-2022-IIII1-02,102,중소벤처기업부,2022,Ⅳ,Ⅳ-1,,중소기업기술개발지원,정부출연금 1억원 당 누적 매출액,정부출연금 2억원 당 누적 매출액,억원,상향,2.44,2.4,98.4,,정부출연금 1억원 당 누적 매출액,,,2.44,2.44,2.44,변경사항 없음,2022년도 성과보고서_중소벤처기업부-170-212.pdf,36,205,,False,False,,,,,,,,,2.44,2.44,,2.4,,98.4,,,0.0,0.0,,,,,,,,MATCH_AFTER_CHANGE,EXACT_MATCH,OCR_REQUIRED,OCR_REQUIRED,OCR_REQUIRED,OCR_REQUIRED,PDF_MISSING_MANUAL_PRESENT,OCR_REQUIRED,OCR_REQUIRED,PLAN_TARGET_FROM_CHANGE_TABLE_ONLY;TARGET_CHANGE_REASON_DOCUMENTED_IN_별첨6;REPORT_TEXT_LAYER_PUA_GLYPH_OCR_NEEDED;PLAN_REPORT_NAME_CHANGE_DOCUMENTED_IN_별첨6,[계획서] 2022년도 성과보고서_중소벤처기업부-170-212.pdf 36쪽(원본 205쪽) / [보고서] 2022년도 성과보고서_중소벤처기업부-170-212.pdf ?쪽(원본 ?쪽) / [별첨6 변경표] 2022년도 성과보고서_중소벤처기업부-170-212.pdf 36쪽(원본 205쪽),"프로젝트팀(원문 이미지 육안검토, 에이전트 화면 공유로 확인)",CONFIRMED,"2022년도 성과계획서_중소벤처기업부-176-216.pdf 별첨1 세부현황 목표치를 자동추출이 실패해 OCR_REQUIRED로 표시됐던 행입니다. 실제로는 34~37쪽(세부현황, 표 자체가 이미지)이 아니라 1~3쪽(별첨1 총괄현황·요약표, 텍스트 레이어 정상)에 같은 목표치가 그대로 적혀 있어, 이 요약표를 이미지로 렌더링해 육안 대조했습니다. 프로그램목표Ⅳ-1(중소기업기술개발지원) ②정부출연금 1억원 당 누적 매출액 목표치가 '2.44(억원)'로 인쇄되어 있어 수기입력값(2.44)과 일치함을 확인했습니다. 2022년도 성과보고서_중소벤처기업부-170-212.pdf 8쪽을 렌더링해 육안 대조한 결과 '22년 실적 (2.4), 목표대비달성률 98.4%로 인쇄되어 있어 수기입력값(실적 2.4, 달성률 98.4)과 일치합니다. 자동추출이 None으로 남은 것은 이 셀의 텍스트 레이어가 PUA(사용자 정의 영역) 글리프로 깨져 있어 발생한 추출 실패이며, 값 자체는 오류가 아닙니다.",2026-07-28,2022년도 성과보고서_중소벤처기업부-170-212.pdf,36,205,,"<변경사항 없음>
2,028,673 1,902,270 정부출연금 1억원 당 
누적 매출액
0.5
정부출연금 1억원 당 
누적 매출액
0.5
2.44
2.44
R&D
<변경사항 없음>",2022년도 성과보고서_중소벤처기업부-170-212.pdf,,,,,plan:별첨6만;plan_method:TEXT;report_method:NONE
중기부-2022-IIII2-01,102,중소벤처기업부,2022,Ⅳ,Ⅳ-2,,중소기업인력지원,인력양성사업 대상자 취업률,인력양성사업 대상자 취업률,%,상향,68.7,63.6,92.6,,인력양성사업 대상자 취업률,,,68.7,68.7,68.7,변경사항 없음,2022년도 성과보고서_중소벤처기업부-170-212.pdf,36,205,,False,False,IV-2,중소기업인력지원,2020|2021|2022,인력양성사업 대상자 취업률,,68.7,63.6,92.6%,68.7,68.7,68.7,63.6,63.6,92.6,92.6,92.5764192139738,0.0,0.0,0.0,0.0,0.0,0.0,0.0,0.0,0.0,MATCH_AFTER_CHANGE,EXACT_MATCH,EXACT_MATCH,EXACT_MATCH,EXACT_MATCH,EXACT_MATCH,EXACT_MATCH,OCR_REQUIRED,OCR_REQUIRED,PLAN_TARGET_FROM_CHANGE_TABLE_ONLY;TARGET_CHANGE_REASON_DOCUMENTED_IN_별첨6,[계획서] 2022년도 성과보고서_중소벤처기업부-170-212.pdf 36쪽(원본 205쪽) / [별첨6 변경표] 2022년도 성과보고서_중소벤처기업부-170-212.pdf 36쪽(원본 205쪽),"프로젝트팀(원문 이미지 육안검토, 에이전트 화면 공유로 확인)",CONFIRMED,"2022년도 성과계획서_중소벤처기업부-176-216.pdf 별첨1 세부현황 목표치를 자동추출이 실패해 OCR_REQUIRED로 표시됐던 행입니다. 실제로는 34~37쪽(세부현황, 표 자체가 이미지)이 아니라 1~3쪽(별첨1 총괄현황·요약표, 텍스트 레이어 정상)에 같은 목표치가 그대로 적혀 있어, 이 요약표를 이미지로 렌더링해 육안 대조했습니다. 프로그램목표Ⅳ-2(중소기업인력지원) ①인력양성사업 대상자 취업률 목표치가 '68.7(%)'로 인쇄되어 있어 수기입력값(68.7)과 일치함을 확인했습니다. 보고서 실적/달성률은 자동매칭이 이미 EXACT_MATCH로 확인한 값입니다.",2026-07-28,2022년도 성과보고서_중소벤처기업부-170-212.pdf,36,205,,"425,917
인력양성사업 대상자 
취업률
0.5
인력양성사업 대상자 
취업률
0.5
68.7
68.7
일반
재정
<변경사항 없음>",2022년도 성과보고서_중소벤처기업부-170-212.pdf,8.0,177.0,,"①인력양성사업 
대상자 취업률 
(%)
결과
(∑취업자수/∑
취업지원사업 
지원인원수) × 
100
목표
68.6
67.7
68.7
실적
66.7
66.3
63.6
달성률
97.2%
97.9%
92.6%",plan:별첨6만;plan_method:TEXT;report_method:TEXT
중기부-2022-IIII2-02,102,중소벤처기업부,2022,Ⅳ,Ⅳ-2,,중소기업인력지원,인력지원사업 만족도,인력지원사업 만족도,점,상향,4.4,4.51,102.5,,인력지원사업 만족도,,,4.40,4.40,4.40,변경사항 없음,2022년도 성과보고서_중소벤처기업부-170-212.pdf,37,206,,False,False,IV-2,중소기업인력지원,2020|2021|2022,인력지원사업 만족도,,4.40,4.51,102.5%,4.4,4.4,4.4,4.51,4.51,102.5,102.5,102.49999999999999,0.0,0.0,0.0,0.0,0.0,0.0,0.0,0.0,0.0,MATCH_AFTER_CHANGE,EXACT_MATCH,EXACT_MATCH,EXACT_MATCH,EXACT_MATCH,EXACT_MATCH,EXACT_MATCH,OCR_REQUIRED,OCR_REQUIRED,PLAN_TARGET_FROM_CHANGE_TABLE_ONLY;TARGET_CHANGE_REASON_DOCUMENTED_IN_별첨6,[계획서] 2022년도 성과보고서_중소벤처기업부-170-212.pdf 37쪽(원본 206쪽) / [별첨6 변경표] 2022년도 성과보고서_중소벤처기업부-170-212.pdf 37쪽(원본 206쪽),"프로젝트팀(원문 이미지 육안검토, 에이전트 화면 공유로 확인)",CONFIRMED,"2022년도 성과계획서_중소벤처기업부-176-216.pdf 별첨1 세부현황 목표치를 자동추출이 실패해 OCR_REQUIRED로 표시됐던 행입니다. 실제로는 34~37쪽(세부현황, 표 자체가 이미지)이 아니라 1~3쪽(별첨1 총괄현황·요약표, 텍스트 레이어 정상)에 같은 목표치가 그대로 적혀 있어, 이 요약표를 이미지로 렌더링해 육안 대조했습니다. 프로그램목표Ⅳ-2(중소기업인력지원) ②인력지원사업 만족도 목표치가 '4.40(점)'로 인쇄되어 있어 수기입력값(4.4)과 일치함을 확인했습니다. 보고서 실적/달성률은 자동매칭이 이미 EXACT_MATCH로 확인한 값입니다.",2026-07-28,2022년도 성과보고서_중소벤처기업부-170-212.pdf,37,206,,"425,917
인력지원사업 만족도
0.5
인력지원사업 만족도
0.5
4.40
4.40
일반
재정
<변경사항 없음>",2022년도 성과보고서_중소벤처기업부-170-212.pdf,8.0,177.0,,"②인력지원사업 
만족도 (점)
결과
∑(특성화고, 
기술사관, 
계약학과, 
연수사업 , 
제조데이터촉진
자양성 
만족도)/∑(특성
화고, 기술사관, 
계약학과,
연수사업, 
제조데이터촉진
자양성 만족도 
응답수)×100
목표
4.19
4.34
4.40
실적
4.37
4.56
4.51
달성률
104.3%
105.1%
102.5%",plan:별첨6만;plan_method:TEXT;report_method:TEXT
중기부-2022-IIIII1-01,102,중소벤처기업부,2022,Ⅴ,Ⅴ-1,,소상공인·전통시장지원,정책수혜소상공인생존율,정책수혜소상공인생존율,%,상향,44.7,,,,정책수혜소상공인생존율,,,89.1,44.7,89.1,실적치 확정 변경,2022년도 성과보고서_중소벤처기업부-170-212.pdf,37,206,,False,False,V-1,소상공인·전통시장지원,2020|2021|2022,정책수혜소상공인생존율,,89.1,86.9,97.5%,44.7,89.1,89.1,,86.9,,97.5,97.53086419753087,44.39999999999999,99.32885906040266,44.39999999999999,99.32885906040266,,,,0.0,0.0,MATCH_AFTER_CHANGE,VALUE_MISMATCH,EXACT_MATCH,MATCH_AFTER_CHANGE,MANUAL_MISSING_PDF_PRESENT,MANUAL_MISSING_PDF_PRESENT,EXACT_MATCH,OCR_REQUIRED,OCR_REQUIRED,PLAN_TARGET_FROM_CHANGE_TABLE_ONLY;TARGET_CHANGE_REASON_DOCUMENTED_IN_별첨6;REPORT_TARGET_CHANGE_CONFIRMED_BY_별첨6,[계획서] 2022년도 성과보고서_중소벤처기업부-170-212.pdf 37쪽(원본 206쪽) / [보고서] 2022년도 성과보고서_중소벤처기업부-170-212.pdf 8쪽(원본 177쪽) / [별첨6 변경표] 2022년도 성과보고서_중소벤처기업부-170-212.pdf 37쪽(원본 206쪽),"프로젝트팀(원문 이미지 육안검토, 에이전트 화면 공유로 확인)",CONFIRMED,"2022년도 성과계획서_중소벤처기업부-176-216.pdf 3쪽(별첨1 총괄현황·요약표)을 렌더링해 육안 대조한 결과 프로그램목표Ⅴ-1(소상공인·전통시장지원) ①정책수혜소상공인생존율 목표치가 '44.7(%)'로 인쇄되어 있어 수기입력값(44.7)과 정확히 일치합니다. 자동추출값(VALUE_MISMATCH로 표시된 89.1)은 오류가 아니라, 별첨6 변경사항표에 변경전 44.7→변경후 89.1, 변경사유 '실적치 확정 변경'으로 명확히 문서화된 개정치입니다. 즉 계획서 원문에 실린 최초 목표치는 수기값(44.7)이 맞고, 별첨6이 가리키는 개정 목표치(89.1)는 2022년도 성과보고서_중소벤처기업부-170-212.pdf 8쪽 목표대비달성률 표의 '22년 목표' 칸에 그대로 실려 있어 두 값 모두 각자 문서상 정확합니다(전년도 실적 확정에 따른 사후 목표 개정으로, VALUE_MISMATCH가 아니라 MATCH_AFTER_CHANGE 성격의 차이로 해석해야 함). 이 행의 실적/달성률은 수기입력에는 비어 있었으나(MANUAL_MISSING_PDF_PRESENT), 같은 보고서 페이지에서 '22년 실적 86.9, 달성률 97.5%로 육안 확인해 자동추출값을 그대로 채택합니다.",2026-07-28,2022년도 성과보고서_중소벤처기업부-170-212.pdf,37,206,,"1
정책수혜소상공인생
존율
0.7
정책수혜소상공인생
존율
0.7
44.7
89.1
일반
재정
<실적치 확정 변경>",2022년도 성과보고서_중소벤처기업부-170-212.pdf,8.0,177.0,,"①정책수혜소상공
인생존율 (%)
결과
소상공인지원정
책 수혜 
소상공인의 
3년차 생존율
목표
-
41.7
89.1
실적
-
86.6
86.9
달성률
-
207.7%
97.5%",plan:별첨6만;plan_method:TEXT;report_method:TEXT
중기부-2022-IIIII1-02,102,중소벤처기업부,2022,Ⅴ,Ⅴ-1,,소상공인·전통시장지원,전통시장매출액,전통시장매출액,조원,상향,28.7,,,,전통시장매출액,,,28.7,28.7,25.6,실적치 확정 변경,2022년도 성과보고서_중소벤처기업부-170-212.pdf,37,206,,False,False,V-1,소상공인·전통시장지원,2020|2021|2022,전통시장매출액,,25.6,25.3,98.8%,28.7,28.7,25.6,,25.3,,98.8,98.828125,0.0,0.0,-3.099999999999998,-10.80139372822299,,,,-3.099999999999998,-10.80139372822299,EXACT_MATCH,EXACT_MATCH,EXACT_MATCH,MATCH_AFTER_CHANGE,MANUAL_MISSING_PDF_PRESENT,MANUAL_MISSING_PDF_PRESENT,EXACT_MATCH,OCR_REQUIRED,OCR_REQUIRED,TARGET_CHANGE_REASON_DOCUMENTED_IN_별첨6;REPORT_TARGET_CHANGE_CONFIRMED_BY_별첨6,[보고서] 2022년도 성과보고서_중소벤처기업부-170-212.pdf 8쪽(원본 177쪽) / [별첨6 변경표] 2022년도 성과보고서_중소벤처기업부-170-212.pdf 37쪽(원본 206쪽),"프로젝트팀(원문 이미지 육안검토, 에이전트 화면 공유로 확인)",CONFIRMED,"2022년도 성과계획서_중소벤처기업부-176-216.pdf 별첨1 세부현황 목표치를 자동추출이 실패해 OCR_REQUIRED로 표시됐던 행입니다. 실제로는 34~37쪽(세부현황, 표 자체가 이미지)이 아니라 1~3쪽(별첨1 총괄현황·요약표, 텍스트 레이어 정상)에 같은 목표치가 그대로 적혀 있어, 이 요약표를 이미지로 렌더링해 육안 대조했습니다. 프로그램목표Ⅴ-1(소상공인·전통시장지원) ②전통시장매출액 목표치가 '28.7(조원)'로 인쇄되어 있어 수기입력값(28.7)과 일치함을 확인했습니다. 2022년도 성과보고서_중소벤처기업부-170-212.pdf 8쪽을 렌더링해 육안 대조한 결과 '22년 실적 25.3, 목표대비달성률 98.8%로 인쇄되어 있습니다. 수기입력(Excel)에는 이 행의 실적/달성률이 원래 비어 있었고(MANUAL_MISSING_PDF_PRESENT), 자동추출값이 이 원문과 일치함을 확인했으므로 자동추출값을 그대로 채택합니다.",2026-07-28,2022년도 성과계획서_중소벤처기업부-176-216.pdf,3,178,170.0,"프 로 그 램 목 표 1/-2. 기 술 인 력 양 성 근 무 환 경 AM SS sad 중 소 기 업 의 인 력 유 입 여 건 을 조 성 한 다 . 0) 인 력 양 성 사 업 _ 대 상 자 일 반 。 취 업 률 재 정 68.7(%) 중 소 기 업 인 력 지 원 의 브 전 략 목 표 \. 소 상 공 인 육 성 및 동 반 성장 문 화 확 산 으 로 AMA 생 태 계 를 조 성 한 다 . 프 로 그 램 목 표 \-1. 소 상 공 인 및 전 통 시 장 AAS Sol 자 생 력 을 제 고 한 다 . 1) 정 책 수 혜 소 상 공 인 생 존 일 반 ㅅ OSA ral SEAT 44.7(%) 소 상 공 인 - 전 통 시 장 지 |F s 원 , 일 반 재 @ 전 통 시 장 매 출 액 = 28.7( 조 원 ) 프 로 그 램 목",2022년도 성과보고서_중소벤처기업부-170-212.pdf,8.0,177.0,,"97.5%
②전통시장매출액 
(조원)
결과
전국 전통시장 
매출액 합산
목표
23.4
27.2
25.6
실적
25.8
25.1
25.3
달성률
110.3%
92.3%
98.8%",plan:별첨1;plan_method:OCR;report_method:TEXT
중기부-2022-IIIII2-01,102,중소벤처기업부,2022,Ⅴ,Ⅴ-2,,동반성장지원,대중소기업 간 상생협력 프로그램 운영 실적,대중소기업 간 상생협력 프로그램 운영 실적,건,상향,2900,,,,대중소기업 간 상생협력 프로그램 운영 실적,,,"3,342","2,900","3,342",실적치 확정 변경,2022년도 성과보고서_중소벤처기업부-170-212.pdf,37,206,,False,False,V-2,동반성장지원,2020|2021|2022,대중소기업 간 상생협력 프로그램 운영 실적,,"3,342",4023,120.4%,2900.0,3342.0,3342.0,,4023.0,,120.4,120.3770197486535,442.0,15.241379310344827,442.0,15.241379310344827,,,,0.0,0.0,MATCH_AFTER_CHANGE,VALUE_MISMATCH,EXACT_MATCH,MATCH_AFTER_CHANGE,MANUAL_MISSING_PDF_PRESENT,MANUAL_MISSING_PDF_PRESENT,EXACT_MATCH,OCR_REQUIRED,OCR_REQUIRED,PLAN_TARGET_FROM_CHANGE_TABLE_ONLY;TARGET_CHANGE_REASON_DOCUMENTED_IN_별첨6;REPORT_TARGET_CHANGE_CONFIRMED_BY_별첨6,[계획서] 2022년도 성과보고서_중소벤처기업부-170-212.pdf 37쪽(원본 206쪽) / [보고서] 2022년도 성과보고서_중소벤처기업부-170-212.pdf 9쪽(원본 178쪽) / [별첨6 변경표] 2022년도 성과보고서_중소벤처기업부-170-212.pdf 37쪽(원본 206쪽),"프로젝트팀(원문 이미지 육안검토, 에이전트 화면 공유로 확인)",CONFIRMED,"2022년도 성과계획서_중소벤처기업부-176-216.pdf 3쪽(별첨1 총괄현황·요약표)을 렌더링해 육안 대조한 결과 프로그램목표Ⅴ-2(동반성장지원) ①대중소기업 간 상생협력 프로그램 운영 실적 목표치가 '2,900(건)'로 인쇄되어 있어 수기입력값(2900)과 정확히 일치합니다. 자동추출값(VALUE_MISMATCH로 표시된 3,342)은 오류가 아니라, 별첨6 변경사항표에 변경전 2,900→변경후 3,342, 변경사유 '실적치 확정 변경'으로 명확히 문서화된 개정치입니다. 즉 계획서 원문에 실린 최초 목표치는 수기값(2900)이 맞고, 별첨6이 가리키는 개정 목표치(3,342)는 2022년도 성과보고서_중소벤처기업부-170-212.pdf 9쪽 목표대비달성률 표의 '22년 목표' 칸에 그대로 실려 있어 두 값 모두 각자 문서상 정확합니다(전년도 실적 확정에 따른 사후 목표 개정으로, VALUE_MISMATCH가 아니라 MATCH_AFTER_CHANGE 성격의 차이로 해석해야 함). 이 행의 실적/달성률은 수기입력에는 비어 있었으나(MANUAL_MISSING_PDF_PRESENT), 같은 보고서 페이지에서 '22년 실적 4023, 달성률 120.4%로 육안 확인해 자동추출값을 그대로 채택합니다.",2026-07-28,2022년도 성과보고서_중소벤처기업부-170-212.pdf,37,206,,"143,052
대중소기업 간 
상생협력 프로그램 
운영 실적
0.5
대중소기업 간 
상생협력 프로그램 
운영 실적
0.5
2,900
3,342
일반
재정
<실적치 확정 변경>",2022년도 성과보고서_중소벤처기업부-170-212.pdf,9.0,178.0,,"프로그램 운영 
실적 (건)
결과
∑해당연도 
상생협력 
프로그램 등록 
건수
목표
-
신규
3,342
실적
2,362
3,183
4023
달성률
-
-
120.4%",plan:별첨6만;plan_method:TEXT;report_method:TEXT
중기부-2022-IIIII2-02,102,중소벤처기업부,2022,Ⅴ,Ⅴ-2,,동반성장지원,장애인 창업률,장애인 창업률,%,상향,40.6,,,,장애인 창업률,,,40.6,40.6,43.4,실적치 확정 변경,2022년도 성과보고서_중소벤처기업부-170-212.pdf,37,206,,False,False,V-2,동반성장지원,2020|2021|2022,장애인 창업률,,43.4,45.1,103.9%,40.6,40.6,43.4,,45.1,,103.9,103.91705069124424,0.0,0.0,2.799999999999997,6.896551724137924,,,,2.799999999999997,6.896551724137924,EXACT_MATCH,EXACT_MATCH,EXACT_MATCH,MATCH_AFTER_CHANGE,MANUAL_MISSING_PDF_PRESENT,MANUAL_MISSING_PDF_PRESENT,EXACT_MATCH,OCR_REQUIRED,OCR_REQUIRED,TARGET_CHANGE_REASON_DOCUMENTED_IN_별첨6;REPORT_TARGET_CHANGE_CONFIRMED_BY_별첨6,[보고서] 2022년도 성과보고서_중소벤처기업부-170-212.pdf 9쪽(원본 178쪽) / [별첨6 변경표] 2022년도 성과보고서_중소벤처기업부-170-212.pdf 37쪽(원본 206쪽),"프로젝트팀(원문 이미지 육안검토, 에이전트 화면 공유로 확인)",CONFIRMED,"2022년도 성과계획서_중소벤처기업부-176-216.pdf 별첨1 세부현황 목표치를 자동추출이 실패해 OCR_REQUIRED로 표시됐던 행입니다. 실제로는 34~37쪽(세부현황, 표 자체가 이미지)이 아니라 1~3쪽(별첨1 총괄현황·요약표, 텍스트 레이어 정상)에 같은 목표치가 그대로 적혀 있어, 이 요약표를 이미지로 렌더링해 육안 대조했습니다. 프로그램목표Ⅴ-2(동반성장지원) ②장애인 창업률 목표치가 '40.6(%)'로 인쇄되어 있어 수기입력값(40.6)과 일치함을 확인했습니다. 2022년도 성과보고서_중소벤처기업부-170-212.pdf 9쪽을 렌더링해 육안 대조한 결과 '22년 실적 45.1, 목표대비달성률 103.9%로 인쇄되어 있습니다. 수기입력(Excel)에는 이 행의 실적/달성률이 원래 비어 있었고(MANUAL_MISSING_PDF_PRESENT), 자동추출값이 이 원문과 일치함을 확인했으므로 자동추출값을 그대로 채택합니다.",2026-07-28,2022년도 성과계획서_중소벤처기업부-176-216.pdf,3,178,170.0,"프 로 그 램 목 표 1/-2. 기 술 인 력 양 성 근 무 환 경 AM SS sad 중 소 기 업 의 인 력 유 입 여 건 을 조 성 한 다 . 0) 인 력 양 성 사 업 _ 대 상 자 일 반 。 취 업 률 재 정 68.7(%) 중 소 기 업 인 력 지 원 의 브 전 략 목 표 \. 소 상 공 인 육 성 및 동 반 성장 문 화 확 산 으 로 AMA 생 태 계 를 조 성 한 다 . 프 로 그 램 목 표 \-1. 소 상 공 인 및 전 통 시 장 AAS Sol 자 생 력 을 제 고 한 다 . 1) 정 책 수 혜 소 상 공 인 생 존 일 반 ㅅ OSA ral SEAT 44.7(%) 소 상 공 인 - 전 통 시 장 지 |F s 원 , 일 반 재 @ 전 통 시 장 매 출 액 = 28.7( 조 원 ) 프 로 그 램 목",2022년도 성과보고서_중소벤처기업부-170-212.pdf,9.0,178.0,,"120.4%
②장애인 창업률 
(%)
결과
(B/A)×100
- A : ‘22년 
창업컨설팅프로
그램 수료생 수
- B : ‘22년 
창업컨설팅프로
그램 수료생 중 
창업자 수
목표
신규
38.7
43.4
실적
35.2
44.0
45.1
달성률
-
113.7%
103.9%",plan:별첨1;plan_method:OCR;report_method:TEXT
